<?xml version="1.0" encoding="utf-8"?>
<COLLADA xmlns="http://www.collada.org/2005/11/COLLADASchema" version="1.4.1" xmlns:xsi="http://www.w3.org/2001/XMLSchema-instance">
  <asset>
    <contributor>
      <author>Blender User</author>
      <authoring_tool>Blender 4.2.19 LTS commit date:2026-03-16, commit time:16:57, hash:12a2dfa84963</authoring_tool>
    </contributor>
    <created>2026-03-18T23:48:18</created>
    <modified>2026-03-18T23:48:18</modified>
    <unit name="meter" meter="1"/>
    <up_axis>Z_UP</up_axis>
  </asset>
  <library_cameras>
    <camera id="Camera-camera" name="Camera">
      <optics>
        <technique_common>
          <perspective>
            <xfov sid="xfov">39.59775</xfov>
            <aspect_ratio>1.777778</aspect_ratio>
            <znear sid="znear">0.1</znear>
            <zfar sid="zfar">100</zfar>
          </perspective>
        </technique_common>
      </optics>
      <extra>
        <technique profile="blender">
          <shiftx sid="shiftx" type="float">0</shiftx>
          <shifty sid="shifty" type="float">0</shifty>
          <dof_distance sid="dof_distance" type="float">10</dof_distance>
        </technique>
      </extra>
    </camera>
  </library_cameras>
  <library_lights>
    <light id="Light-light" name="Light">
      <technique_common>
        <point>
          <color sid="color">1000 1000 1000</color>
          <constant_attenuation>1</constant_attenuation>
          <linear_attenuation>0</linear_attenuation>
          <quadratic_attenuation>0</quadratic_attenuation>
        </point>
      </technique_common>
      <extra>
        <technique profile="blender">
          <type sid="type" type="int">0</type>
          <flag sid="flag" type="int">0</flag>
          <mode sid="mode" type="int">2097153</mode>
          <red sid="red" type="float">1</red>
          <green sid="green" type="float">1</green>
          <blue sid="blue" type="float">1</blue>
          <shadow_r sid="blender_shadow_r" type="float">0</shadow_r>
          <shadow_g sid="blender_shadow_g" type="float">0</shadow_g>
          <shadow_b sid="blender_shadow_b" type="float">0</shadow_b>
          <energy sid="blender_energy" type="float">1000</energy>
          <spotsize sid="spotsize" type="float">75</spotsize>
          <spotblend sid="spotblend" type="float">0.15</spotblend>
          <clipsta sid="clipsta" type="float">0.04999995</clipsta>
          <clipend sid="clipend" type="float">30.002</clipend>
          <bias sid="bias" type="float">1</bias>
          <radius sid="radius" type="float">0.1</radius>
          <area_shape sid="area_shape" type="int">1</area_shape>
          <area_size sid="area_size" type="float">0.1</area_size>
          <area_sizey sid="area_sizey" type="float">0.1</area_sizey>
          <area_sizez sid="area_sizez" type="float">1</area_sizez>
        </technique>
      </extra>
    </light>
  </library_lights>
  <library_effects>
    <effect id="_4_37_248_001-effect">
      <profile_COMMON>
        <technique sid="common">
          <lambert>
            <emission>
              <color sid="emission">0 0 0 1</color>
            </emission>
            <diffuse>
              <color sid="diffuse">0.094118 0.145098 0.972549 1</color>
            </diffuse>
            <index_of_refraction>
              <float sid="ior">1.5</float>
            </index_of_refraction>
          </lambert>
        </technique>
      </profile_COMMON>
    </effect>
    <effect id="_90_188_186_001-effect">
      <profile_COMMON>
        <technique sid="common">
          <lambert>
            <emission>
              <color sid="emission">0 0 0 1</color>
            </emission>
            <diffuse>
              <color sid="diffuse">0.745098 0.737255 0.729412 1</color>
            </diffuse>
            <index_of_refraction>
              <float sid="ior">1.5</float>
            </index_of_refraction>
          </lambert>
        </technique>
      </profile_COMMON>
    </effect>
  </library_effects>
  <library_images/>
  <library_materials>
    <material id="_4_37_248_001-material" name="24,37,248.001">
      <instance_effect url="#_4_37_248_001-effect"/>
    </material>
    <material id="_90_188_186_001-material" name="190,188,186.001">
      <instance_effect url="#_90_188_186_001-effect"/>
    </material>
  </library_materials>
  <library_geometries>
    <geometry id="acopleSuctionCupGripperV2-mesh" name="acopleSuctionCupGripperV2">
      <mesh>
        <source id="acopleSuctionCupGripperV2-mesh-positions">
          <float_array id="acopleSuctionCupGripperV2-mesh-positions-array" count="3102">-15.39949 -5.765882 -10.75 -15.39949 -5.765882 10.75 -15.39949 34 -10.75 -15.39949 34 10.75 -15.30873 -7.253248 -10.75 -15.30873 -7.253248 10.75 -15.2666 35.00939 -10.75 -15.2666 35.00939 10.75 -14.9566 -8.701175 -10.75 -14.9566 -8.701175 10.75 -14.87699 35.95 -10.75 -14.87699 35.95 10.75 -14.35415 -10.0641 -10.75 -14.35415 -10.0641 10.75 -14.2572 36.75772 -10.75 -14.2572 36.75772 10.75 -13.52037 -11.29912 -10.75 -13.52037 -11.29912 10.75 -13.44949 37.3775 -10.75 -13.44949 37.3775 10.75 -12.99949 -5.802141 -10.75 -12.99949 -5.802141 10.75 -12.99949 34 -10.75 -12.99949 34 10.75 -12.91879 -7.000248 -10.75 -12.91879 -7.000248 10.75 -12.88531 34.57402 -10.75 -12.88531 34.57402 10.75 -12.60112 -8.158289 -10.75 -12.60112 -8.158289 10.75 -12.56015 35.06066 -10.75 -12.56015 35.06066 10.75 -12.50888 37.76711 -10.75 -12.50888 37.76711 10.75 -12.48147 -12.36739 -10.75 -12.48147 -12.36739 10.75 -12.07351 35.38582 -10.75 -12.07351 35.38582 10.75 -12.05922 -9.229882 -10.75 -12.05922 -9.229882 10.75 -11.49949 35.5 -10.75 -11.49949 35.5 10.75 -11.49949 37.9 -10.75 -11.49949 37.9 10.75 -11.31478 -10.1721 -10.75 -11.31478 -10.1721 10.75 -11.27016 -13.23528 -10.75 -11.27016 -13.23528 10.75 -11.24949 37.9 -10.75 -11.24949 37.9 10.75 -10.67546 38.01418 -10.75 -10.67546 38.01418 10.75 -10.39762 -10.94721 -10.75 -10.39762 -10.94721 10.75 -10.18883 38.33934 -10.75 -10.18883 38.33934 10.75 -9.92456 -13.87547 -10.75 -9.92456 -13.87547 10.75 -9.86367 38.82597 -10.75 -9.86367 38.82597 10.75 -9.750512 47.5 -10.75 -9.750512 47.5 10.75 -9.750512 49 -10.75 -9.750512 49 10.75 -9.749488 35.5 -10.75 -9.749488 35.5 10.75 -9.749488 39.4 -10.75 -9.749488 39.4 10.75 -9.749488 42.5 -5.375 -9.749488 42.5 5.375 -9.749488 42.62968 -5.985105 -9.749488 42.62968 -4.764895 -9.749488 42.62968 4.764895 -9.749488 42.62968 5.985105 -9.749488 42.9963 -6.489717 -9.749488 42.9963 -4.260283 -9.749488 42.9963 4.260283 -9.749488 42.9963 6.489717 -9.749488 43.53647 -6.801585 -9.749488 43.53647 -3.948415 -9.749488 43.53647 3.948415 -9.749488 43.53647 6.801585 -9.749488 44.15679 -6.866783 -9.749488 44.15679 -3.883217 -9.749488 44.15679 3.883217 -9.749488 44.15679 6.866783 -9.749488 44.75 -6.674038 -9.749488 44.75 -4.075962 -9.749488 44.75 4.075962 -9.749488 44.75 6.674038 -9.749488 45.21352 -6.256678 -9.749488 45.21352 -4.493322 -9.749488 45.21352 4.493322 -9.749488 45.21352 6.256678 -9.749488 45.46722 -5.686868 -9.749488 45.46722 -5.063133 -9.749488 45.46722 5.063133 -9.749488 45.46722 5.686868 -9.749488 47.5 -10.75 -9.749488 47.5 10.75 -9.344482 -11.52416 -10.75 -9.344482 -11.52416 10.75 -8.714213 35.63629 -10.75 -8.714213 35.63629 10.75 -8.487011 -14.26783 -10.75 -8.487011 -14.26783 10.75 -8.197546 -11.87984 -10.75 -8.197546 -11.87984 10.75 -7.749488 36.0359 -10.75 -7.749488 36.0359 10.75 -7.002751 -14.4 -10.75 -7.002751 -14.4 10.75 -7.002751 -12 -10.75 -7.002751 -12 10.75 -6.921061 36.67157 -10.75 -6.921061 36.67157 10.75 -6.285387 37.5 -10.75 -6.285387 37.5 10.75 -5.885785 38.46472 -10.75 -5.885785 38.46472 10.75 -5.749488 39.5 -10.75 -5.749488 39.5 10.75 -5.749488 42.5 -5.375 -5.749488 42.5 5.375 -5.749488 42.62968 -5.985105 -5.749488 42.62968 -4.764895 -5.749488 42.62968 4.764895 -5.749488 42.62968 5.985105 -5.749488 42.9963 -6.489717 -5.749488 42.9963 -4.260283 -5.749488 42.9963 4.260283 -5.749488 42.9963 6.489717 -5.749488 43.53647 -6.801585 -5.749488 43.53647 -3.948415 -5.749488 43.53647 3.948415 -5.749488 43.53647 6.801585 -5.749488 44.15679 -6.866783 -5.749488 44.15679 -3.883217 -5.749488 44.15679 3.883217 -5.749488 44.15679 6.866783 -5.749488 44.75 -6.674038 -5.749488 44.75 -4.075962 -5.749488 44.75 4.075962 -5.749488 44.75 6.674038 -5.749488 45.21352 -6.256678 -5.749488 45.21352 -4.493322 -5.749488 45.21352 4.493322 -5.749488 45.21352 6.256678 -5.749488 45.46722 -5.686868 -5.749488 45.46722 -5.063133 -5.749488 45.46722 5.063133 -5.749488 45.46722 5.686868 -5.749488 49 -10.75 -5.749488 49 10.75 5.750512 39.5 -10.75 5.750512 39.5 10.75 5.750512 42.5 -5.375 5.750512 42.5 5.375 5.750512 42.62968 -5.985105 5.750512 42.62968 -4.764895 5.750512 42.62968 4.764895 5.750512 42.62968 5.985105 5.750512 42.9963 -6.489717 5.750512 42.9963 -4.260283 5.750512 42.9963 4.260283 5.750512 42.9963 6.489717 5.750512 43.53647 -6.801585 5.750512 43.53647 -3.948415 5.750512 43.53647 3.948415 5.750512 43.53647 6.801585 5.750512 44.15679 -6.866783 5.750512 44.15679 -3.883217 5.750512 44.15679 3.883217 5.750512 44.15679 6.866783 5.750512 44.75 -6.674038 5.750512 44.75 -4.075962 5.750512 44.75 4.075962 5.750512 44.75 6.674038 5.750512 45.21352 -6.256678 5.750512 45.21352 -4.493322 5.750512 45.21352 4.493322 5.750512 45.21352 6.256678 5.750512 45.46722 -5.686868 5.750512 45.46722 -5.063133 5.750512 45.46722 5.063133 5.750512 45.46722 5.686868 5.750512 49 -10.75 5.750512 49 10.75 5.886809 38.46472 -10.75 5.886809 38.46472 10.75 6.28641 37.5 -10.75 6.28641 37.5 10.75 6.922085 36.67157 -10.75 6.922085 36.67157 10.75 7.000512 -14.4 -10.75 7.000512 -14.4 10.75 7.000512 -12 -10.75 7.000512 -12 10.75 7.750512 36.0359 -10.75 7.750512 36.0359 10.75 8.171054 -11.88471 -10.75 8.171054 -11.88471 10.75 8.459156 -14.27238 -10.75 8.459156 -14.27238 10.75 8.715236 35.63629 -10.75 8.715236 35.63629 10.75 9.296612 -11.54328 -10.75 9.296612 -11.54328 10.75 9.750513 35.5 -10.75 9.750513 35.5 10.75 9.750513 39.4 -10.75 9.750513 39.4 10.75 9.750513 42.5 -5.375 9.750513 42.5 5.375 9.750513 42.62968 -5.985105 9.750513 42.62968 -4.764895 9.750513 42.62968 4.764895 9.750513 42.62968 5.985105 9.750513 42.9963 -6.489717 9.750513 42.9963 -4.260283 9.750513 42.9963 4.260283 9.750513 42.9963 6.489717 9.750513 43.53647 -6.801585 9.750513 43.53647 -3.948415 9.750513 43.53647 3.948415 9.750513 43.53647 6.801585 9.750513 44.15679 -6.866783 9.750513 44.15679 -3.883217 9.750513 44.15679 3.883217 9.750513 44.15679 6.866783 9.750513 44.75 -6.674038 9.750513 44.75 -4.075962 9.750513 44.75 4.075962 9.750513 44.75 6.674038 9.750513 45.21352 -6.256678 9.750513 45.21352 -4.493322 9.750513 45.21352 4.493322 9.750513 45.21352 6.256678 9.750513 45.46722 -5.686868 9.750513 45.46722 -5.063133 9.750513 45.46722 5.063133 9.750513 45.46722 5.686868 9.750513 49 -10.75 9.750513 49 10.75 9.864693 38.82597 -10.75 9.864693 38.82597 10.75 9.873481 -13.89342 -10.75 9.873481 -13.89342 10.75 10.18985 38.33934 -10.75 10.18985 38.33934 10.75 10.33393 -10.98882 -10.75 10.33393 -10.98882 10.75 10.67649 38.01418 -10.75 10.67649 38.01418 10.75 11.20051 -13.27461 -10.75 11.20051 -13.27461 10.75 11.24315 -10.24264 -10.75 11.24315 -10.24264 10.75 11.25051 37.9 -10.75 11.25051 37.9 10.75 11.50051 35.5 -10.75 11.50051 35.5 10.75 11.50051 37.9 -10.75 11.50051 37.9 10.75 11.98933 -9.333422 -10.75 11.98933 -9.333422 10.75 12.07454 35.38582 -10.75 12.07454 35.38582 10.75 12.39993 -12.43477 -10.75 12.39993 -12.43477 10.75 12.50991 37.76711 -10.75 12.50991 37.76711 10.75 12.54379 -8.2961 -10.75 12.54379 -8.2961 10.75 12.56117 35.06066 -10.75 12.56117 35.06066 10.75 12.88522 -7.170542 -10.75 12.88522 -7.170542 10.75 12.88633 34.57402 -10.75 12.88633 34.57402 10.75 13.00051 -6 -10.75 13.00051 -6 10.75 13.00051 34 -10.75 13.00051 34 10.75 13.43528 -11.39942 -10.75 13.43528 -11.39942 10.75 13.45051 37.3775 -10.75 13.45051 37.3775 10.75 14.25823 36.75772 -10.75 14.25823 36.75772 10.75 14.27512 -10.2 -10.75 14.27512 -10.2 10.75 14.87801 35.95 -10.75 14.87801 35.95 10.75 14.89393 -8.872969 -10.75 14.89393 -8.872969 10.75 15.26762 35.00939 -10.75 15.26762 35.00939 10.75 15.2729 -7.458645 -10.75 15.2729 -7.458645 10.75 15.40051 -6 -10.75 15.40051 -6 10.75 15.40051 34 -10.75 15.40051 34 10.75 -9.749488 45.40447 -7.622211 -10.74949 45.40447 -7.622211 -9.749488 45.82808 -7.293493 -10.74949 45.82808 -7.293493 -11.0585 45.59461 -7.429926 -11.0585 45.14831 -7.708854 -11.0585 45.97562 -7.06687 -9.749488 44.92336 -7.858929 -10.74949 44.92336 -7.858929 -9.749488 46.17685 -6.886231 -10.74949 46.17685 -6.886231 -11.33727 45.50753 -7.31771 -11.33727 45.0856 -7.581406 -11.33727 45.86773 -6.97448 -11.0585 44.655 -7.892233 -11.0585 46.27575 -6.634548 -9.749488 44.40445 -7.993954 -10.74949 44.40445 -7.993954 -9.749488 46.4365 -6.417099 -10.74949 46.4365 -6.417099 -11.33727 44.61923 -7.754771 -11.33727 46.15147 -6.565766 -11.5585 45.3719 -7.142929 -11.5585 44.98793 -7.382901 -11.5585 45.6997 -6.830578 -11.0585 44.13488 -7.972557 -11.0585 46.48271 -6.15066 -11.5585 44.56352 -7.540669 -11.5585 45.95791 -6.458636 -11.33727 44.12751 -7.830709 -11.33727 46.34713 -6.108303 -9.749488 43.86898 -8.021759 -10.74949 43.86898 -8.021759 -9.749488 46.5964 -5.905303 -10.74949 46.5964 -5.905303 -11.70055 45.201 -6.922693 -11.70055 44.86486 -7.13277 -11.70055 45.48796 -6.649252 -11.5585 44.11604 -7.609774 -11.5585 46.13597 -6.042329 -11.70055 44.49332 -7.270885 -11.70055 45.71401 -6.323644 -11.0585 43.60923 -7.946536 -11.0585 46.58803 -5.635017 -11.33727 43.63057 -7.806109 -11.33727 46.4467 -5.620818 -11.74949 44.84019 -6.79506 -11.74949 45.16695 -6.541498 -9.749488 43.33887 -7.941205 -10.74949 43.33887 -7.941205 -9.749488 46.65 -5.371797 -10.74949 46.65 -5.371797 -11.70055 44.10158 -7.331381 -11.70055 45.86988 -5.959198 -11.5585 43.66381 -7.587388 -11.5585 46.22658 -5.598702 -11.74949 44.46064 -6.959395 -11.74949 45.42039 -6.214641 15.25051 44.74966 -6.674233 -9.749488 44.74966 -6.674233 15.25051 45.07239 -6.423798 -9.749488 45.07239 -6.423798 -11.0585 43.09959 -7.815236 15.25051 44.37133 -6.82831 -9.749488 44.37133 -6.82831 15.25051 45.31558 -6.095578 -9.749488 45.31558 -6.095578 -11.0585 46.58739 -5.108728 -11.70055 43.70569 -7.311783 -11.70055 45.9492 -5.570835 -11.74949 44.05215 -7.024176 -11.74949 45.58457 -5.835026 -11.33727 43.14876 -7.681979 -11.33727 46.4461 -5.123269 -11.5585 43.22534 -7.474426 -11.5585 46.22603 -5.145916 -9.749488 42.83583 -7.755591 -10.74949 42.83583 -7.755591 -9.749488 46.59511 -4.838422 -10.74949 46.59511 -4.838422 15.25051 43.96546 -6.874602 -9.749488 43.96546 -6.874602 15.25051 45.46121 -5.713916 -9.749488 45.46121 -5.713916 -9.749488 44.17263 -6.633385 -11.74949 44.17263 -6.633385 -9.749488 45.1761 -5.854693 -11.74949 45.1761 -5.854693 -11.74949 43.64038 -6.985333 -11.74949 45.6492 -5.426506 -11.70055 43.32184 -7.212893 -11.70055 45.94873 -5.174454 -11.0585 42.6268 -7.584033 -11.0585 46.48083 -4.593341 15.25051 43.56216 -6.809676 -9.749488 43.56216 -6.809676 15.25051 45.49846 -5.307118 -9.749488 45.49846 -5.307118 -11.33727 42.70179 -7.463401 -11.33727 46.34535 -4.636026 -11.5585 42.81859 -7.275513 -11.5585 46.13434 -4.702509 -11.74949 43.2512 -6.845307 -11.74949 45.61019 -5.014749 -11.70055 42.96576 -7.03876 -11.70055 45.86846 -4.786284 -9.749488 42.38045 -7.472515 -10.74949 42.38045 -7.472515 -9.749488 46.43397 -4.327014 -10.74949 46.43397 -4.327014 15.25051 43.19132 -6.638346 -9.749488 43.19132 -6.638346 15.25051 45.42458 -4.905355 -9.749488 45.42458 -4.905355 -11.0585 42.21024 -7.262392 -11.0585 46.2727 -4.109954 -11.33727 42.30797 -7.159324 -11.33727 46.14859 -4.179036 -11.5585 42.4602 -6.998793 -11.5585 45.95528 -4.286634 -11.74949 42.90908 -6.612896 -11.74949 45.47001 -4.625629 -11.70055 42.65202 -6.796512 -11.70055 45.71171 -4.422216 -9.749488 41.99138 -7.103566 -10.74949 41.99138 -7.103566 -9.749488 46.17319 -3.858511 -10.74949 46.17319 -3.858511 15.25051 42.88047 -6.373319 -9.749488 42.88047 -6.373319 15.25051 45.24504 -4.538423 -9.749488 45.24504 -4.538423 -9.749488 42.99652 -6.153692 -11.74949 42.99652 -6.153692 -9.749488 45.00348 -4.596308 -11.74949 45.00348 -4.596308 -11.70055 42.39346 -6.496067 -11.70055 45.48488 -4.097155 -11.74949 42.6355 -6.302704 -11.74949 45.23747 -4.283594 -11.5585 42.16485 -6.655595 -11.5585 45.69617 -3.915317 -11.33727 41.98343 -6.782197 -11.33727 45.86386 -3.77101 -11.0585 41.86694 -6.86348 -11.0585 45.97152 -3.678359 15.25051 42.65264 -6.034252 -9.749488 42.65264 -6.034252 15.25051 44.97317 -4.233536 -9.749488 44.97317 -4.233536 -9.749488 41.68453 -6.66385 -10.74949 41.68453 -6.66385 -9.749488 45.82344 -3.452094 -10.74949 45.82344 -3.452094 -11.70055 42.20068 -6.149725 -11.70055 45.19725 -3.824409 -11.74949 42.44765 -5.934221 -11.74949 44.92717 -4.010136 -11.5585 41.94464 -6.259969 -11.5585 45.36762 -3.603759 -11.33727 41.74144 -6.347458 -11.33727 45.50283 -3.428651 -11.0585 41.61098 -6.40363 -11.0585 45.58963 -3.316225 15.25051 42.52474 -5.646291 -9.749488 42.52474 -5.646291 15.25051 44.62912 -4.013306 -9.749488 44.62912 -4.013306 -11.70055 42.08156 -5.771666 -11.70055 44.86061 -3.615144 -11.74949 42.35735 -5.530599 -11.74949 44.55861 -3.822438 -9.749488 41.47249 -6.171368 -10.74949 41.47249 -6.171368 -9.749488 45.39904 -3.1244 -10.74949 45.39904 -3.1244 -11.5585 41.80857 -5.828112 -11.5585 44.98308 -3.364717 15.25051 42.50625 -5.238209 -9.749488 42.50625 -5.238209 15.25051 44.23841 -3.894067 -9.749488 44.23841 -3.894067 -11.33727 41.59192 -5.872907 -11.33727 45.08027 -3.165976 -9.749488 42.82389 -4.895307 -11.74949 42.82389 -4.895307 -9.749488 43.82737 -4.116615 -11.74949 43.82737 -4.116615 -11.0585 41.45282 -5.901668 -11.0585 45.14266 -3.038377 -11.70055 42.04098 -5.377368 -11.70055 44.48874 -3.477928 -11.74949 42.37026 -5.117201 -11.74949 44.15496 -3.732292 15.25051 42.59855 -4.840273 -9.749488 42.59855 -4.840273 15.25051 43.83002 -3.884663 -9.749488 43.83002 -3.884663 -11.5585 41.76221 -5.377705 -11.5585 44.55829 -3.207975 -9.749488 41.36392 -5.646282 -10.74949 41.36392 -5.646282 -9.749488 44.91735 -2.888846 -10.74949 44.91735 -2.888846 15.25051 42.79478 -4.481995 -9.749488 42.79478 -4.481995 15.25051 43.43423 -3.985789 -9.749488 43.43423 -3.985789 -11.74949 42.48558 -4.720002 -11.74949 43.74156 -3.745365 -11.70055 42.08061 -4.982972 -11.70055 44.09686 -3.418379 15.25051 43.08041 -4.189947 -9.749488 43.08041 -4.189947 -11.33727 41.54098 -5.377972 -11.33727 44.61348 -2.993739 -11.0585 41.39894 -5.378144 -11.0585 44.64892 -2.85619 -11.74949 42.69605 -4.363958 -11.74949 43.34441 -3.860833 -11.74949 42.98845 -4.071442 -11.5585 41.80748 -4.927187 -11.5585 44.11064 -3.139952 -11.70055 42.19881 -4.604627 -11.70055 43.70101 -3.438934 -9.749488 41.36327 -5.110091 -10.74949 41.36327 -5.110091 -9.749488 44.39812 -2.755076 -10.74949 44.39812 -2.755076 -11.33727 41.59072 -4.882915 -11.33727 44.12158 -2.91899 -11.70055 42.39076 -4.25782 -11.70055 43.3174 -3.538751 -11.70055 42.64859 -3.956751 -11.70055 42.96174 -3.713745 -11.5585 41.9425 -4.495002 -11.5585 43.65846 -3.163431 -11.0585 41.45156 -4.854491 -11.0585 44.1286 -2.777125 -11.5585 42.16176 -4.098845 -11.5585 43.22027 -3.277453 -11.33727 41.7391 -4.408004 -11.33727 43.6247 -2.944791 -9.749488 41.47057 -4.584744 -10.74949 41.47057 -4.584744 -9.749488 43.86258 -2.728565 -10.74949 43.86258 -2.728565 -11.5585 42.45628 -3.754934 -11.5585 42.81399 -3.477348 -11.0585 41.6085 -4.352148 -11.0585 43.60302 -2.804416 -11.33727 41.98003 -3.972682 -11.33727 43.14318 -3.070086 -9.749488 41.68143 -4.091751 -10.74949 41.68143 -4.091751 -9.749488 43.33267 -2.8104 -10.74949 43.33267 -2.8104 -11.33727 42.30366 -3.594771 -11.33727 42.69675 -3.289743 -11.0585 41.86335 -3.891681 -11.0585 43.09369 -2.936947 -11.0585 42.20568 -3.49194 -11.0585 42.62147 -3.169293 -9.749488 41.9872 -3.651294 -10.74949 41.9872 -3.651294 -9.749488 42.83008 -2.99723 -10.74949 42.83008 -2.99723 -9.749488 42.37538 -3.281406 -10.74949 42.37538 -3.281406 9.750513 45.57355 3.24276 10.75051 45.57355 3.24276 9.750513 45.11212 2.969654 10.75051 45.11212 2.969654 11.05953 45.32483 3.136626 11.05953 45.74829 3.449132 11.05953 44.84713 2.915759 9.750513 45.97055 3.60316 10.75051 45.97055 3.60316 9.750513 44.60516 2.795024 10.75051 44.60516 2.795024 11.3383 45.25248 3.25886 11.3383 45.65282 3.5543 11.3383 44.80087 3.050054 11.05953 46.10018 3.840483 11.05953 44.33475 2.795574 9.750513 46.28688 4.036099 10.75051 46.28688 4.036099 9.750513 44.07343 2.726018 10.75051 44.07343 2.726018 11.3383 45.98549 3.924281 11.3383 44.31647 2.936432 11.55953 45.1398 3.449244 11.55953 45.50412 3.718104 11.55953 44.72882 3.259224 11.05953 46.36608 4.294658 11.05953 43.80866 2.780991 11.55953 45.80686 4.054798 11.55953 44.28799 3.155824 11.3383 46.23688 4.353653 11.3383 43.81911 2.922645 9.750513 46.50959 4.523853 10.75051 46.50959 4.523853 9.750513 43.53869 2.765461 10.75051 43.53869 2.765461 11.70157 44.99781 3.689141 11.70157 45.31674 3.924509 11.70157 44.63803 3.522793 11.55953 46.03563 4.445541 11.55953 43.83538 3.143278 11.70157 45.58177 4.21926 11.70157 44.25212 3.432274 11.05953 46.53512 4.793062 11.05953 43.2904 2.872607 11.3383 46.39668 4.82484 11.3383 43.32915 3.009258 11.75051 45.01175 4.071599 11.75051 44.65583 3.860935 9.750513 46.62955 5.046453 10.75051 46.62955 5.046453 9.750513 43.02284 2.91174 10.75051 43.02284 2.91174 11.70157 45.78204 4.561327 11.70157 43.85589 3.421291 11.55953 46.18106 4.874337 11.55953 43.38951 3.222098 11.75051 45.30411 4.364161 11.75051 44.25869 3.745405 -15.24949 44.93267 4.200211 9.750513 44.93267 4.200211 -15.24949 44.58113 3.992144 9.750513 44.58113 3.992144 11.05953 46.60037 5.31529 -15.24949 45.21504 4.495406 9.750513 45.21504 4.495406 -15.24949 44.18649 3.886638 9.750513 44.18649 3.886638 11.05953 42.8012 3.066671 11.70157 45.90935 4.936706 11.70157 43.46556 3.490292 11.75051 45.51453 4.720237 11.75051 43.8453 3.732268 11.3383 46.45837 5.318551 11.3383 42.86667 3.192725 11.55953 46.23719 5.323629 11.55953 42.96863 3.389059 9.750513 46.64186 5.582504 10.75051 46.64186 5.582504 9.750513 42.54699 3.158864 10.75051 42.54699 3.158864 -15.24949 45.40729 4.855837 9.750513 45.40729 4.855837 -15.24949 43.77802 3.891516 9.750513 43.77802 3.891516 9.750513 45.10681 4.751857 11.75051 45.10681 4.751857 9.750513 44.01374 4.104904 11.75051 44.01374 4.104904 11.75051 45.62977 5.117454 11.75051 43.44163 3.822351 11.70157 45.9585 5.330029 11.70157 43.09711 3.636454 11.05953 46.55916 5.839963 11.05953 42.36108 3.355238 -15.24949 45.49517 5.254772 9.750513 45.49517 5.254772 -15.24949 43.38601 4.006418 9.750513 43.38601 4.006418 11.3383 46.41941 5.814572 11.3383 42.45058 3.465534 11.55953 46.20174 5.775025 11.55953 42.58998 3.637324 11.75051 45.64262 5.530855 11.75051 43.07304 4.009992 11.70157 45.92746 5.725193 11.70157 42.76563 3.853792 9.750513 46.54601 6.11006 10.75051 46.54601 6.11006 9.750513 42.13063 3.496717 10.75051 42.13063 3.496717 -15.24949 45.47216 5.662623 9.750513 45.47216 5.662623 -15.24949 43.03954 4.222821 9.750513 43.03954 4.222821 11.05953 46.41318 6.345601 11.05953 41.98805 3.726495 11.3383 46.2814 6.292598 11.3383 42.09792 3.816517 11.55953 46.07614 6.210044 11.55953 42.26905 3.95673 11.75051 45.55226 5.934462 11.75051 42.7627 4.283402 11.70157 45.81751 6.10602 11.70157 42.48468 4.133409 9.750513 46.34593 6.607522 10.75051 46.34593 6.607522 9.750513 41.7908 3.911468 10.75051 41.7908 3.911468 -15.24949 45.33997 6.049143 9.750513 45.33997 6.049143 -15.24949 42.7643 4.524676 9.750513 42.7643 4.524676 9.750513 45.09306 6.021953 11.75051 45.09306 6.021953 9.750513 42.90694 4.728047 11.75051 42.90694 4.728047 11.70157 45.63315 6.456919 11.70157 42.26576 4.463856 11.75051 45.36436 6.302916 11.75051 42.5301 4.6254 11.55953 45.86555 6.610876 11.55953 42.01898 4.3342 11.3383 46.04999 6.733057 11.3383 41.82314 4.231305 11.05953 46.1684 6.811502 11.05953 41.69739 4.165242 -15.24949 45.1084 6.385665 9.750513 45.1084 6.385665 -15.24949 42.58071 4.889596 9.750513 42.58071 4.889596 9.750513 46.0498 7.054524 10.75051 46.0498 7.054524 9.750513 41.54141 4.386136 10.75051 41.54141 4.386136 11.70157 45.38193 6.763524 11.70157 42.11785 4.831606 11.75051 45.09073 6.613066 11.75051 42.38986 5.014499 11.55953 45.57859 6.961111 11.55953 41.85002 4.754281 11.3383 45.73465 7.117917 11.3383 41.63747 4.692915 11.05953 45.83485 7.218592 11.05953 41.50101 4.653516 -15.24949 44.79462 6.64723 9.750513 44.79462 6.64723 -15.24949 42.50238 5.290515 9.750513 42.50238 5.290515 11.70157 45.07414 7.013282 11.70157 42.047 5.221602 11.75051 44.74857 6.845423 11.75051 42.35079 5.42625 9.750513 45.66976 7.432767 10.75051 45.66976 7.432767 9.750513 41.39268 4.901288 10.75051 41.39268 4.901288 11.55953 45.22699 7.24641 11.55953 41.76908 5.199774 -15.24949 44.42191 6.81444 9.750513 44.42191 6.81444 -15.24949 42.53512 5.697701 9.750513 42.53512 5.697701 11.3383 45.34829 7.431421 11.3383 41.54853 5.18245 9.750513 43.98625 6.645096 11.75051 43.98625 6.645096 9.750513 42.89319 5.998143 11.75051 42.89319 5.998143 11.05953 45.42617 7.550206 11.05953 41.40693 5.171328 11.70157 44.72237 7.19597 11.70157 42.05609 5.617879 11.75051 44.35937 6.985389 11.75051 42.41535 5.83478 -15.24949 44.01791 6.874893 9.750513 44.01791 6.874893 -15.24949 42.67651 6.080953 9.750513 42.67651 6.080953 11.55953 44.82516 7.455094 11.55953 41.77948 5.65244 9.750513 45.22135 7.726764 10.75051 45.22135 7.726764 9.750513 41.3507 5.435833 10.75051 41.3507 5.435833 -15.24949 43.61258 6.824106 9.750513 43.61258 6.824106 -15.24949 42.91605 6.411849 9.750513 42.91605 6.411849 11.75051 43.94759 7.024168 11.75051 42.57948 6.21442 11.70157 44.34102 7.304106 11.70157 42.14478 6.004212 -15.24949 43.23598 6.665845 9.750513 43.23598 6.665845 11.3383 44.90674 7.660736 11.3383 41.55995 5.679869 11.05953 44.95911 7.792766 11.05953 41.41901 5.697479 11.75051 43.53911 6.959323 11.75051 42.83287 6.541317 11.75051 43.15958 6.79493 11.55953 44.38955 7.578618 11.55953 41.88078 6.093748 11.70157 43.94572 7.333265 11.70157 42.30942 6.364785 9.750513 44.72294 7.92448 10.75051 44.72294 7.92448 9.750513 41.41717 5.967889 10.75051 41.41717 5.967889 11.3383 44.42806 7.796472 11.3383 41.67127 6.164805 11.70157 43.55263 7.282252 11.70157 42.54326 6.684836 11.70157 43.17786 7.153156 11.70157 42.83675 6.951262 11.55953 43.93799 7.611926 11.55953 42.06885 6.505631 11.05953 44.45279 7.936343 11.05953 41.53676 6.210427 11.55953 43.48897 7.553654 11.55953 42.33597 6.871225 11.3383 43.93186 7.833073 11.3383 41.87793 6.617407 9.750513 44.19494 8.017821 10.75051 44.19494 8.017821 9.750513 41.58939 6.475671 10.75051 41.58939 6.475671 11.55953 43.06087 7.406188 11.55953 42.67122 7.175564 11.05953 43.92792 7.975058 11.05953 41.75535 6.689172 11.3383 43.43845 7.76904 11.3383 42.17146 7.019145 9.750513 43.65895 8.002964 10.75051 43.65895 8.002964 9.750513 41.8603 6.938392 10.75051 41.8603 6.938392 11.3383 42.96803 7.606995 11.3383 42.53985 7.353571 11.05953 43.40601 7.907326 11.05953 42.06584 7.114115 11.05953 42.90842 7.735921 11.05953 42.45551 7.467859 9.750513 43.13693 7.880516 10.75051 43.13693 7.880516 9.750513 42.21881 7.337107 10.75051 42.21881 7.337107 9.750513 42.65024 7.655493 10.75051 42.65024 7.655493 12.75051 45.57025 -7.933839 9.750513 45.57025 -7.933839 12.75051 42.5691 -8.014293 9.750513 42.5691 -8.014293 12.75051 47.00114 -5.294546 9.750513 47.00114 -5.294546 12.75051 44.78454 -6.653473 9.750513 44.78454 -6.653473 12.75051 44.58523 -6.756123 9.750513 44.58523 -6.756123 12.75051 44.96633 -6.522263 9.750513 44.96633 -6.522263 12.75051 44.37285 -6.827922 9.750513 44.37285 -6.827922 12.75051 45.12652 -6.365426 9.750513 45.12652 -6.365426 12.75051 44.15214 -6.867265 9.750513 44.15214 -6.867265 12.75051 45.26156 -6.186464 9.750513 45.26156 -6.186464 12.75051 43.92803 -6.873272 9.750513 43.92803 -6.873272 12.75051 45.36841 -5.989375 9.750513 45.36841 -5.989375 12.75051 43.70553 -6.845811 9.750513 43.70553 -6.845811 12.75051 45.44469 -5.778562 9.750513 45.44469 -5.778562 12.75051 43.4896 -6.785495 9.750513 43.4896 -6.785495 12.75051 45.4887 -5.558735 9.750513 45.4887 -5.558735 12.75051 43.28508 -6.69367 9.750513 43.28508 -6.69367 12.75051 45.49946 -5.334803 9.750513 45.49946 -5.334803 12.75051 43.09653 -6.572389 9.750513 43.09653 -6.572389 12.75051 45.47672 -5.111768 9.750513 45.47672 -5.111768 12.75051 42.92816 -6.42436 9.750513 42.92816 -6.42436 12.75051 45.421 -4.894614 9.750513 45.421 -4.894614 12.75051 42.78373 -6.252889 9.750513 42.78373 -6.252889 12.75051 45.33353 -4.688191 9.750513 45.33353 -4.688191 12.75051 42.66647 -6.061809 9.750513 42.66647 -6.061809 12.75051 45.21627 -4.497111 9.750513 45.21627 -4.497111 12.75051 42.579 -5.855386 9.750513 42.579 -5.855386 12.75051 45.07184 -4.32564 9.750513 45.07184 -4.32564 12.75051 42.52328 -5.638232 9.750513 42.52328 -5.638232 12.75051 44.90347 -4.177611 9.750513 44.90347 -4.177611 12.75051 42.50054 -5.415197 9.750513 42.50054 -5.415197 12.75051 44.71492 -4.05633 9.750513 44.71492 -4.05633 12.75051 42.51129 -5.191265 9.750513 42.51129 -5.191265 12.75051 44.51039 -3.964505 9.750513 44.51039 -3.964505 12.75051 42.5553 -4.971438 9.750513 42.5553 -4.971438 12.75051 44.29447 -3.904189 9.750513 44.29447 -3.904189 12.75051 42.63159 -4.760625 9.750513 42.63159 -4.760625 12.75051 44.07197 -3.876728 9.750513 44.07197 -3.876728 12.75051 42.73844 -4.563536 9.750513 42.73844 -4.563536 12.75051 43.84786 -3.882735 9.750513 43.84786 -3.882735 12.75051 42.87347 -4.384574 9.750513 42.87347 -4.384574 12.75051 43.62715 -3.922078 9.750513 43.62715 -3.922078 12.75051 43.03367 -4.227737 9.750513 43.03367 -4.227737 12.75051 43.41476 -3.993877 9.750513 43.41476 -3.993877 12.75051 43.21546 -4.096527 9.750513 43.21546 -4.096527 12.75051 40.99885 -5.455454 9.750513 40.99885 -5.455454 12.75051 45.4309 -2.735707 9.750513 45.4309 -2.735707 12.75051 42.42975 -2.816161 9.750513 42.42975 -2.816161 -9.749488 46.29885 3.444043 -12.74949 46.29885 3.444043 -9.749488 43.47717 2.418654 -12.74949 43.47717 2.418654 -9.749488 46.82168 6.400389 -12.74949 46.82168 6.400389 -9.749488 45.14858 4.410236 -12.74949 45.14858 4.410236 -9.749488 44.99196 4.249825 -12.74949 44.99196 4.249825 -9.749488 45.27954 4.592198 -12.74949 45.27954 4.592198 -9.749488 44.81318 4.114549 -12.74949 44.81318 4.114549 -9.749488 45.38192 4.791647 -12.74949 45.38192 4.791647 -9.749488 44.61624 4.007429 -12.74949 44.61624 4.007429 -9.749488 45.45343 5.004127 -12.74949 45.45343 5.004127 -9.749488 44.40553 3.930858 -12.74949 44.40553 3.930858 -9.749488 45.49247 5.224891 -12.74949 45.49247 5.224891 -9.749488 44.18576 3.886547 -12.74949 44.18576 3.886547 -9.749488 45.49817 5.449009 -12.74949 45.49817 5.449009 -9.749488 43.96184 3.875485 -12.74949 43.96184 3.875485 -9.749488 45.47041 5.671474 -12.74949 45.47041 5.671474 -9.749488 43.73878 3.897921 -12.74949 43.73878 3.897921 -9.749488 45.4098 5.887315 -12.74949 45.4098 5.887315 -9.749488 43.52155 3.953351 -12.74949 43.52155 3.953351 -9.749488 45.31769 6.091713 -12.74949 45.31769 6.091713 -9.749488 43.31501 4.040539 -12.74949 43.31501 4.040539 -9.749488 45.19616 6.2801 -12.74949 45.19616 6.2801 -9.749488 43.12377 4.157537 -12.74949 43.12377 4.157537 -9.749488 45.0479 6.448269 -12.74949 45.0479 6.448269 -9.749488 42.9521 4.301731 -12.74949 42.9521 4.301731 -9.749488 44.87623 6.592463 -12.74949 44.87623 6.592463 -9.749488 42.80384 4.4699 -12.74949 42.80384 4.4699 -9.749488 44.68499 6.709461 -12.74949 44.68499 6.709461 -9.749488 42.6823 4.658287 -12.74949 42.6823 4.658287 -9.749488 44.47845 6.796649 -12.74949 44.47845 6.796649 -9.749488 42.5902 4.862685 -12.74949 42.5902 4.862685 -9.749488 44.26122 6.852079 -12.74949 44.26122 6.852079 -9.749488 42.52959 5.078526 -12.74949 42.52959 5.078526 -9.749488 44.03815 6.874515 -12.74949 44.03815 6.874515 -9.749488 42.50183 5.300991 -12.74949 42.50183 5.300991 -9.749488 43.81424 6.863453 -12.74949 43.81424 6.863453 -9.749488 42.50753 5.525109 -12.74949 42.50753 5.525109 -9.749488 43.59447 6.819142 -12.74949 43.59447 6.819142 -9.749488 42.54657 5.745873 -12.74949 42.54657 5.745873 -9.749488 43.38376 6.742571 -12.74949 43.38376 6.742571 -9.749488 42.61808 5.958353 -12.74949 42.61808 5.958353 -9.749488 43.18682 6.635451 -12.74949 43.18682 6.635451 -9.749488 42.72046 6.157802 -12.74949 42.72046 6.157802 -9.749488 43.00804 6.500175 -12.74949 43.00804 6.500175 -9.749488 42.85142 6.339764 -12.74949 42.85142 6.339764 -9.749488 41.17831 4.349611 -12.74949 41.17831 4.349611 -9.749488 44.52283 8.331346 -12.74949 44.52283 8.331346 -9.749488 41.70114 7.305957 -12.74949 41.70114 7.305957</float_array>
          <technique_common>
            <accessor source="#acopleSuctionCupGripperV2-mesh-positions-array" count="1034" stride="3">
              <param name="X" type="float"/>
              <param name="Y" type="float"/>
              <param name="Z" type="float"/>
            </accessor>
          </technique_common>
        </source>
        <source id="acopleSuctionCupGripperV2-mesh-normals">
          <float_array id="acopleSuctionCupGripperV2-mesh-normals-array" count="12027">0 0.9135667 0.4066889 -2.30558e-5 0.9135668 0.4066886 0 1 3.73572e-5 2.30521e-5 1 4.87715e-5 0 0.9135622 0.4066991 0 1 4.84288e-5 0 1 -4.84288e-5 -2.30521e-5 1 -4.87715e-5 0 0.9135622 -0.4066991 2.30558e-5 0.9135668 -0.4066886 0 1 -3.73572e-5 0 0.9135667 -0.4066889 0 0.9135268 -0.4067785 -2.3067e-5 0.9135269 -0.4067785 0 0.6691631 -0.7431156 2.3067e-5 0.6691631 -0.7431157 0 0.9135268 -0.4067785 0 0.6691631 -0.7431156 0 0.6690988 -0.7431735 -2.29999e-5 0.6690988 -0.7431735 0 0.3090614 -0.9510422 2.29999e-5 0.3090614 -0.9510422 0 0.6690988 -0.7431735 0 0.3090614 -0.9510422 0 0.3089734 -0.9510707 -2.32384e-5 0.3089734 -0.9510707 0 -0.104485 -0.9945265 2.32384e-5 -0.104485 -0.9945265 0 0.3089734 -0.9510707 0 -0.104485 -0.9945265 0 -0.1045729 -0.9945173 -2.29217e-5 -0.1045728 -0.9945173 0 -0.4999613 -0.8660478 2.29254e-5 -0.4999644 -0.8660461 0 -0.1045764 -0.994517 0 -0.4999643 -0.866046 0 -0.5000399 -0.8660025 -2.29888e-5 -0.5000399 -0.8660025 0 -0.8089915 -0.5878204 2.29888e-5 -0.8089915 -0.5878204 0 -0.5000399 -0.8660025 0 -0.8089915 -0.5878204 0 -0.8090461 -0.5877453 -2.30707e-5 -0.8090463 -0.587745 0 -0.9781394 -0.2079508 2.30931e-5 -0.9781371 -0.2079613 0 -0.80904 -0.5877536 0 -0.9781371 -0.207961 0 -0.9781569 -0.2078679 -2.30782e-5 -0.9781569 -0.2078679 0 -0.9781569 0.2078679 2.30782e-5 -0.9781569 0.2078679 0 -0.9781569 -0.2078679 0 -0.9781569 0.2078679 0 -0.978137 0.2079614 -2.30484e-5 -0.978137 0.2079618 0 -0.8090397 0.587754 2.30484e-5 -0.809046 0.5877455 0 -0.9781392 0.2079514 0 -0.8090458 0.5877457 0 -0.8089915 0.5878204 -2.29888e-5 -0.8089915 0.5878204 0 -0.5000399 0.8660025 2.29888e-5 -0.5000399 0.8660025 0 -0.8089915 0.5878204 0 -0.5000399 0.8660025 0 -0.4999647 0.8660459 -2.29292e-5 -0.4999647 0.8660458 0 -0.1045768 0.9945169 2.29292e-5 -0.1045731 0.9945172 0 -0.4999616 0.8660476 0 -0.1045733 0.9945173 0 -0.104485 0.9945265 -2.32384e-5 -0.104485 0.9945265 0 0.3089734 0.9510707 2.32384e-5 0.3089734 0.9510707 0 -0.104485 0.9945265 0 0.3089734 0.9510707 0 0.3090618 0.9510421 -2.30074e-5 0.3090618 0.951042 0 0.6690991 0.7431733 2.30074e-5 0.669099 0.7431733 0 0.3090617 0.9510421 0 0.669099 0.7431733 0 0.6691631 0.7431156 -2.3067e-5 0.6691631 0.7431157 0 0.9135268 0.4067785 2.3067e-5 0.9135269 0.4067785 0 0.6691631 0.7431156 0 0.9135268 0.4067785 0 0.9135667 -0.4066889 2.30558e-5 0.9135668 -0.4066886 0 1 -3.72976e-5 0 1 4.8399e-5 2.30521e-5 1 4.87417e-5 0 0.9135622 0.4066991 0 0.669099 0.7431734 2.30074e-5 0.669099 0.7431734 0 0.3090616 0.9510421 -2.30074e-5 0.3090617 0.9510421 0 0.669099 0.7431733 0 0.3090617 0.9510421 -2.29888e-5 -0.8089914 0.5878206 0 -0.5000398 0.8660026 0 -0.8089914 0.5878206 0 -0.8090457 0.5877458 2.30521e-5 -0.8090459 0.5877456 0 -0.9781392 0.2079514 -2.30521e-5 -0.978137 0.2079618 0 -0.8090397 0.5877541 0 -0.9781371 0.2079616 -2.29888e-5 -0.5000398 -0.8660026 0 -0.8089914 -0.5878206 0 -0.5000398 -0.8660026 0 0.3090615 -0.9510421 2.29999e-5 0.3090615 -0.9510421 0 0.6690989 -0.7431735 0 0.6690991 -0.7431733 -2.30074e-5 0.6690991 -0.7431733 0 0.3090618 -0.9510421 2.30074e-5 0.3090617 -0.9510421 0 0.669099 -0.7431733 0 0.3090617 -0.9510421 0 -0.1045733 -0.9945173 -2.29292e-5 -0.1045731 -0.9945172 0 -0.4999616 -0.8660476 2.29292e-5 -0.4999647 -0.8660458 0 -0.1045768 -0.9945169 0 -0.4999647 -0.8660459 0 -0.8090457 -0.5877457 -2.30558e-5 -0.809046 -0.5877454 0 -0.9781392 -0.2079514 2.30521e-5 -0.978137 -0.2079618 0 -0.8090397 -0.5877541 0 -0.9781371 -0.2079616 0 -0.9781371 0.207961 -2.30931e-5 -0.9781371 0.2079613 0 -0.80904 0.5877536 2.30707e-5 -0.8090463 0.587745 0 -0.9781394 0.2079508 0 -0.8090461 0.5877453 0 -0.4999643 0.866046 -2.29254e-5 -0.4999644 0.8660461 0 -0.1045764 0.994517 2.29217e-5 -0.1045728 0.9945173 0 -0.4999613 0.8660478 0 -0.1045729 0.9945173 0 0.3090614 0.9510422 -2.29999e-5 0.3090614 0.9510422 0 0.6690988 0.7431735 2.29999e-5 0.6690988 0.7431735 0 0.3090614 0.9510422 0 0.6690988 0.7431735 0 0.6690989 0.7431735 2.29999e-5 0.6690989 0.7431735 0 0.3090615 0.9510421 0 -0.978137 -0.2079616 2.30521e-5 -0.978137 -0.2079619 0 -0.8090397 -0.5877541 -2.30484e-5 -0.809046 -0.5877455 0 -0.9781392 -0.2079514 0 -0.8090458 -0.5877457 0 0.3090616 -0.9510421 2.30074e-5 0.3090616 -0.9510421 0 0.669099 -0.7431734 -2.30074e-5 0.669099 -0.7431733 0 0.3090617 -0.9510421 0 0.669099 -0.7431733 0 0 -1 1.41377e-6 0 -1 -1.25107e-6 0 -1 7.4504e-6 0 -1 -4.71576e-7 0 -1 4.69989e-7 0 -1 -9.35545e-7 0 -1 -7.74867e-7 0 -1 2.93352e-6 0 -1 -1.51033e-6 0 -1 3.2161e-6 0 -1 -1.39985e-6 0 -1 7.55172e-7 0 -1 3.37216e-7 0 -1 -1.02571e-6 0 -1 -5.18927e-7 0 -1 5.34337e-7 0 -1 -5.38422e-7 0 -1 1.36932e-6 0 -1 4.0645e-7 0 -1 -2.66192e-7 0 -1 1.34234e-6 0 -1 -1.05737e-6 0 -1 5.24368e-7 0 -1 -1.03894e-6 0 -1 2.79103e-6 0 -1 -1.02805e-6 0 -1 5.08074e-7 0 -1 5.01658e-7 0 -1 -6.61394e-7 0 -1 6.38943e-7 0 -1 1.39985e-6 0 -1 -3.67918e-6 0 -1 1.51033e-6 0 -1 -2.93352e-6 0 -1 7.74867e-7 0 -1 -1.41377e-6 0 -1 1.25107e-6 0 -1 -3.72517e-6 0 -1 9.35538e-7 0 -1 -2.65539e-5 -1 6.26362e-6 -2.65688e-5 -1 -1.40816e-5 -0.2587907 -0.9659335 5.35884e-5 -0.2587907 -0.9659335 1.40816e-5 -2.65539e-5 -1 3.2866e-6 -0.2587907 -0.9659335 -6.26362e-6 -0.2588457 -0.9659188 6.26362e-6 -0.2588457 -0.9659187 -1.40783e-5 -0.4999755 -0.8660396 -3.2866e-6 -0.4999755 -0.8660396 1.40783e-5 -0.2588457 -0.9659188 3.2866e-6 -0.4999755 -0.8660396 -6.26362e-6 -0.5000261 -0.8660105 6.26362e-6 -0.500026 -0.8660104 -1.40923e-5 -0.7070885 -0.7071251 -3.2866e-6 -0.7070885 -0.7071251 1.40923e-5 -0.500026 -0.8660104 3.2866e-6 -0.7070885 -0.7071251 -6.26362e-6 -0.7071257 -0.7070879 6.26362e-6 -0.7071257 -0.7070879 -1.40793e-5 -0.8660109 -0.5000253 -3.2866e-6 -0.8660108 -0.5000252 1.40793e-5 -0.7071257 -0.7070879 3.2866e-6 -0.8660109 -0.5000253 -6.26362e-6 -0.8660398 -0.4999752 6.26362e-6 -0.8660398 -0.4999752 -1.40676e-5 -0.9659188 -0.2588453 -3.2866e-6 -0.9659184 -0.2588466 1.40676e-5 -0.8660391 -0.4999763 3.2866e-6 -0.9659185 -0.2588467 -6.26362e-6 -0.9659332 -0.2587916 6.26362e-6 -0.9659332 -0.2587916 -1.40946e-5 -1 -2.74777e-5 -3.2866e-6 -1 -2.81632e-5 1.40942e-5 -0.9659331 -0.2587922 -5.35885e-5 -1 -2.8193e-5 -6.26362e-6 -1 0 0 -1 9.43355e-7 0 -1 -1.75795e-7 0 -1 -2.94612e-7 0 -1 -3.90521e-7 0 -1 1.29839e-6 0 -1 2.13267e-7 0 -1 -1.11367e-6 0 -1 3.3464e-6 0 -1 -1.83156e-6 0 -1 1.64052e-6 0 -1 3.62253e-7 0 -1 -8.90785e-7 0 -1 -1.50911e-6 0 -1 1.22116e-6 0 -1 -2.18367e-6 0 -1 2.55804e-7 0 -1 1.50937e-6 0 -1 -1.26227e-6 0 -1 -2.00893e-7 0 -1 1.44605e-7 0 -1 0 0 0 1 0 1 0 0 1 -5.58968e-6 0 1 1.22116e-6 0 1 -7.82503e-7 0 1 2.4744e-6 0 1 -7.76256e-7 0 1 -7.57163e-7 0 1 1.11367e-6 0 1 2.16398e-6 0 1 -2.89211e-7 0 1 2.94612e-7 0 1 -1.22762e-6 0 1 -6.3882e-6 0 1 3.68448e-7 0 1 1.12973e-6 0 1 -7.81041e-7 0 1 -4.01786e-7 0 1 3.2962e-7 0 1 3.7238e-5 0 1 3.70294e-5 6.37025e-6 0.9238975 0.3826404 0 0.9238948 0.3826467 -6.37025e-6 1 4.39137e-5 0 0.9238949 0.3826466 0 0.9238633 0.3827228 0 0.9238634 0.3827228 6.33206e-6 0.707136 0.7070776 0 0.7071346 0.707079 -6.33206e-6 0.9238625 0.3827246 0 0.7071346 0.7070789 0 0.7070801 0.7071335 0 0.7070801 0.7071335 6.34836e-6 0.382726 0.9238619 0 0.382725 0.9238624 -6.34836e-6 0.7070792 0.7071343 0 0.382725 0.9238623 0 0.3826399 0.9238976 0 0.3826399 0.9238976 6.33998e-6 3.67612e-5 1 0 3.72231e-5 1 -6.33998e-6 0.3826403 0.9238974 0 3.72082e-5 1 0 3.12775e-5 1 6.26362e-6 3.12924e-5 1 1.01002e-6 0.2587953 0.9659322 6.17183e-6 0.2587952 0.9659322 -1.01002e-6 3.12775e-5 1 -6.17183e-6 0.2587953 0.9659322 -6.26362e-6 0.2588449 0.9659189 6.26362e-6 0.2588449 0.9659189 1.01002e-6 0.4999747 0.86604 6.17183e-6 0.4999747 0.86604 -1.01002e-6 0.2588449 0.9659189 -6.17183e-6 0.4999747 0.86604 -6.26362e-6 0.5000234 0.8660119 6.26362e-6 0.5000234 0.8660119 1.00909e-6 0.7070863 0.7071273 6.30469e-5 0.7070851 0.7071284 -1.01002e-6 0.5000219 0.8660129 -6.17184e-6 0.7070851 0.7071284 -6.26362e-6 0.7071284 0.7070852 6.26361e-6 0.7071284 0.7070853 1.01374e-6 0.8660128 0.500022 6.17184e-6 0.8660116 0.500024 -1.01328e-6 0.7071268 0.7070869 -6.17184e-6 0.8660116 0.500024 -6.26362e-6 0.8660394 0.4999759 6.26362e-6 0.8660394 0.4999759 1.01235e-6 0.9659186 0.2588462 6.30469e-5 0.9659186 0.2588461 -1.01235e-6 0.8660394 0.4999759 -6.17184e-6 0.9659186 0.2588462 -6.26362e-6 0.9659332 0.2587918 6.26362e-6 0.9659332 0.2587918 1.00117e-6 1 2.76417e-5 6.17184e-6 1 2.76864e-5 -1.00117e-6 0.9659332 0.2587918 -6.17183e-6 1 2.76417e-5 -6.26362e-6 1 -1.83955e-5 4.18238e-6 1 -1.84178e-5 -7.32997e-6 0.984811 -0.1736295 -1.75827e-6 0.9848108 -0.1736315 7.32951e-6 1 -2.03773e-5 1.75827e-6 0.9848107 -0.1736315 -4.18238e-6 0.9848051 -0.1736639 4.18238e-6 0.9848051 -0.173664 -7.32485e-6 0.9397 -0.3420001 -1.75827e-6 0.9396993 -0.342002 7.32392e-6 0.9848046 -0.1736658 1.75827e-6 0.9396993 -0.342002 -4.18238e-6 0.9396861 -0.3420382 4.18238e-6 0.9396861 -0.3420382 -7.33184e-6 0.8660345 -0.4999843 -1.75827e-6 0.8660345 -0.4999843 7.33184e-6 0.9396861 -0.3420382 1.75827e-6 0.8660345 -0.4999843 -4.18238e-6 0.866016 -0.5000165 4.18238e-6 0.8660159 -0.5000165 -7.32858e-6 0.7660562 -0.6427736 -1.75827e-6 0.7660563 -0.6427736 7.32858e-6 0.866016 -0.5000165 1.75827e-6 0.7660562 -0.6427736 -4.18238e-6 0.7660334 -0.642801 4.18238e-6 0.7660333 -0.6428011 -7.32951e-6 0.6428028 -0.7660317 -1.75827e-6 0.6428008 -0.7660335 7.32951e-6 0.7660315 -0.6428031 1.75827e-6 0.6428007 -0.7660335 -4.18238e-6 0.6427737 -0.7660562 4.18238e-6 0.6427737 -0.7660562 -7.33137e-6 0.5000165 -0.8660159 -1.75827e-6 0.5000171 -0.8660156 7.33184e-6 0.6427741 -0.7660558 1.75827e-6 0.5000171 -0.8660156 -4.18238e-6 0.4999836 -0.8660349 4.18238e-6 0.4999836 -0.866035 -7.32532e-6 0.3420373 -0.9396864 3.64056e-5 0.3420373 -0.9396864 7.32532e-6 0.4999836 -0.8660349 1.75827e-6 0.3420373 -0.9396864 -4.18238e-6 0.3420023 -0.9396992 4.18238e-6 0.3420023 -0.9396992 -7.32951e-6 0.1736661 -0.9848046 -1.75827e-6 0.1736659 -0.9848047 7.32858e-6 0.342002 -0.9396992 1.75827e-6 0.1736659 -0.9848047 -4.18238e-6 0.1736305 -0.9848109 4.18238e-6 0.1736305 -0.9848109 -7.32532e-6 1.94237e-5 -1 -1.75827e-6 1.94237e-5 -1 7.32532e-6 0.1736305 -0.9848109 1.75827e-6 1.94237e-5 -1 -4.18238e-6 0 -1 0 -3.3997e-5 -1 4.25572e-6 -3.3997e-5 -1 -7.81845e-7 -0.1766656 -0.9842709 3.4112e-6 -0.1766656 -0.9842709 7.81845e-7 -3.3997e-5 -1 -3.4112e-6 -0.1766656 -0.9842709 -4.25572e-6 -0.1767299 -0.9842594 4.25572e-6 -0.1767299 -0.9842594 -7.70669e-7 -0.3478029 -0.9375677 3.4112e-6 -0.3478032 -0.9375677 7.71135e-7 -0.1767301 -0.9842594 -3.4112e-6 -0.3478032 -0.9375677 -4.25572e-6 -0.3478651 -0.9375447 4.25572e-6 -0.3478651 -0.9375447 -7.75326e-7 -0.507996 -0.8613594 3.4112e-6 -0.5079957 -0.8613597 7.75326e-7 -0.3478646 -0.9375448 -3.4112e-6 -0.5079957 -0.8613597 -4.25572e-6 -0.5080538 -0.8613255 4.25572e-6 -0.5080538 -0.8613255 -7.79983e-7 -0.6522033 -0.7580441 3.4112e-6 -0.6522042 -0.7580434 7.80448e-7 -0.5080548 -0.8613249 -3.4112e-6 -0.6522042 -0.7580434 -4.25572e-6 -0.6522536 -0.758001 4.25572e-6 -0.6522535 -0.7580009 -7.76723e-7 -0.7758855 -0.6308739 3.4112e-6 -0.7758845 -0.630875 7.76257e-7 -0.6522525 -0.7580018 -3.4112e-6 -0.7758845 -0.630875 -4.25572e-6 -0.7759276 -0.6308221 4.25572e-6 -0.7759276 -0.6308221 -7.77654e-7 -0.8751511 -0.4838499 3.4112e-6 -0.8751518 -0.4838485 7.77189e-7 -0.7759286 -0.6308208 -3.4112e-6 -0.8751518 -0.4838485 -4.25572e-6 -0.8751823 -0.4837934 4.25572e-6 -0.8751823 -0.4837934 -7.75792e-7 -0.9468752 -0.3216015 3.4112e-6 -0.9468757 -0.3215997 7.76723e-7 -0.8751832 -0.4837919 -3.4112e-6 -0.9468758 -0.3215997 -4.25572e-6 -0.946897 -0.3215371 4.25572e-6 -0.946897 -0.3215371 -7.72532e-7 -0.9888027 -0.1492291 3.4112e-6 -0.988803 -0.1492273 7.73464e-7 -0.9468976 -0.3215353 -3.4112e-6 -0.988803 -0.1492273 -4.25572e-6 -0.9888124 -0.1491648 4.25572e-6 -0.9888124 -0.1491647 -7.76723e-7 -0.9996125 0.0278365 2.9307e-5 -0.9996125 0.02783846 7.77189e-7 -0.9888127 -0.1491628 -3.4112e-6 -0.9996125 0.02783846 -4.25572e-6 -1 2.7597e-5 6.26362e-6 -1 2.76715e-5 1.00071e-6 -0.9659332 0.2587917 6.17183e-6 -0.9659325 0.2587944 -9.99775e-7 -1 3.05027e-5 -4.40989e-5 -0.9659324 0.2587945 -6.26362e-6 -0.9659193 0.2588436 6.26362e-6 -0.9659193 0.2588437 8.92207e-7 -0.8660407 0.4999736 6.17183e-6 -0.8660407 0.4999737 -8.92207e-7 -0.9659193 0.2588436 -6.17184e-6 -0.8660407 0.4999736 -6.26362e-6 -0.8660104 0.5000259 6.26361e-6 -0.8660104 0.5000259 1.00676e-6 -0.7071252 0.7070885 6.17184e-6 -0.7071268 0.7070868 -1.00629e-6 -0.8660116 0.5000239 -6.17184e-6 -0.7071268 0.7070868 -6.26362e-6 -0.7070863 0.7071273 6.26362e-6 -0.7070863 0.7071273 1.01421e-6 -0.5000234 0.8660119 6.17183e-6 -0.5000234 0.8660119 -1.01421e-6 -0.7070863 0.7071273 -6.30469e-5 -0.5000234 0.8660119 -6.26362e-6 -0.4999747 0.86604 6.26362e-6 -0.4999747 0.86604 1.0049e-6 -0.2588449 0.9659189 6.17183e-6 -0.2588438 0.9659193 -1.00443e-6 -0.4999738 0.8660406 -6.17183e-6 -0.2588438 0.9659193 -6.26362e-6 -0.2587953 0.9659322 6.26362e-6 -0.2587952 0.9659322 1.01002e-6 -3.12775e-5 1 6.17183e-6 -3.12924e-5 1 -1.01002e-6 -0.2587953 0.9659322 -6.17183e-6 -3.12775e-5 1 -6.26362e-6 -3.72082e-5 1 0 -3.72231e-5 1 6.33998e-6 -0.3826403 0.9238974 0 -0.3826399 0.9238976 -6.33998e-6 -3.67612e-5 1 0 -0.3826399 0.9238976 0 -0.3827238 0.9238629 0 -0.3827237 0.9238629 6.34836e-6 -0.7070784 0.7071352 0 -0.7070801 0.7071335 -6.34836e-6 -0.382726 0.9238619 0 -0.7070801 0.7071335 0 -0.7071332 0.7070803 0 -0.7071332 0.7070804 6.33672e-6 -0.9238618 0.3827264 0 -0.9238634 0.3827228 -6.33625e-6 -0.7071359 0.7070777 0 -0.9238633 0.3827229 0 -0.9238957 0.3826445 0 -0.9238957 0.3826445 6.37164e-6 -1 4.17978e-5 0 -1 4.41521e-5 -6.37164e-6 -0.9238948 0.3826466 0 -1 4.40478e-5 0 -1 9.15757e-7 0 -1 -6.9655e-7 0 -1 2.17646e-7 0 -1 -1.61753e-6 0 -1 2.51211e-6 0 -1 7.52158e-7 0 -1 -1.85612e-6 0 -1 5.237e-7 0 -1 3.66311e-6 0 -1 -7.57163e-7 0 -1 -3.15541e-6 0 -1 2.89802e-6 0 -1 -1.48464e-6 0 -1 3.11494e-6 0 -1 -1.22965e-6 0 -1 -4.57878e-7 0 1 2.55804e-7 0 1 -1.00607e-6 0 1 0 0 1 1.76671e-6 0 1 -1.83156e-6 0 1 3.3464e-6 0 1 -1.11367e-6 0 1 2.13267e-7 0 1 1.29839e-6 0 1 1.44605e-7 0 1 -1.75795e-7 0 1 -4.92069e-7 0 1 -2.60347e-7 0 1 0 0 1 -2.81781e-5 6.26362e-6 1 -2.81632e-5 -1.40946e-5 0.9659331 -0.2587922 5.35884e-5 0.9659331 -0.2587923 1.40946e-5 1 -2.81781e-5 3.2866e-6 0.9659331 -0.2587922 -6.26362e-6 0.9659183 -0.2588472 6.26362e-6 0.9659183 -0.2588472 -1.40695e-5 0.8660388 -0.4999768 -3.2866e-6 0.8660392 -0.4999763 1.407e-5 0.9659185 -0.2588466 3.2866e-6 0.8660391 -0.4999763 -6.26362e-6 0.8660115 -0.5000244 6.26362e-6 0.8660114 -0.5000243 -1.40755e-5 0.7071265 -0.7070871 -3.2866e-6 0.7071264 -0.7070872 1.40755e-5 0.8660115 -0.5000244 3.2866e-6 0.7071265 -0.7070871 -6.26362e-6 0.7070885 -0.7071251 6.26362e-6 0.7070885 -0.7071251 -1.409e-5 0.5000261 -0.8660105 7.25364e-5 0.5000267 -0.86601 1.40904e-5 0.7070891 -0.7071245 3.2866e-6 0.5000268 -0.86601 -6.26362e-6 0.499975 -0.8660399 6.26362e-6 0.499975 -0.8660398 -1.4083e-5 0.2588452 -0.9659189 -3.2866e-6 0.2588452 -0.9659188 1.4083e-5 0.499975 -0.8660399 3.2866e-6 0.2588452 -0.9659189 -6.26362e-6 0.2587909 -0.9659335 6.26362e-6 0.2587909 -0.9659335 -1.4076e-5 2.67327e-5 -1 -3.2866e-6 2.67476e-5 -1 1.4076e-5 0.2587909 -0.9659335 3.2866e-6 2.67327e-5 -1 -6.26362e-6 4.26918e-5 -1 0 4.2662e-5 -1 6.3465e-6 0.3826454 -0.9238954 0 0.3826463 -0.9238951 -6.3465e-6 4.3571e-5 -1 0 0.3826463 -0.9238951 0 0.3827199 -0.9238646 0 0.3827199 -0.9238644 6.33625e-6 0.7070754 -0.7071382 0 0.7070754 -0.7071382 -6.33625e-6 0.3827199 -0.9238646 0 0.7070754 -0.7071382 0 0.7071385 -0.7070751 0 0.7071386 -0.7070749 6.36e-6 0.9238647 -0.3827195 0 0.9238632 -0.3827231 -6.36093e-6 0.7071359 -0.7070777 0 0.9238632 -0.382723 0 0.9238952 -0.3826456 0 0.9238952 -0.3826456 6.33579e-6 1 -4.29749e-5 0 1 -3.82811e-5 -6.33672e-6 0.923897 -0.3826416 0 1 -3.85046e-5 0 0.9994576 -0.03293299 0 0.9994576 -0.03293299 8.56072e-6 0.9860141 0.166662 0 0.9860137 0.1666643 -8.56072e-6 0.9994577 -0.03293067 0 0.9860137 0.1666643 0 0.9859986 0.1667543 0 0.9859985 0.1667544 8.5556e-6 0.9330778 0.3596748 0 0.9330794 0.3596706 -8.5556e-6 0.9859992 0.1667499 0 0.9330794 0.3596706 0 0.9330466 0.3597556 0 0.9330466 0.3597556 8.55746e-6 0.8427696 0.5382745 0 0.8427685 0.5382763 -8.55746e-6 0.9330459 0.3597576 0 0.8427685 0.5382763 0 0.8427209 0.5383509 0 0.8427209 0.5383509 8.56025e-6 0.7187029 0.6953173 0 0.7187017 0.6953186 -8.56025e-6 0.8427199 0.5383524 0 0.7187017 0.6953186 0 0.7186399 0.6953824 0 0.7186399 0.6953825 8.55746e-6 0.5658486 0.8245092 0 0.5658486 0.8245093 -8.55746e-6 0.7186399 0.6953824 0 0.5658486 0.8245092 0 0.5657742 0.8245603 0 0.5657742 0.8245602 8.55466e-6 0.3903296 0.9206753 0 0.3903291 0.9206754 -8.55513e-6 0.5657738 0.8245605 0 0.3903291 0.9206754 0 0.3902474 0.9207101 0 0.3902473 0.9207101 8.55979e-6 0.1991769 0.9799637 0 0.1991772 0.9799636 -8.55979e-6 0.3902477 0.92071 0 0.1991772 0.9799636 0 0.1990878 0.9799817 0 0.1990878 0.9799817 8.56118e-6 4.46588e-5 1 0 4.46588e-5 1 -8.56118e-6 0.1990878 0.9799817 0 4.46588e-5 1 0 -4.45619e-5 1 0 -4.45694e-5 1 -1.71829e-6 -0.1950459 0.9807941 0 -0.1950458 0.9807941 1.71829e-6 -4.44651e-5 1 0 -0.1950458 0.9807942 0 -0.1951342 0.9807766 3.22463e-6 -0.1951342 0.9807766 0 -0.3826418 0.9238968 4.04753e-6 -0.1951349 0.9807765 -4.04799e-6 -0.3826425 0.9238966 -3.22463e-6 -0.3826425 0.9238966 0 -0.3827256 0.9238621 3.22463e-6 -0.3827256 0.9238621 0 -0.5555335 0.8314942 4.05544e-6 -0.3827256 0.9238621 -4.05498e-6 -0.5555335 0.8314942 -3.22463e-6 -0.5555335 0.8314942 0 -0.5556062 0.8314456 3.22463e-6 -0.5556062 0.8314456 0 -0.7070738 0.7071397 4.04986e-6 -0.5556069 0.8314453 -4.04986e-6 -0.7070744 0.7071392 -3.22463e-6 -0.7070744 0.7071393 0 -0.7071385 0.7070751 3.22463e-6 -0.7071385 0.7070751 0 -0.8314446 0.5556077 4.05218e-6 -0.7071399 0.7070738 -4.05265e-6 -0.8314457 0.5556061 -3.22463e-6 -0.8314456 0.5556061 0 -0.8314946 0.5555331 3.22463e-6 -0.8314946 0.555533 0 -0.9238623 0.3827251 4.04567e-6 -0.8314946 0.5555331 -4.04613e-6 -0.9238623 0.3827251 -3.22463e-6 -0.9238623 0.3827251 0 -0.923897 0.3826414 3.22463e-6 -0.923897 0.3826414 0 -0.9807766 0.1951338 4.04986e-6 -0.9238962 0.3826435 -4.04986e-6 -0.9807856 0.1950891 -3.2262e-6 -0.9807856 0.195089 0 -0.9807941 0.1950462 0 -0.9807941 0.1950463 -1.71829e-6 -1 4.4927e-5 0 -1 4.49419e-5 1.71829e-6 -0.9807941 0.1950462 0 -1 4.49345e-5 0 -1 -4.30942e-5 0 -1 -4.30643e-5 6.33765e-6 -0.9238951 -0.3826457 0 -0.9238952 -0.3826456 -6.33765e-6 -1 -4.30942e-5 0 -0.9238951 -0.3826457 0 -0.9238632 -0.382723 0 -0.9238632 -0.3827231 6.36093e-6 -0.7071359 -0.7070777 0 -0.7071386 -0.7070749 -6.36e-6 -0.9238647 -0.3827195 0 -0.7071385 -0.7070751 0 -0.7070754 -0.7071382 0 -0.7070754 -0.7071382 6.3288e-6 -0.3827199 -0.9238645 0 -0.3827199 -0.9238644 -6.3288e-6 -0.7070754 -0.7071382 0 -0.3827199 -0.9238645 0 -0.3826466 -0.9238948 0 -0.3826467 -0.9238948 6.3465e-6 -4.4018e-5 -1 0 -4.3124e-5 -1 -6.3465e-6 -0.3826458 -0.9238952 0 -4.31389e-5 -1 0 0 0 1 -1.25107e-6 0 1 1.41377e-6 0 1 2.93352e-6 0 1 -1.51033e-6 0 1 1.60805e-6 0 1 1.83959e-6 0 1 -1.39985e-6 0 1 7.55173e-7 0 1 7.3394e-7 0 1 7.20997e-7 0 1 1.06867e-6 0 1 -3.45822e-7 0 1 6.8466e-7 0 1 -4.9887e-7 0 1 1.00675e-6 0 1 -1.05737e-6 0 1 6.87374e-7 0 1 -1.03894e-6 0 1 1.39551e-6 0 1 -1.02805e-6 0 1 1.00332e-6 0 1 -2.68674e-7 0 1 -2.00555e-7 0 1 6.38943e-7 0 1 1.39985e-6 0 1 -1.83959e-6 0 1 -1.60805e-6 0 1 1.51033e-6 0 1 -2.93352e-6 0 1 1.54973e-6 0 1 5.51438e-7 0 1 -7.45034e-6 0 1 4.71576e-7 0 1 -4.69989e-7 0 1 9.35538e-7 0 1 3.7252e-6 0 1 -9.35545e-7 0 1 -3.40545e-5 -0.4415145 0.8972542 -0.3089901 -0.5040666 0.8064999 -3.04133e-5 -0.6130217 0.7900662 -5.92098e-5 -0.6130459 0.7900474 -0.3089767 -0.5040878 0.8064917 -0.3090079 -0.6560739 0.6885355 -3.50736e-5 -0.6130947 0.7900096 -0.3089914 -0.6560967 0.6885212 -3.19928e-5 -0.7595137 0.6504914 -6.06775e-5 -0.7595335 0.6504682 -0.3090122 -0.6560857 0.6885223 -0.3090089 -0.7812466 0.542372 -1.42123e-5 -0.759548 0.6504513 -0.3089892 -0.781256 0.5423697 -2.86475e-5 -0.8749157 0.4842753 -4.96805e-5 -0.8749241 0.4842602 -0.3090177 -0.781264 0.542342 -0.3089988 -0.8744363 0.3740069 -3.24768e-5 -0.8749504 0.4842128 -0.3089888 -0.8744465 0.373991 -4.5687e-5 -0.9544902 0.2982426 -6.2719e-5 -0.9544994 0.2982131 -0.3090136 -0.8744434 0.3739777 -0.3089771 -0.931827 0.190346 -3.7006e-5 -0.9545133 0.2981684 -0.3089931 -0.9318302 0.1903043 -3.33786e-5 -0.9949863 0.1000123 -5.92545e-5 -0.994989 0.099985 -0.3089764 -0.9318395 0.1902862 -0.3090077 -0.9510589 -0.001140356 -3.08995e-5 -0.9949941 0.09993487 -0.3089881 -0.9510653 -0.001155793 -9.79751e-6 -0.9947472 -0.1023622 -5.87329e-5 -0.9947478 -0.102357 -0.3090105 -0.9510579 -0.001161098 -0.3089728 -0.9313774 -0.1925408 -3.64147e-5 -0.9947416 -0.1024165 -0.3089923 -0.931366 -0.192565 -3.24473e-5 -0.95379 -0.3004743 -5.76079e-5 -0.9537813 -0.300502 -0.3090093 -0.9313566 -0.1925831 -0.309022 -0.8735346 -0.3760889 -3.63743e-5 -0.9537652 -0.300553 -0.3089926 -0.8735289 -0.3761261 -3.29167e-5 -0.8737845 -0.4863134 -5.85392e-5 -0.873768 -0.4863432 -0.3090101 -0.8735256 -0.3761194 -0.308973 -0.7799688 -0.5442283 -2.79825e-5 -0.8737406 -0.4863921 -0.3089849 -0.7799362 -0.5442683 -4.20585e-5 -0.7579916 -0.6522645 -5.80847e-5 -0.7579832 -0.6522743 -0.3090098 -0.7799343 -0.5442569 -0.3090061 -0.6544223 -0.6901063 -3.61822e-5 -0.7579404 -0.6523238 -0.3089917 -0.6544034 -0.6901308 -3.14862e-5 -0.6111849 -0.7914879 -6.29351e-5 -0.6111591 -0.7915078 -0.3090143 -0.6544026 -0.6901213 -0.308977 -0.5021324 -0.8077106 -3.53628e-5 -0.6111203 -0.7915377 -0.3089917 -0.5020921 -0.80773 3.52412e-6 -0.4393275 -0.898327 -5.75334e-5 -0.4393204 -0.8983305 -0.3090092 -0.5020889 -0.8077253 -0.3089721 -0.3292654 -0.8922559 -3.29973e-5 -0.4392682 -0.898356 -0.3089893 -0.3292137 -0.8922691 -2.92957e-5 -0.2495257 -0.9683682 -5.76153e-5 -0.2495 -0.9683749 -0.3090092 -0.3292235 -0.8922586 -0.309006 -0.1428889 -0.9402649 -2.88495e-5 -0.2494398 -0.9683904 -0.308985 -0.1428636 -0.9402757 -4.17083e-5 -0.04946941 -0.9987757 -5.48065e-5 -0.04945915 -0.9987761 -0.3090068 -0.1428719 -0.9402672 -0.3090035 0.04931187 -0.9497817 -2.89528e-5 -0.04939925 -0.9987792 -0.3089851 0.04933619 -0.9497864 -2.53171e-5 0.152576 -0.9882918 -5.7973e-5 0.1526103 -0.9882865 -0.3090095 0.04933094 -0.9497788 -0.3090068 0.2394958 -0.9204111 -3.47844e-5 0.1526585 -0.9882791 -0.3089914 0.2395098 -0.9204127 -1.3046e-5 0.3484358 -0.9373327 -5.94854e-5 0.3484263 -0.9373363 -0.3090108 0.2395095 -0.9204062 -0.3089739 0.4198467 -0.8533837 -3.27677e-5 0.3484809 -0.937316 -0.308989 0.4198928 -0.8533557 -2.91541e-5 0.5299515 -0.8480281 -5.06341e-5 0.5299938 -0.8480015 -0.3090189 0.4198887 -0.8533468 -0.3089996 0.5830478 -0.7513818 -3.20623e-5 0.53003 -0.847979 -0.3089879 0.5830795 -0.751362 -2.7597e-5 0.689812 -0.7239886 -5.5179e-5 0.6898337 -0.7239679 -0.3090069 0.5830692 -0.7513623 -0.3090196 0.7223565 -0.6186339 -4.49226e-5 0.6898626 -0.7239404 -0.3089847 0.722392 -0.6186099 -2.44677e-5 0.8214285 -0.5703116 -5.02616e-5 0.8214445 -0.5702886 -0.3090025 0.7223807 -0.6186143 -0.3089991 0.8321131 -0.4605512 -3.07699e-5 0.8214752 -0.5702444 -0.308987 0.8321253 -0.4605373 -4.37349e-5 0.919421 -0.393275 -6.30617e-5 0.9194294 -0.3932552 -0.3090143 0.8321178 -0.4605325 -0.3089771 0.9077866 -0.283649 -3.84026e-5 0.9194495 -0.3932083 -0.3089948 0.907795 -0.2836027 3.94881e-7 0.9797689 -0.2001326 -5.98952e-5 0.9797691 -0.2001311 -0.3090112 0.9077881 -0.2836069 -0.3090084 0.9462947 -0.09507989 -3.06444e-5 0.9797815 -0.2000713 -0.308987 0.9463041 -0.09505575 -2.70754e-5 0.9999994 0.001162648 -5.46575e-5 0.9999993 0.001191973 -0.3090066 0.9462969 -0.09506481 -0.3090033 0.9460651 0.09735423 -3.45919e-5 0.9999992 0.001251876 -0.3089906 0.9460667 0.09737884 -3.07187e-5 0.9792954 0.2024364 -5.83976e-5 0.9792852 0.2024857 -0.3089761 0.9460702 0.09739196 -0.3090066 0.9071037 0.2857934 -1.06824e-5 0.9792854 0.2024854 -0.3089859 0.9071059 0.2858089 -2.55033e-5 0.9184948 0.395433 -5.11929e-5 0.9184866 0.3954521 -0.3090031 0.9070971 0.2858185 -0.3090002 0.8310022 0.4625521 -2.81793e-5 0.9184693 0.3954927 -0.3089855 0.8310018 0.4625626 -7.09295e-6 0.8200786 0.5722509 -5.42179e-5 0.8200786 0.572251 -0.3090059 0.8309906 0.462569 -0.3090033 0.7208763 0.6203663 -3.35887e-5 0.8200501 0.5722919 -0.3089901 0.7208703 0.6203799 -3.02792e-5 0.6881276 0.7255898 -5.60135e-5 0.6880937 0.7256219 -0.3090077 0.7208603 0.6203827 -0.3089709 0.5812665 0.7527724 -3.73788e-5 0.6880617 0.7256522 -0.3089935 0.5812307 0.7527908 -3.38852e-5 0.5279808 0.8492564 -5.92098e-5 0.5279546 0.8492726 -0.3089768 0.581216 0.7528089 -0.3090077 0.4178167 0.8543674 -1.44297e-6 0.5279273 0.8492897 -0.3089933 0.4177935 0.8543838 -3.34829e-5 0.3462145 0.9381554 -5.46277e-5 0.3461867 0.9381657 -0.3090066 0.4178002 0.8543758 -0.3090037 0.2372784 0.9209864 -3.14432e-5 0.3461326 0.9381856 -0.308988 0.2372587 0.9209966 -4.48674e-5 0.1502623 0.9886462 -5.7891e-5 0.1502476 0.9886484 -0.3090094 0.2372624 0.9209885 -0.3090063 0.04702693 0.9498966 -3.34011e-5 0.1501916 0.9886569 -0.3089896 0.04700642 0.9499031 -4.65289e-5 -0.05182695 0.9986561 -6.07073e-5 -0.05184018 0.9986554 -0.3089777 0.0469824 0.9499082 -0.3090091 -0.145147 0.939918 -3.18383e-5 -0.05189728 0.9986525 -0.3089882 -0.1451691 0.9399215 -2.86549e-5 -0.2517753 0.9677857 -6.0387e-5 -0.2518079 0.9677773 -0.3090118 -0.1451621 0.9399148 -0.3089746 -0.3313547 0.8914813 -3.40053e-5 -0.2518672 0.9677619 -0.3089904 -0.3313787 0.8914669 -3.05101e-5 -0.4414395 0.8972911 -5.71981e-5 -0.4414686 0.8972767 -0.3090086 -0.3313992 0.8914529 -0.3089715 -0.5040307 0.8065295 -1 -2.68146e-5 3.82299e-5 -0.9510744 -0.2131338 0.2236773 -1 -3.43099e-5 3.05772e-5 -1 -3.30545e-5 2.7284e-5 -0.9510661 -0.2131504 0.2236971 -0.9510661 -0.1637631 0.2620211 -1 -3.11434e-5 2.5718e-5 -0.9510623 -0.1637731 0.2620287 -1 -2.75821e-5 2.75821e-5 -1 -3.23728e-6 1.50725e-5 -0.9510681 -0.1637614 0.2620149 -0.9510681 -0.1076509 0.2896221 -1 -4.06429e-6 1.11344e-5 -0.9510633 -0.1076643 0.2896328 -1 -2.20165e-6 1.18762e-5 -1 -2.24002e-5 1.29268e-5 -0.9510622 -0.1076536 0.2896403 -0.9510622 -0.04717332 0.3053778 -1 -4.96395e-7 4.45647e-5 -0.951065 -0.04715365 0.3053721 -0.9510642 0.01526319 0.308616 -0.9510422 0.01525515 0.3086846 -0.9510422 -0.04714339 0.3054443 -0.8090386 -0.08968126 0.5808733 -0.9510419 0.01525586 0.3086853 -0.8090432 -0.08970731 0.580863 -0.8090412 0.02904868 0.5870338 -0.8089857 0.02905505 0.5871098 -0.8089869 -0.08969902 0.5809428 -0.5878225 -0.1234497 0.7995155 -0.808988 0.02904623 0.5871071 -0.5878275 -0.1234636 0.7995097 -0.5878186 0.03996574 0.808005 -0.5877472 0.03996926 0.8080568 -0.5877454 -0.1234546 0.7995713 -0.3090792 -0.1451281 0.9398978 -0.5877712 0.03999167 0.8080382 -0.3090621 -0.1451178 0.9399051 -0.3090584 0.04698616 0.9498818 -0.9510689 -0.2131384 0.2236962 -1 -4.40124e-5 4.17493e-5 -0.9510683 -0.2538104 0.176209 -0.9510635 -0.2538276 0.1762098 -1 -5.05149e-5 3.02941e-5 -1 -4.17233e-5 4.55268e-5 -0.9510648 -0.2538259 0.1762054 -1 -5.40442e-5 2.20351e-5 -0.9510651 -0.2840977 0.1215059 -0.9510645 -0.2841044 0.1214957 -1 -4.11645e-5 1.39326e-5 -0.9510655 -0.3027396 0.0618326 -0.9510389 -0.2841721 0.1215378 -0.9510414 -0.3028079 0.06186968 -0.8090366 -0.5758655 0.1176393 -0.8090373 -0.575873 0.1175967 -0.9510423 -0.302812 0.06183403 -0.8090453 -0.5877461 -7.02584e-4 -0.8089936 -0.5759322 0.1176069 -0.8089877 -0.5878253 -6.82853e-4 -0.5878244 -0.8089881 -9.46052e-4 -0.5878127 -0.8089964 -0.001010537 -0.8090161 -0.5877863 -7.33536e-4 -0.5878212 -0.7922347 -0.1638004 -0.5877408 -0.8090488 -0.001005351 -0.5877724 -0.7922692 -0.1638084 -0.3090717 -0.9313442 -0.1925429 -0.3090726 -0.9313345 -0.192588 -0.5877723 -0.7922654 -0.1638278 -0.3090623 -0.8735237 -0.3760814 -1 -2.12193e-5 5.80773e-6 -1 -2.06903e-5 7.81938e-6 -0.9510741 -0.3027093 0.06184941 -0.9510607 -0.3027529 0.06184226 -1 -3.18885e-5 -6.30319e-6 -0.95106 -0.309006 -3.62527e-4 -0.9510406 -0.302817 0.06183743 -0.9510429 -0.309059 -3.60698e-4 -0.809039 -0.5877546 -6.99356e-4 -0.8090394 -0.5877541 -7.38457e-4 -0.9510433 -0.3090574 -3.92746e-4 -0.8090465 -0.5755704 -0.1190062 -0.8089857 -0.587828 -7.16358e-4 -0.8089868 -0.5756545 -0.1190057 -0.5878226 -0.7922371 -0.163784 -0.5878149 -0.7922315 -0.1638383 -0.8089921 -0.5756351 -0.1190643 -0.5878235 -0.7430436 -0.3199216 -0.587774 -0.792266 -0.1638186 -0.5877721 -0.7430765 -0.3199396 -0.3090711 -0.8735203 -0.3760817 -0.3090633 -0.8734998 -0.3761357 -0.5877419 -0.7430836 -0.3199786 -0.3090668 -0.7799419 -0.5442136 -1 -5.71907e-5 4.56907e-6 -1 -5.77345e-5 -1.26921e-5 -0.9510619 -0.3090006 -3.7048e-4 -0.9510616 -0.3090013 -3.53634e-4 -1 -5.94333e-5 -2.98768e-6 -0.9510599 -0.3026069 -0.06256359 -0.9510409 -0.309065 -3.74672e-4 -0.9510434 -0.3026604 -0.06255614 -0.8090406 -0.5755826 -0.118988 -0.8090398 -0.575573 -0.1190402 -0.9510434 -0.302651 -0.06260001 -0.8090465 -0.5398316 -0.2324347 -0.8089851 -0.575647 -0.1190534 -0.808992 -0.5399083 -0.2324456 -0.5878104 -0.7430598 -0.3199082 -0.5878155 -0.7430348 -0.3199567 -0.8089929 -0.5398845 -0.2324985 -0.5878252 -0.663434 -0.4629436 -0.5877476 -0.7430773 -0.3199825 -0.5877454 -0.6634876 -0.4629682 -0.3090649 -0.7799472 -0.5442072 -0.309032 -0.7799241 -0.5442589 -0.5877492 -0.6634549 -0.4630103 -0.3090358 -0.6544136 -0.6901013 -1 -4.08292e-5 -6.78375e-6 -1 -3.98085e-5 -1.32248e-5 -0.9510612 -0.3026044 -0.06255578 -0.9510611 -0.3026021 -0.06256699 -1 -3.92757e-5 -1.66222e-5 -0.9510611 -0.2838166 -0.1221922 -0.9510412 -0.3026615 -0.06258267 -0.9510437 -0.2838706 -0.122202 -0.8090413 -0.5398464 -0.232418 -0.8090409 -0.539828 -0.2324624 -0.951044 -0.2838538 -0.1222385 -0.8090478 -0.4819924 -0.3363408 -0.8089855 -0.5399082 -0.2324689 -0.8089869 -0.4820735 -0.3363711 -0.5878229 -0.6634446 -0.4629315 -0.587813 -0.6634182 -0.462982 -0.8089908 -0.4820333 -0.3364195 -0.5878225 -0.5566639 -0.587018 -0.5877743 -0.6634485 -0.4629878 -0.5877493 -0.5567215 -0.5870366 -0.3090705 -0.6544089 -0.6900901 -0.3090651 -0.654376 -0.6901238 -0.5877771 -0.5566748 -0.5870532 -0.3090687 -0.5021172 -0.807685 -1 -1.88053e-5 -1.51172e-5 -1 -2.50414e-5 -2.18302e-6 -0.951067 -0.2837907 -0.1222067 -0.9510629 -0.2838039 -0.1222075 -1 -2.79825e-5 -6.78375e-6 -0.9510636 -0.2534033 -0.1768185 -0.95104 -0.2838716 -0.1222295 -0.9510424 -0.2534639 -0.1768459 -0.8090386 -0.4820134 -0.336333 -0.8090402 -0.4819818 -0.3363742 -0.9510437 -0.2534354 -0.1768797 -0.8090466 -0.404419 -0.4264842 -0.8089856 -0.4820566 -0.3363981 -0.8089929 -0.4044998 -0.4265097 -0.5878228 -0.5566713 -0.5870108 -0.5878168 -0.5566406 -0.5870459 -0.8089936 -0.404444 -0.4265614 -0.5878259 -0.4271041 -0.6870537 -0.5877719 -0.556677 -0.5870562 -0.5877808 -0.427132 -0.687075 -0.3090686 -0.5021076 -0.8076909 -0.3090696 -0.5020655 -0.8077167 -0.587748 -0.4271054 -0.6871197 -0.3090355 -0.3292418 -0.8922427 -0.9510629 -0.2533959 -0.1768333 -1 -1.90958e-5 -3.24598e-5 -0.9510635 -0.212612 -0.2242194 -0.9510725 -0.2126073 -0.2241857 -1 -3.7007e-5 -3.1136e-5 -1 -4.09e-5 -2.67001e-5 -0.9510713 -0.2125962 -0.2242009 -1 -1.30236e-5 -3.31718e-5 -0.951071 -0.163132 -0.2623965 -0.9510639 -0.1631299 -0.2624234 -1 -2.02805e-5 -3.46601e-5 -1 -8.28505e-6 -4.23677e-5 -0.9510705 -0.1631132 -0.2624104 -1 -6.08713e-6 -2.36295e-5 -0.9510713 -0.10696 -0.2898674 -0.9510671 -0.1069673 -0.2898782 -1 -1.92225e-5 -3.85195e-5 -1 -1.33328e-5 -3.99277e-5 -0.9510707 -0.1069479 -0.2898735 -1 -7.91252e-6 -1.53854e-5 -0.951071 -0.04641544 -0.3054664 -0.9510746 -0.04641455 -0.305455 -1 4.6296e-6 -4.48525e-5 -1 -1.45808e-5 -4.34741e-5 -0.9510661 -0.04640424 -0.3054831 -1 3.68804e-6 -2.99164e-5 -0.951066 0.01601082 -0.308573 -0.9510618 0.01601594 -0.3085856 -1 1.28262e-5 -2.3745e-5 -0.9510617 0.07781046 -0.299044 -0.9510417 0.01605272 -0.3086456 -0.9510418 0.07780414 -0.2991091 -0.809042 0.1480096 -0.5688095 -0.8090389 0.1480393 -0.5688064 -0.951043 0.07784938 -0.2990934 -0.8090453 0.2594785 -0.5273678 -0.8089825 0.1480371 -0.5688869 -0.8090153 0.2594772 -0.5274143 -0.5878182 0.3571351 -0.7258956 -0.5878308 0.3571627 -0.7258718 -0.8089907 0.2595298 -0.5274261 -0.5878305 0.4959565 -0.6391264 -0.5877765 0.3571719 -0.7259113 -0.5877744 0.4959793 -0.6391603 -0.3090345 0.5830536 -0.7513629 -0.3090666 0.5830726 -0.751335 -0.5877448 0.496018 -0.6391575 -0.3090316 0.7223594 -0.6186246 -1 -3.89852e-6 -5.07087e-5 -1 1.40248e-5 -4.79972e-5 -0.9510717 0.07780796 -0.2990128 -0.9510678 0.07780188 -0.2990266 -1 2.54549e-5 -3.1285e-5 -0.9510666 0.1363971 -0.2772513 -0.9510436 0.07785362 -0.2990903 -0.9510436 0.136421 -0.2773182 -0.8090412 0.2594602 -0.5273832 -0.8090448 0.2594893 -0.5273633 -0.9510439 0.1364654 -0.2772955 -0.8090464 0.3603284 -0.4643353 -0.8089864 0.2595196 -0.5274379 -0.8089874 0.3603591 -0.4644144 -0.5878235 0.495943 -0.6391434 -0.5878196 0.4959881 -0.6391119 -0.8089886 0.3603873 -0.4643905 -0.5878274 0.6144585 -0.5262128 -0.5877486 0.4960194 -0.6391529 -0.587747 0.6144909 -0.5262646 -0.3090415 0.7223668 -0.6186111 -0.3090317 0.7223782 -0.6186026 -0.587782 0.6144952 -0.5262207 -0.3090345 0.8321044 -0.4605432 -1 2.39387e-5 -3.02643e-5 -1 2.15285e-5 -3.22284e-5 -0.9510676 0.1363903 -0.2772515 -0.9510706 0.1364106 -0.2772309 -1 7.30157e-6 -2.20686e-5 -0.9510701 0.1894173 -0.2441045 -0.9510414 0.1364455 -0.2773139 -0.9510439 0.189452 -0.2441792 -0.8090417 0.3603104 -0.4643576 -0.8090336 0.3603543 -0.4643375 -0.9510403 0.1894901 -0.2441638 -0.8090413 0.4464201 -0.3823104 -0.8089873 0.360382 -0.4643968 -0.8089944 0.4464498 -0.3823752 -0.5878244 0.6144512 -0.5262246 -0.5878125 0.6144827 -0.5262012 -0.8089909 0.4464969 -0.3823276 -0.5878238 0.7078018 -0.3917652 -0.5877733 0.6144892 -0.5262373 -0.5877708 0.7078387 -0.391778 -0.3090307 0.8321022 -0.4605497 -0.3090637 0.8321174 -0.4605001 -0.5877757 0.7078485 -0.3917529 -0.3090666 0.9077607 -0.2836341 -1 2.67625e-5 -5.0813e-5 -1 3.73349e-5 -4.3205e-5 -0.9510746 0.1894219 -0.2440829 -0.9510698 0.1894258 -0.2440986 -1 1.99303e-5 -1.50055e-5 -0.9510698 0.2346836 -0.2009721 -0.9510447 0.1894885 -0.2441475 -0.9510449 0.2347234 -0.2010437 -0.8090437 0.4464064 -0.3823214 -0.8090387 0.4464449 -0.3822869 -0.951043 0.2347563 -0.2010145 -0.8090459 0.5142369 -0.2846143 -0.8089837 0.4464903 -0.3823507 -0.8089908 0.5142855 -0.2846832 -0.5878195 0.7078039 -0.3917676 -0.5878143 0.7078346 -0.3917201 -0.8090102 0.5142818 -0.2846346 -0.5878217 0.7721812 -0.2412508 -0.5877742 0.7078466 -0.3917585 -0.5877389 0.7722321 -0.2412894 -0.3090714 0.9077606 -0.2836295 -0.309053 0.9077796 -0.2835886 -0.5877789 0.7722178 -0.2412379 -0.309074 0.9462723 -0.09508949 -1 2.90945e-5 -2.06456e-5 -1 2.10702e-5 -3.1732e-5 -0.9510682 0.2346802 -0.2009838 -0.9510669 0.2346956 -0.2009727 -1 2.38633e-5 -3.35015e-5 -0.9510669 0.2703359 -0.1496341 -0.9510436 0.2347595 -0.201008 -0.9510437 0.2703917 -0.1496809 -0.8090413 0.5142318 -0.2846366 -0.8090462 0.5142437 -0.2846009 -0.9510448 0.2704135 -0.1496346 -0.809048 0.5610026 -0.1752638 -0.808987 0.5143104 -0.2846488 -0.8089881 0.561073 -0.1753152 -0.5878245 0.7721724 -0.2412716 -0.5878257 0.7721844 -0.2412309 -0.8089869 0.5610886 -0.175271 -0.5878247 0.8049363 -0.08086848 -0.5877389 0.7722437 -0.2412524 -0.5877499 0.8049888 -0.08088958 -0.3090304 0.9462872 -0.09508389 -0.3090328 0.9462888 -0.09505933 -0.5877498 0.8049936 -0.0808435 -0.3090365 0.9460543 0.09735333 -1 4.46439e-5 -1.89841e-5 -1 4.1075e-5 -2.67811e-5 -0.9510713 0.2703395 -0.149599 -0.9510607 0.2703587 -0.149632 -1 2.75644e-5 -1.14883e-5 -0.951075 0.2949047 -0.09212803 -0.9510418 0.2704102 -0.1496588 -0.9510444 0.2949869 -0.09218209 -0.8090424 0.5610028 -0.1752896 -0.8090412 0.5610155 -0.1752541 -0.9510444 0.2949956 -0.09215235 -0.8090495 0.5847955 -0.05876332 -0.8089893 0.5610878 -0.1752629 -0.8089891 0.5848752 -0.05880397 -0.5878174 0.8049389 -0.0808953 -0.5878162 0.8049434 -0.08086013 -0.8090052 0.5848572 -0.05875933 -0.5878153 0.8047456 0.08281248 -0.5877418 0.8049979 -0.08085769 -0.5877732 0.8047767 0.0828076 -0.3090337 0.9460556 0.0973497 -0.3090372 0.946053 0.09736412 -0.5877751 0.8047717 0.08284348 -0.3090645 0.9070859 0.2857872 -0.9510645 0.294937 -0.09213322 -1 3.30433e-5 -1.24723e-5 -0.9510653 0.307443 -0.03088551 -0.951075 0.3074123 -0.03088694 -1 4.11272e-5 -1.91052e-5 -1 4.40553e-5 -1.78441e-6 -0.9510725 0.307421 -0.03088277 -1 5.95301e-5 -2.10851e-6 -0.951072 0.3073475 0.0316146 -0.9510654 0.3073673 0.03162419 -1 4.69834e-5 1.03731e-5 -1 4.65773e-5 1.27926e-5 -0.95107 0.307353 0.03162646 -1 2.53953e-5 1.46292e-5 -0.9510697 0.2946974 0.0928443 -0.9510652 0.2947049 0.09286546 -1 3.2559e-5 1.60635e-5 -1 3.97339e-5 -4.54485e-6 -0.951072 0.2946837 0.09286284 -1 3.35518e-5 3.14042e-6 -0.9510713 0.2699764 0.1502539 -0.9510731 0.2699563 0.1502792 -1 4.39882e-5 1.87904e-5 -1 3.47905e-5 3.23802e-5 -0.9510638 0.2699825 0.1502906 -1 3.33956e-5 8.10903e-6 -0.9510647 0.2342032 0.201556 -0.9510657 0.2342024 0.2015526 -1 9.5889e-6 2.00626e-5 -0.9510647 0.1888545 0.2445606 -0.9510439 0.2342427 0.2016088 -0.951044 0.1889037 0.2446032 -0.8090469 0.3592022 0.4652065 -0.809042 0.3591875 0.4652261 -0.9510399 0.1888802 0.2446371 -0.8090381 0.2582187 0.5279968 -0.8089892 0.3592385 0.4652788 -0.8089962 0.2582621 0.5280398 -0.5878268 0.3554091 0.7267352 -0.5878275 0.3553825 0.7267476 -0.8089882 0.2582167 0.528074 -0.5878167 0.2018572 0.7834061 -0.5877457 0.3553921 0.7268092 -0.5877434 0.2018659 0.783459 -0.3090767 0.2372877 0.9209594 -0.3090651 0.2372305 0.9209781 -0.5877769 0.2018252 0.7834442 -0.3090682 0.04705023 0.9498754 -1 1.97738e-5 1.35824e-5 -1 1.81254e-5 1.48229e-5 -0.9510671 0.1888434 0.2445603 -0.9510632 0.1888506 0.2445696 -1 5.73695e-6 4.07118e-5 -0.9510624 0.1357507 0.2775827 -0.9510405 0.1888858 0.2446306 -0.9510431 0.1357938 0.2776277 -0.8090402 0.258225 0.5279904 -0.809043 0.2581945 0.5280011 -0.951043 0.1357514 0.2776489 -0.8090451 0.1466296 0.5691624 -0.8089858 0.2582281 0.5280723 -0.808987 0.1466663 0.5692354 -0.5878227 0.2018451 0.7834048 -0.5878183 0.2018026 0.783419 -0.8089948 0.1466143 0.5692379 -0.587828 0.0400089 0.807996 -0.5877432 0.2018173 0.7834717 -0.5877746 0.04000544 0.808035 -0.3090348 0.04702502 0.9498875 -1 2.25082e-5 2.78056e-5 -1 2.29627e-5 2.80887e-5 -0.9510633 0.1357349 0.2775873 -0.9510755 0.1357313 0.2775471 -1 -3.9041e-6 1.6138e-5 -0.9510742 0.07707661 0.2991943 -0.9510434 0.1357495 0.2776484 -0.9510434 0.07712918 0.2992783 -0.8090409 0.1466579 0.5691611 -0.8090401 0.1466039 0.5691763 -0.9510437 0.07708203 0.2992898 -0.8090465 0.02905732 0.5870261 -0.8089844 0.1466417 0.5692456 -0.8089857 0.02907752 0.587109 -0.5878204 0.04001444 0.8080013 -1 1.51061e-5 5.68628e-5 -1 1.06581e-5 5.86212e-5 -0.9510611 0.0770868 0.2992333 -0.9510602 0.07708555 0.2992363 -1 1.7684e-5 2.90358e-5 -0.9510599 0.01528799 0.3086281 -0.9510444 0.07708239 0.2992873 -0.9510446 0.01530838 0.3086744 -0.8090433 0.02908647 0.5870289 -1 -7.09668e-6 2.00123e-5 -1 -7.22706e-6 1.99229e-5 -0.9510746 0.01525408 0.3085846 -0.3090656 -0.5040727 0.8064671 -0.5877776 -0.4287811 0.6860498 -0.3090691 -0.656045 0.6885357 -0.309072 -0.6560462 0.6885331 -0.5877413 -0.4288088 0.6860635 -0.5877726 -0.5580953 0.5857073 -0.3090392 -0.656074 0.6885214 -0.5877773 -0.5581118 0.5856869 -0.3090676 -0.7812228 0.5423727 -0.3090336 -0.7812402 0.5423671 -0.587742 -0.5581318 0.5857033 -0.5877731 -0.6645707 0.4613769 -0.3090673 -0.781256 0.542325 -0.5877454 -0.664612 0.4613527 -0.3090711 -0.874405 0.3740201 -0.3090751 -0.8744058 0.374015 -0.5877436 -0.6646099 0.461358 -0.5877754 -0.7438421 0.3181498 -0.3090391 -0.8744286 0.3739911 -0.5877769 -0.7438522 0.318123 -0.3090667 -0.9317999 0.1903333 -0.309069 -0.9317965 0.1903464 -0.5877384 -0.7438783 0.3181332 -0.58777 -0.7926617 0.161907 -0.3090709 -0.9318057 0.1902983 -0.5877708 -0.7926658 0.1618845 -0.3090605 -0.9510418 -0.001122534 -0.3090386 -0.9510489 -0.001130461 -0.5877459 -0.7926827 0.1618925 -0.587766 -0.8090305 -9.77963e-4 -0.3090381 -0.951049 -0.001147329 -0.5877767 -0.8090227 -9.94589e-4 -0.3090676 -0.9313449 -0.192546 -0.5878166 -0.4287871 0.6860126 -0.8089865 -0.311559 0.4984697 -0.5878145 -0.5580569 0.5857019 -0.5878247 -0.5580638 0.5856851 -0.8089875 -0.3115527 0.4984717 -0.8089946 -0.4054763 0.4255781 -0.5878189 -0.5580792 0.5856763 -0.8089892 -0.4055315 0.4255357 -0.5878213 -0.6645404 0.4613593 -0.5878245 -0.6645391 0.4613569 -0.8089876 -0.4055191 0.4255509 -0.8089947 -0.4828464 0.3352419 -0.5878189 -0.6645561 0.4613396 -0.8089818 -0.4828895 0.3352106 -0.5878184 -0.7438136 0.3181368 -0.5878204 -0.7438058 0.3181514 -0.8089842 -0.4828795 0.3352196 -0.8089852 -0.5404627 0.2311777 -0.5878115 -0.7438328 0.3181047 -0.8089893 -0.5404818 0.2311189 -0.5878196 -0.7926269 0.1618977 -0.5878271 -0.7926208 0.1619003 -0.8089896 -0.5404711 0.2311426 -0.8089907 -0.5759299 0.1176386 -0.5878284 -0.7926239 0.1618806 -0.8089893 -0.5759367 0.1176152 -0.5878291 -0.8089846 -9.71968e-4 -0.5877433 -0.4287665 0.6860883 -0.3090764 -0.5040217 0.8064949 -0.5877786 -0.2819022 0.758319 -0.5877742 -0.2818999 0.7583231 -0.3090661 -0.5040106 0.8065057 -0.3090616 -0.3314094 0.8914307 -0.5877446 -0.2818801 0.7583535 -0.3090642 -0.3313352 0.8914574 -0.5877467 -0.1235095 0.799562 -0.5877739 -0.1234846 0.7995458 -0.3090652 -0.3313499 0.8914516 -0.3090615 -0.1451869 0.9398946 -0.8090378 -0.3115308 0.498404 -0.9510424 -0.1638163 0.2620737 -0.8090448 -0.4054532 0.4255049 -0.8090416 -0.4054402 0.4255232 -0.9510438 -0.1638199 0.2620664 -0.9510439 -0.2131834 0.2237598 -0.8090374 -0.4054816 0.4254917 -0.9510422 -0.2132189 0.2237331 -0.8090441 -0.4828074 0.3351786 -0.8090414 -0.4827957 0.3352022 -0.9510436 -0.2132174 0.2237289 -0.9510437 -0.2538599 0.1762703 -0.8090487 -0.4828117 0.3351616 -0.9510459 -0.2538866 0.1762194 -0.8090451 -0.5403877 0.2311433 -0.809042 -0.5403977 0.2311312 -0.9510416 -0.2538941 0.1762322 -0.9510416 -0.2841516 0.1215638 -0.8090416 -0.5404099 0.2311034 -0.9510446 -0.2841625 0.1215153 -0.8090484 -0.5758534 0.1176156 -0.8090087 -0.3115243 0.4984554 -0.5878173 -0.4287362 0.6860438 -0.8089894 -0.2048494 0.5509747 -0.8089914 -0.2048395 0.5509752 -0.5878204 -0.4287328 0.6860433 -0.587832 -0.2818934 0.7582808 -0.8090048 -0.2048141 0.550965 -0.5878118 -0.2818655 0.7583068 -0.8090039 -0.08970075 0.5809186 -0.8089901 -0.08973371 0.5809329 -0.5878194 -0.2818549 0.7583048 -0.5878297 -0.1234802 0.7995055 -0.9510452 -0.1637789 0.2620871 -0.809044 -0.311487 0.4984215 -0.9510427 -0.1076929 0.2896897 -0.9510414 -0.1077104 0.2896875 -0.8090425 -0.3115017 0.4984143 -0.809036 -0.2048269 0.5509145 -0.9510449 -0.1076626 0.2896937 -0.8090438 -0.2047716 0.5509235 -0.9510424 -0.04716753 0.3054403 -0.9510427 -0.04719245 0.3054353 -0.8090449 -0.2047967 0.5509127 -0.8090425 -0.0897144 0.5808629 -0.3090699 0.2373017 0.920958 -0.3090658 0.4177706 0.8543688 -0.5877441 0.3553959 0.7268086 -0.5877772 0.3554264 0.7267668 -0.309064 0.4178141 0.8543482 -0.5877683 0.4944261 0.6403681 -0.5878254 0.3554096 0.7267361 -0.5878149 0.4943991 0.6403462 -0.8089924 0.3592193 0.4652878 -0.8089897 0.3592756 0.4652491 -0.5878179 0.4944285 0.6403208 -0.8089827 0.445551 0.383447 -0.8090428 0.3592 0.4652152 -0.8090368 0.4454806 0.3834143 -0.9510418 0.2342441 0.2016169 -0.9510418 0.2342805 0.2015747 -0.8090423 0.4454999 0.3833805 -0.9510416 0.2700366 0.1503341 -0.3090708 0.417829 0.8543385 -0.3090671 0.5812 0.7527843 -0.5877453 0.4944234 0.6403914 -0.5877445 0.4944721 0.6403545 -0.309039 0.5812361 0.7527679 -0.5877465 0.6132153 0.527751 -0.587826 0.494421 0.6403192 -0.5878162 0.6131757 0.5277194 -0.8089933 0.445524 0.3834558 -0.8089904 0.4455575 0.3834232 -0.5878267 0.6131964 0.5276836 -0.8089891 0.5136091 0.2859066 -0.8090441 0.4454945 0.3833827 -0.8090417 0.5135488 0.2858655 -0.9510424 0.2700335 0.1503342 -0.9510421 0.27006 0.1502885 -0.8090386 0.5135703 0.285836 -0.951042 0.2947695 0.0928986 -0.309064 0.581246 0.7527501 -0.3090746 0.7208431 0.6203693 -0.5877739 0.613205 0.5277326 -0.5877512 0.6132541 0.5277008 -0.3090589 0.7208866 0.6203266 -0.5877633 0.706905 0.3934713 -0.5878315 0.6131942 0.5276809 -0.5878209 0.7068519 0.3934807 -0.808997 0.51359 0.285918 -0.8089955 0.5136215 0.2858657 -0.5878157 0.7068834 0.393432 -0.8089887 0.5606471 0.1766702 -0.8090441 0.5135499 0.2858567 -0.8090413 0.5605817 0.1766365 -0.9510422 0.2947692 0.09289777 -0.9510428 0.2947815 0.09285253 -0.8090397 0.5605932 0.1766072 -0.9510427 0.3074336 0.03166359 -0.3090313 0.7208808 0.6203472 -0.3090648 0.8309682 0.46257 -0.587744 0.7069016 0.3935063 -0.5877506 0.7069301 0.3934454 -0.3090724 0.8309885 0.4625284 -0.5877753 0.7716255 0.2431346 -0.5878267 0.7068681 0.3934431 -0.5878163 0.7715935 0.2431367 -0.8089935 0.5606369 0.1766801 -0.808991 0.5606541 0.1766371 -0.5878282 0.771597 0.2430969 -0.8089899 0.5847333 0.0601862 -0.8090342 0.5605967 0.1766211 -0.8090388 0.5846651 0.06019234 -0.9510523 0.3074068 0.03163355 -0.9510426 0.3074399 0.03160268 -0.8090443 0.5846608 0.06015902 -0.9510423 0.3075142 -0.03088033 -0.3090718 0.8309949 0.4625172 -0.3090681 0.9070692 0.2858363 -0.5877461 0.7716392 0.2431614 -0.5877448 0.7716585 0.2431038 -0.3090394 0.9070894 0.2858033 -0.587747 0.8047916 0.08284878 -0.5878234 0.7715954 0.2431141 -0.5878242 0.804737 0.08283185 -0.8089858 0.5847376 0.06019985 -0.8089877 0.5847398 0.06015485 -0.5878239 0.8047413 0.08279228 -0.8089866 0.5848831 -0.05875933 -0.8090452 0.5846606 0.06014859 -0.809048 0.5847998 -0.05874103 -0.9510457 0.307505 -0.03086858 -0.9510439 0.3075057 -0.03091901 -0.8090415 0.5848052 -0.05877798 -0.9510437 0.2950024 -0.09213799 -0.3090697 0.5830233 -0.751372 -0.3090277 0.419884 -0.8533461 -0.5877786 0.3571771 -0.725907 -0.5877717 0.3571649 -0.7259185 -0.3090707 0.419841 -0.8533515 -0.5877404 0.2037647 -0.7829695 -0.5878285 0.3571428 -0.7258834 -0.5878193 0.2037516 -0.7829136 -0.8089953 0.1480628 -0.5688621 -0.8089877 0.1480134 -0.5688858 -0.5878235 0.2037053 -0.7829226 -0.8089864 0.03049337 -0.5870359 -0.8090477 0.1480107 -0.568801 -0.8090456 0.03048896 -0.5869547 -0.9510444 0.01604986 -0.3086374 -0.9510415 0.01599943 -0.3086488 -0.8090417 0.03047925 -0.5869606 -0.9510414 -0.04640674 -0.3055596 -0.3090707 0.4198367 -0.8533536 -0.3090682 0.2395295 -0.9203818 -0.587746 0.203769 -0.7829641 -0.5877726 0.2037269 -0.7829552 -0.3090719 0.2394676 -0.9203966 -0.5877749 0.0419569 -0.8079359 -0.5878299 0.2037155 -0.782915 -0.5878215 0.04198354 -0.8079005 -0.8089902 0.03050017 -0.5870304 -0.8090136 0.03046518 -0.5870001 -0.5878152 0.04193496 -0.8079077 -0.8090068 -0.08831334 -0.5811274 -0.8090485 0.03047978 -0.5869511 -0.809042 -0.08826923 -0.5810849 -0.9510447 -0.04640835 -0.3055492 -0.9510436 -0.04643619 -0.3055484 -0.8090499 -0.08829903 -0.5810695 -0.9510455 -0.106965 -0.2899501 -0.3090634 0.2394637 -0.9204005 -0.3090596 0.04935491 -0.9497612 -0.5877723 0.04196292 -0.8079375 -0.5877487 0.04192733 -0.8079566 -0.3090438 0.04931735 -0.9497683 -0.5877504 -0.1215167 -0.7998646 -0.5878244 0.0419175 -0.8079019 -0.587826 -0.121506 -0.7998106 -0.8089937 -0.08829379 -0.5811485 -0.8089915 -0.08834344 -0.5811439 -0.5878202 -0.1215524 -0.7998078 -0.8089845 -0.203477 -0.55149 -0.8090394 -0.0882979 -0.5810841 -0.809037 -0.2034551 -0.5514211 -0.9510398 -0.1069681 -0.2899677 -0.9510451 -0.1070095 -0.2899348 -0.8090443 -0.2034842 -0.5513997 -0.951045 -0.1631404 -0.2624857 -0.309063 0.04928654 -0.9497636 -0.3090596 -0.1428412 -0.9402546 -0.5877721 -0.1215324 -0.7998461 -0.5877416 -0.1215719 -0.7998626 -0.3090746 -0.1429008 -0.9402405 -0.5877436 -0.2800411 -0.7590352 -0.587832 -0.1215479 -0.7997998 -0.5878221 -0.2800252 -0.7589803 -0.8089978 -0.2034505 -0.5514804 -0.8089945 -0.2035173 -0.5514605 -0.5878245 -0.2800633 -0.7589644 -0.8089874 -0.3103247 -0.4992374 -0.8090443 -0.2034581 -0.5514094 -0.8090381 -0.3102701 -0.4991892 -0.9510425 -0.1631441 -0.2624924 -0.9510446 -0.1631831 -0.2624605 -0.8090477 -0.3102907 -0.4991608 -0.9510445 -0.2126396 -0.2242742 -0.3090685 -0.1429083 -0.9402414 -0.3090654 -0.329189 -0.8922518 -0.5877437 -0.2800375 -0.7590365 -0.5877397 -0.2800889 -0.7590206 -0.3090718 -0.3292391 -0.8922311 -0.5877753 -0.427104 -0.6870971 -0.5878232 -0.2800534 -0.7589691 -0.5878235 -0.4270869 -0.6870666 -0.8089921 -0.3102942 -0.4992488 -0.8089919 -0.3103563 -0.4992107 -0.5878201 -0.4271059 -0.6870576 -0.8089849 -0.4044656 -0.4265573 -0.8090422 -0.3102896 -0.4991704 -0.8090409 -0.4044162 -0.4264979 -0.9510417 -0.212642 -0.2242835 -0.9510426 -0.2126837 -0.2242404 -0.809044 -0.4044265 -0.4264824 -0.9510424 -0.2534405 -0.1768794 -9.31323e-7 -0.4415186 0.8972522 -6.91528e-7 -0.6130205 0.790067 -4.83065e-6 -0.6130205 0.790067 7.64215e-7 -0.6130672 0.7900309 4.83292e-6 -0.6130672 0.7900308 7.33882e-7 -0.7595186 0.6504856 -7.37608e-7 -0.6130965 0.7900081 -7.64214e-7 -0.7595428 0.6504574 -4.83292e-6 -0.7595427 0.6504575 7.64214e-7 -0.7595518 0.6504469 4.83292e-6 -0.7595518 0.6504468 7.22706e-7 -0.8749146 0.4842773 -7.30157e-7 -0.7595745 0.6504204 -7.64214e-7 -0.8749315 0.4842469 -4.83292e-6 -0.8749315 0.4842469 7.2769e-7 -0.8749566 0.4842014 4.83064e-6 -0.8749566 0.4842014 8.19564e-7 -0.9544867 0.2982537 -8.15839e-7 -0.8749504 0.4842126 -7.28034e-7 -0.9544972 0.2982201 -4.83292e-6 -0.9544971 0.2982202 7.15637e-7 -0.9545149 0.2981634 4.83065e-6 -0.9545149 0.2981634 8.3074e-7 -0.9949861 0.1000129 -8.23289e-7 -0.9545148 0.2981638 -7.27691e-7 -0.9949862 0.1000133 -3.39303e-5 -0.9949862 0.1000133 7.52155e-7 -0.994991 0.09996497 4.83293e-6 -0.994991 0.09996497 7.48783e-7 -0.9947512 -0.1023238 -7.48783e-7 -0.994991 0.09996497 -7.518e-7 -0.9947512 -0.1023238 -4.83065e-6 -0.9947512 -0.1023238 7.27692e-7 -0.994742 -0.1024122 4.83066e-6 -0.9947421 -0.1024121 8.3074e-7 -0.9537787 -0.30051 -8.27014e-7 -0.9947455 -0.1023792 -7.27692e-7 -0.9537886 -0.3004783 -4.83066e-6 -0.9537886 -0.3004785 7.63855e-7 -0.9537635 -0.3005582 4.83065e-6 -0.9537635 -0.3005582 7.37607e-7 -0.8737613 -0.4863551 -7.41333e-7 -0.9537633 -0.3005589 -7.64215e-7 -0.8737609 -0.4863557 -4.83293e-6 -0.8737609 -0.4863557 7.28034e-7 -0.8737555 -0.4863657 4.83292e-6 -0.8737554 -0.4863658 8.23289e-7 -0.7579961 -0.6522592 -8.3074e-7 -0.8737379 -0.4863971 -7.28034e-7 -0.7579725 -0.6522865 -4.83292e-6 -0.7579727 -0.6522864 7.63855e-7 -0.7579442 -0.6523194 4.83066e-6 -0.7579444 -0.6523194 7.30157e-7 -0.6111562 -0.7915101 -7.26432e-7 -0.7579689 -0.6522907 -7.63855e-7 -0.6111861 -0.791487 -4.83066e-6 -0.6111861 -0.791487 7.27692e-7 -0.6111139 -0.7915427 4.83065e-6 -0.611114 -0.7915427 8.12113e-7 -0.4393112 -0.898335 -8.3819e-7 -0.6111458 -0.7915181 -7.27692e-7 -0.4393473 -0.8983174 -4.83065e-6 -0.4393472 -0.8983173 7.39746e-7 -0.4392672 -0.8983565 4.83065e-6 -0.4392672 -0.8983565 8.19564e-7 -0.249484 -0.968379 -8.19564e-7 -0.4393056 -0.8983377 -7.39746e-7 -0.2495254 -0.9683682 -4.83065e-6 -0.2495254 -0.9683682 7.63855e-7 -0.2494366 -0.9683912 4.83065e-6 -0.2494366 -0.9683912 7.52509e-7 -0.04944282 -0.998777 -7.48783e-7 -0.2494366 -0.9683912 -7.64215e-7 -0.04944282 -0.998777 -4.83293e-6 -0.04944282 -0.998777 7.03582e-7 -0.04939407 -0.9987794 4.83065e-6 -0.04939407 -0.9987794 8.86619e-7 0.1525751 -0.9882919 -8.86619e-7 -0.04939484 -0.9987794 -7.03582e-7 0.1525743 -0.988292 -4.83065e-6 0.1525743 -0.988292 7.27691e-7 0.1526691 -0.9882774 4.83065e-6 0.1526691 -0.9882774 8.3074e-7 0.3484377 -0.9373319 -8.34465e-7 0.1526691 -0.9882774 -7.28034e-7 0.3484377 -0.9373319 -4.83293e-6 0.3484377 -0.9373319 7.39746e-7 0.3484846 -0.9373145 4.83065e-6 0.3484846 -0.9373145 8.08388e-7 0.5299905 -0.8480036 -8.08388e-7 0.3484846 -0.9373146 -7.40095e-7 0.5299905 -0.8480037 -4.83293e-6 0.5299905 -0.8480037 7.39746e-7 0.5300257 -0.8479816 4.83065e-6 0.5300257 -0.8479816 7.82311e-7 0.6898387 -0.7239632 -7.78586e-7 0.5300332 -0.8479768 -7.51801e-7 0.6898105 -0.72399 -4.83065e-6 0.6898105 -0.72399 7.76275e-7 0.6898488 -0.7239535 4.83292e-6 0.6898489 -0.7239534 7.18981e-7 0.8214312 -0.5703078 -7.18981e-7 0.6898755 -0.723928 -7.75909e-7 0.8214248 -0.5703169 -4.83064e-6 0.8214247 -0.570317 7.15637e-7 0.8214782 -0.57024 4.83065e-6 0.8214782 -0.57024 8.67993e-7 0.9194321 -0.3932489 -8.64267e-7 0.8214777 -0.5702407 -7.15974e-7 0.9194318 -0.3932496 -3.39463e-5 0.9194318 -0.3932497 7.39746e-7 0.9194533 -0.3931992 3.39303e-5 0.9194534 -0.3931992 8.19564e-7 0.9797633 -0.2001597 -8.19564e-7 0.9194533 -0.3931992 -7.39746e-7 0.9797633 -0.2001597 -3.39303e-5 0.9797633 -0.2001597 7.51801e-7 0.9797809 -0.2000737 4.83066e-6 0.9797809 -0.2000738 7.78586e-7 0.9999993 0.001202106 -7.78586e-7 0.9797743 -0.2001062 -7.51801e-7 0.9999994 0.001168966 -4.83066e-6 0.9999994 0.001169085 7.40094e-7 0.9999993 0.001214444 4.83292e-6 0.9999994 0.001214563 8.12113e-7 0.9792945 0.2024412 -8.08388e-7 0.9999993 0.001247942 -7.40094e-7 0.9792877 0.2024741 -3.39462e-5 0.9792877 0.2024739 7.15637e-7 0.9792768 0.2025262 4.83066e-6 0.9792769 0.2025261 8.27015e-7 0.9184819 0.3954633 -8.34465e-7 0.9792838 0.202493 -7.15637e-7 0.9184952 0.3954321 -4.83066e-6 0.9184952 0.3954322 7.518e-7 0.9184624 0.3955084 4.83065e-6 0.9184624 0.3955084 7.6741e-7 0.8200736 0.5722582 -7.71135e-7 0.9184624 0.3955084 -7.52155e-7 0.8200736 0.5722582 -4.83293e-6 0.8200736 0.5722582 7.76275e-7 0.8200701 0.5722631 4.83292e-6 0.8200702 0.5722632 7.15256e-7 0.6881221 0.7255949 -7.15256e-7 0.8200491 0.5722932 -7.76275e-7 0.6880955 0.7256202 -4.83292e-6 0.6880956 0.7256202 7.28034e-7 0.6880879 0.7256274 4.83292e-6 0.6880879 0.7256274 8.34465e-7 0.5279756 0.8492596 -8.34465e-7 0.6880592 0.7256547 -7.27691e-7 0.5279827 0.8492552 -4.83064e-6 0.5279827 0.8492552 7.15974e-7 0.5279377 0.8492832 4.83293e-6 0.5279377 0.8492832 8.34465e-7 0.3462163 0.9381548 -8.3819e-7 0.527937 0.8492836 -7.15637e-7 0.3462156 0.938155 -4.83065e-6 0.3462156 0.938155 7.39746e-7 0.3461275 0.9381875 4.83065e-6 0.3461275 0.9381875 8.00937e-7 0.1502339 0.9886506 -8.00937e-7 0.346169 0.9381722 -7.39746e-7 0.1502777 0.9886439 -4.83065e-6 0.1502777 0.9886439 7.15637e-7 0.1501864 0.9886577 4.83065e-6 0.1501864 0.9886577 8.60542e-7 -0.05185532 0.9986546 -8.56817e-7 0.1501864 0.9886577 -7.15974e-7 -0.05185532 0.9986547 -4.83293e-6 -0.05185532 0.9986547 7.27691e-7 -0.05190521 0.9986521 4.83065e-6 -0.05190521 0.9986521 8.23289e-7 -0.2517772 0.9677853 -8.3074e-7 -0.05190294 0.9986522 -7.27691e-7 -0.251775 0.9677858 -4.83065e-6 -0.251775 0.9677858 8.00396e-7 -0.2518248 0.9677729 4.83293e-6 -0.2518248 0.9677729 6.22123e-7 -0.4414382 0.8972917 -6.22123e-7 -0.2518248 0.9677729 -8.00018e-7 -0.4414382 0.8972917 -4.83065e-6 -0.4414382 0.8972917 6.91528e-7 -0.4415186 0.8972522 4.83065e-6 -0.4415186 0.8972522 9.31323e-7 -0.6130205 0.790067 -1 2.36392e-6 0 -1 -2.96133e-6 0 -1 3.03039e-6 0 -1 1.36873e-6 0 -1 1.3937e-6 0 -1 -2.7593e-6 0 -1 -1.29109e-6 0 -1 -2.78741e-6 0 -1 1.79968e-6 0 -1 -2.96131e-6 0 -1 4.72781e-6 0 -1 6.06073e-6 0 -1 2.47369e-6 0 -1 6.82567e-7 0 -1 -6.82567e-7 0 2.89991e-6 -0.3771993 0.9261322 2.59004e-6 -0.613018 0.7900689 -6.50189e-6 -0.6130183 0.7900688 -2.59095e-6 -0.613083 0.7900185 4.56847e-5 -0.6130834 0.7900182 -2.9027e-6 -0.803447 0.5953762 2.90386e-6 -0.6130693 0.7900292 2.59095e-6 -0.8034652 0.5953519 -4.56847e-5 -0.8034649 0.5953521 -2.59004e-6 -0.8035096 0.5952919 6.5019e-6 -0.8035094 0.5952922 -2.90596e-6 -0.9342935 0.3565049 2.90596e-6 -0.8034938 0.5953131 2.59004e-6 -0.934284 0.3565297 -4.56691e-5 -0.9342842 0.3565293 -2.59004e-6 -0.9343177 0.3564414 4.5669e-5 -0.9343175 0.3564418 -2.89991e-6 -0.9958303 0.0912249 2.89991e-6 -0.9343091 0.3564639 2.59095e-6 -0.9958326 0.09120124 -6.50417e-6 -0.9958326 0.0912007 -2.59095e-6 -0.9958345 0.09118002 6.50416e-6 -0.9958344 0.09118038 -2.89688e-6 -0.9835117 -0.180845 2.89665e-6 -0.9958345 0.09118038 2.59095e-6 -0.9835116 -0.1808454 -6.50413e-6 -0.9835117 -0.180845 -2.59095e-6 -0.9835062 -0.1808752 6.50414e-6 -0.9835061 -0.1808753 -2.90084e-6 -0.8982482 -0.4394885 2.9006e-6 -0.9835062 -0.1808753 2.59095e-6 -0.8982483 -0.4394884 -6.50415e-6 -0.8982483 -0.4394885 -2.59095e-6 -0.8982318 -0.4395225 6.50413e-6 -0.8982316 -0.4395226 -2.89828e-6 -0.7463923 -0.6655063 2.89897e-6 -0.8982316 -0.4395226 2.59004e-6 -0.7463925 -0.6655061 -4.5669e-5 -0.7463923 -0.6655063 -2.59095e-6 -0.7463468 -0.6655572 6.50413e-6 -0.7463468 -0.6655574 -2.91085e-6 -0.5391295 -0.8422229 2.90968e-6 -0.7463256 -0.6655811 2.59095e-6 -0.5391429 -0.8422144 -6.50413e-6 -0.5391432 -0.8422142 -2.59095e-6 -0.5391092 -0.842236 6.50415e-6 -0.5391093 -0.8422358 -2.90177e-6 -0.291913 -0.9564449 2.90154e-6 -0.5391005 -0.8422415 2.59095e-6 -0.2919033 -0.9564478 -6.50416e-6 -0.2919031 -0.9564479 -2.59095e-6 -0.2918808 -0.9564548 6.50415e-6 -0.2918809 -0.9564548 -2.89269e-6 -0.02303791 -0.9997347 2.89269e-6 -0.2918771 -0.9564558 2.59095e-6 -0.02303397 -0.9997348 -6.50415e-6 -0.02303397 -0.9997348 -2.59095e-6 -0.02300906 -0.9997353 6.50415e-6 -0.02300906 -0.9997353 -2.9006e-6 0.2475412 -0.9688774 2.9006e-6 -0.02300906 -0.9997353 2.59095e-6 0.2475413 -0.9688774 -6.50415e-6 0.2475412 -0.9688774 -2.59004e-6 0.2476143 -0.9688588 6.50188e-6 0.2476141 -0.9688587 -2.91131e-6 0.4997602 -0.866164 2.91108e-6 0.2475768 -0.9688683 2.59004e-6 0.4997265 -0.8661834 -6.50189e-6 0.4997268 -0.8661832 -2.59095e-6 0.4997798 -0.8661526 4.56849e-5 0.4997797 -0.8661527 -2.89571e-6 0.7149112 -0.6992152 2.89595e-6 0.4997797 -0.8661527 2.59095e-6 0.7149114 -0.6992151 -6.50414e-6 0.7149112 -0.6992152 -2.59095e-6 0.7149401 -0.6991858 6.50414e-6 0.7149401 -0.6991857 -2.902e-6 0.8770292 -0.4804372 2.90293e-6 0.7149402 -0.6991857 2.59004e-6 0.8770291 -0.4804372 -6.50188e-6 0.8770292 -0.4804372 -2.59095e-6 0.8770639 -0.480374 6.50416e-6 0.8770636 -0.4803742 -2.902e-6 0.9741366 -0.2259601 2.90223e-6 0.8770749 -0.4803538 2.59004e-6 0.9741309 -0.2259848 -6.50191e-6 0.974131 -0.2259841 -2.59004e-6 0.9741528 -0.2258903 6.50188e-6 0.9741527 -0.2258905 -2.89944e-6 0.9989765 0.04523235 2.89828e-6 0.9741527 -0.2258905 2.59095e-6 0.9989765 0.04523247 -6.50414e-6 0.9989765 0.04523235 -2.59004e-6 0.9989731 0.0453065 6.50189e-6 0.9989731 0.04530626 -2.90456e-6 0.9497292 0.3130727 2.90363e-6 0.9989732 0.04530626 2.59095e-6 0.9497291 0.3130729 -6.50413e-6 0.9497292 0.3130727 -2.59095e-6 0.9497133 0.3131209 6.52588e-5 0.9497132 0.313121 -2.89315e-6 0.8300593 0.5576752 2.89409e-6 0.9497132 0.313121 2.59004e-6 0.8300594 0.5576751 -6.50189e-6 0.8300593 0.5576752 -2.59095e-6 0.8300234 0.5577287 6.50414e-6 0.8300234 0.5577288 -2.90596e-6 0.6487926 0.7609654 2.90596e-6 0.8300233 0.5577289 2.59095e-6 0.6487926 0.7609654 -6.50415e-6 0.6487925 0.7609655 -2.59004e-6 0.6487408 0.7610096 6.5019e-6 0.6487411 0.7610093 -2.89944e-6 0.4194362 0.9077848 2.89944e-6 0.6487674 0.7609868 2.59095e-6 0.4194241 0.9077905 -6.50415e-6 0.419424 0.9077906 -2.59095e-6 0.4193915 0.9078056 6.50413e-6 0.4193912 0.9078058 -2.9013e-6 0.1589921 0.9872799 2.9013e-6 0.4193608 0.9078196 2.59095e-6 0.1589588 0.9872853 -6.50413e-6 0.1589591 0.9872852 -2.59095e-6 0.158922 0.9872912 6.52589e-5 0.158922 0.9872912 -2.90945e-6 -0.1133102 0.9935597 2.90945e-6 0.1589232 0.987291 2.59095e-6 -0.1133091 0.9935598 -6.50414e-6 -0.113309 0.9935598 -2.59095e-6 -0.1133311 0.9935573 6.50415e-6 -0.1133311 0.9935573 -2.89385e-6 -0.37716 0.9261482 2.89385e-6 -0.113331 0.9935573 2.59095e-6 -0.3771601 0.9261481 -4.56848e-5 -0.37716 0.9261482 -2.59004e-6 -0.3772323 0.9261187 6.50189e-6 -0.3772321 0.9261189 -2.89967e-6 -0.6130463 0.790047 1 3.75932e-6 0 1 1.0728e-6 0 1 3.72065e-6 0 1 -1.68704e-6 0 1 1.59336e-6 0 1 3.48812e-7 0 1 1.07281e-6 0 1 -4.74649e-6 0 1 1.44796e-5 0 1 -2.11832e-5 0 0 -0.9907211 -0.1359111 0 -0.9907219 -0.1359052 0 -0.6130613 0.7900355 0 -0.6130615 0.7900353 0 0.3776621 0.9259435 0 0.37766 0.9259444 0 0.9907211 0.1359111 0 0.9907219 0.1359052 0 0.6130613 -0.7900355 0 0.6130615 -0.7900353 0 -0.3776621 -0.9259435 0 -0.37766 -0.9259444 1 1.55458e-6 0 1 -1.55459e-6 0 1 -1.5043e-6 0 1 2.96481e-6 0 1 1.5099e-6 0 1 1.00305e-6 0 1 -1.5627e-6 0 1 -7.78961e-7 0 1 1.00554e-6 0 1 -1.95617e-7 0 1 -7.74226e-7 0 1 1.00394e-6 0 1 2.0294e-6 0 1 5.0197e-7 0 1 -1.25581e-7 0 1 -3.11868e-6 0 1 1.01271e-6 0 1 -5.01703e-7 0 1 2.01109e-6 0 1 -7.81348e-7 0 1 1.00305e-6 0 1 -7.96725e-7 0 1 -7.78168e-7 0 1 -1.55269e-6 0 1 1.00929e-6 0 4.2683e-5 -0.6721274 0.7404356 0.3089826 -0.5647209 0.7652583 3.92944e-5 -0.5093653 0.8605504 5.53355e-5 -0.5093565 0.8605556 0.3090069 -0.564724 0.7652462 0.3090038 -0.3991351 0.8632543 3.38344e-5 -0.509311 0.8605825 0.3089902 -0.3991203 0.8632659 3.03611e-5 -0.3257368 0.9454605 5.8718e-5 -0.3257029 0.9454723 0.3090105 -0.3991206 0.8632586 0.3090072 -0.2171928 0.9259276 4.48865e-5 -0.3256626 0.9454861 0.3089842 -0.2171704 0.9259405 2.44603e-5 -0.1287415 0.9916782 6.15045e-5 -0.1287124 0.9916821 0.3090125 -0.2171784 0.9259291 0.3090097 -0.02635926 0.9506936 4.30961e-5 -0.1286727 0.9916871 0.3089828 -0.02633631 0.9507029 2.30521e-5 0.07351541 0.9972941 5.55515e-5 0.07354611 0.9972918 0.3090074 -0.02634358 0.9506948 0.3090042 0.1655544 0.9365406 4.49092e-5 0.07358556 0.9972889 0.3089845 0.1655775 0.9365429 4.14327e-5 0.272782 0.9620759 6.02454e-5 0.2727981 0.9620714 0.3090114 0.1655718 0.9365351 0.3089744 0.3506671 0.8840631 3.18914e-5 0.2728508 0.9620564 0.3089885 0.3507124 0.8840402 2.86922e-5 0.4608459 0.8874801 5.58868e-5 0.4608731 0.8874661 0.3090075 0.3507025 0.8840374 0.3090044 0.521467 0.7953543 2.92803e-5 0.4609255 0.8874389 0.3089857 0.5214896 0.7953467 2.56822e-5 0.6300606 0.776546 5.21019e-5 0.6301016 0.7765127 0.3090201 0.5214858 0.795336 0.3090008 0.6708911 0.6741096 1.54101e-5 0.6300973 0.7765162 0.3089904 0.6709 0.6741054 2.99141e-5 0.7734857 0.6338137 5.918e-5 0.7735009 0.6337952 0.3090105 0.6709057 0.6740906 0.3090077 0.7928583 0.5252525 4.63821e-5 0.7735304 0.6337593 0.3089861 0.792864 0.5252565 2.5712e-5 0.8852378 0.4651389 5.03436e-5 0.8852608 0.465095 0.3090027 0.7928655 0.5252446 0.3089991 0.8823617 0.354905 2.9932e-5 0.8852784 0.4650617 0.308986 0.8823774 0.3548774 2.55182e-5 0.960748 0.277423 5.29736e-5 0.9607614 0.2773761 0.3089863 0.8823888 0.3548486 0.3090015 0.9357402 0.1700248 2.98582e-5 0.9607718 0.2773401 0.3089859 0.9357508 0.169995 4.22522e-5 0.9969274 0.07833182 5.64158e-5 0.9969289 0.07831215 0.3090079 0.9357436 0.1699939 0.3089711 0.9508215 -0.02180325 3.08716e-5 0.9969328 0.07826304 0.3089874 0.9508151 -0.0218479 4.4547e-5 0.9922885 -0.1239494 5.4568e-5 0.9922858 -0.1239718 0.3090062 0.9508091 -0.02185004 0.3089693 0.9269697 -0.2127562 4.77537e-5 0.9922814 -0.1240067 0.3089875 0.926953 -0.2128028 2.76789e-5 0.9470299 -0.3211457 5.32791e-5 0.9470223 -0.3211681 0.3090052 0.9269509 -0.2127863 0.3090021 0.8651498 -0.395011 2.83407e-5 0.9470037 -0.321223 0.3089853 0.8651453 -0.395034 4.23193e-5 0.8629927 -0.5052165 5.51269e-5 0.8629816 -0.5052356 0.3090068 0.8651382 -0.3950327 0.3090039 0.767919 -0.5610858 3.58716e-5 0.8629595 -0.5052733 0.3089927 0.7679166 -0.5610951 1.41263e-5 0.7436103 -0.6686133 5.82114e-5 0.743609 -0.6686149 0.3090097 0.767904 -0.5611031 0.308973 0.6392782 -0.7041726 3.70612e-5 0.7435805 -0.6686463 0.3089936 0.6392459 -0.704193 1.49906e-5 0.5937937 -0.8046174 6.2339e-5 0.5937864 -0.8046229 0.3089795 0.639233 -0.7042108 0.3090102 0.484426 -0.8184401 3.68898e-5 0.5937558 -0.8046453 0.3089928 0.4844015 -0.8184611 3.27304e-5 0.4197096 -0.9076585 5.9858e-5 0.419684 -0.9076703 0.3090115 0.4844076 -0.8184505 0.308974 0.309787 -0.8992036 3.44208e-5 0.4196302 -0.9076952 0.3089908 0.3097335 -0.8992162 4.76614e-5 0.2283921 -0.9735693 5.84051e-5 0.2283803 -0.9735721 0.30901 0.3097395 -0.8992077 0.3090068 0.1224049 -0.9431501 3.12309e-5 0.2283194 -0.9735863 0.3089874 0.1223796 -0.9431596 2.74107e-5 0.02775412 -0.9996148 5.62519e-5 0.02772545 -0.9996156 0.309008 0.1223889 -0.9431517 0.3090048 -0.06995654 -0.9484842 3.39876e-5 0.02766722 -0.9996173 0.3089901 -0.06997936 -0.9484873 3.02643e-5 -0.1740319 -0.9847401 5.47692e-5 -0.174062 -0.9847347 0.3090069 -0.06997025 -0.9484825 0.3090037 -0.2594515 -0.9149873 4.93316e-5 -0.1741086 -0.9847264 0.3089888 -0.2594825 -0.9149835 2.8424e-5 -0.3687021 -0.9295476 5.16698e-5 -0.3687229 -0.9295395 0.3090196 -0.2594819 -0.9149733 0.3090004 -0.4383255 -0.8440317 2.86282e-5 -0.3687745 -0.9295189 0.3089852 -0.4383454 -0.8440269 4.23044e-5 -0.548277 -0.8362968 5.3443e-5 -0.5482888 -0.8362891 0.3090056 -0.4383365 -0.8440241 0.3090022 -0.5992534 -0.7385209 3.29429e-5 -0.548344 -0.836253 0.3089889 -0.5992795 -0.7385053 2.87592e-5 -0.705392 -0.7088175 5.55217e-5 -0.705416 -0.7087935 0.3090071 -0.5992725 -0.7385034 0.3090045 -0.735656 -0.6027657 4.58593e-5 -0.7054434 -0.7087664 0.3089854 -0.7356742 -0.6027533 2.51681e-5 -0.8336372 -0.5523126 4.93601e-5 -0.8336508 -0.5522919 0.3090174 -0.735669 -0.6027432 0.3089984 -0.8419308 -0.4423491 2.99652e-5 -0.8336834 -0.5522429 0.3089864 -0.8419451 -0.4423303 2.63602e-5 -0.9277498 -0.3732027 5.86808e-5 -0.9277654 -0.373164 0.3090103 -0.841939 -0.4423249 0.3089731 -0.9137424 -0.2638377 1.79862e-6 -0.9277737 -0.3731434 0.3089939 -0.9137415 -0.2638166 3.44589e-5 -0.983885 -0.178803 5.59241e-5 -0.9838904 -0.1787732 0.3090073 -0.9137434 -0.2637947 0.3090049 -0.9481401 -0.07447469 4.80468e-5 -0.9838978 -0.1787323 0.3089872 -0.9481477 -0.07445138 2.67401e-5 -0.9997375 0.0229122 5.89415e-5 -0.9997366 0.02295374 0.3089924 -0.9481478 -0.07442861 0.3090069 -0.9437249 0.1178904 3.08263e-5 -0.9997356 0.02299612 0.3089874 -0.9437265 0.117928 2.79695e-5 -0.974662 0.223683 5.52088e-5 -0.9746512 0.2237302 0.3090064 -0.9437193 0.1179369 0.30897 -0.9006869 0.3054516 3.01296e-5 -0.9746433 0.2237645 0.3089872 -0.9006718 0.305479 8.54582e-6 -0.9096652 0.4153424 5.62593e-5 -0.909669 0.4153341 0.3090081 -0.9006648 0.3054784 0.309005 -0.8207443 0.4805151 1.49935e-5 -0.9096617 0.4153499 0.3089897 -0.8207476 0.4805194 2.9169e-5 -0.8074548 0.5899295 5.66095e-5 -0.8074413 0.5899481 0.3090085 -0.820735 0.4805287 0.3090056 -0.7072157 0.6358943 3.81001e-5 -0.8074086 0.5899927 0.3089945 -0.7072052 0.6359114 3.4906e-5 -0.672183 0.7403851 5.60656e-5 -0.6721627 0.7404036 0.3090079 -0.7072102 0.6358994 0.3090048 -0.5647408 0.7652345 1 -2.59876e-5 4.19244e-5 0.9510736 -0.1296639 0.2804396 1 -1.63764e-5 4.60893e-5 1 -1.34185e-5 4.80465e-5 0.9510639 -0.1296752 0.2804674 0.9510643 -0.1834709 0.2486265 1 -3.71281e-5 3.3889e-5 0.9510734 -0.1834546 0.2486039 1 -2.148e-5 4.60818e-5 1 -1.847e-5 1.42377e-5 0.9510657 -0.1834716 0.2486206 0.9510655 -0.2297734 0.206588 1 -1.34707e-5 8.32044e-6 0.9510622 -0.2297771 0.2065993 1 -1.47149e-5 6.31064e-6 1 -1.91927e-5 5.61774e-6 0.9510619 -0.2297841 0.2065931 0.951062 -0.2666525 0.1561337 1 -1.24117e-5 2.95043e-6 0.9510748 -0.2666307 0.1560921 0.9510742 -0.2925856 0.09925496 0.9510436 -0.292681 0.09926694 0.9510461 -0.2667118 0.1561287 0.8090459 -0.507219 0.2969405 0.9510438 -0.2926735 0.09928786 0.8090466 -0.5072066 0.2969594 0.8090445 -0.5566025 0.1887875 0.8089846 -0.5566786 0.1888204 0.8089915 -0.5072899 0.2969677 0.5878199 -0.6981459 0.40873 0.8089886 -0.5566732 0.1888184 0.5878282 -0.6981378 0.4087318 0.5878192 -0.7661181 0.259869 0.5877778 -0.7661495 0.2598699 0.5877531 -0.698198 0.408737 0.3090608 -0.8207423 0.4804827 0.5877441 -0.7661717 0.2598807 0.309031 -0.8207417 0.4805029 0.3090652 -0.9006409 0.3054911 0.9510658 -0.1296616 0.280467 1 -1.07624e-5 1.71048e-5 0.9510661 -0.07056993 0.3008207 0.9510756 -0.07054704 0.3007967 1 -2.90014e-6 1.98036e-5 1 -2.03513e-5 1.71289e-5 0.9510617 -0.07056057 0.3008372 1 1.64844e-6 2.0212e-5 0.9510623 -0.008562624 0.3088806 0.9510611 -0.008541882 0.3088849 1 6.28829e-6 5.47245e-5 0.9510619 0.05379396 0.3042822 0.9510444 -0.008537888 0.3089362 0.9510446 0.05377548 0.3043394 0.8090431 0.1022933 0.5787793 0.8090447 0.1023249 0.5787715 0.9510439 0.05382287 0.3043332 0.8090471 0.2167286 0.5463255 0.808986 0.1023396 0.578851 0.808993 0.2167188 0.5464096 0.5878224 0.2982913 0.7519888 0.587822 0.298343 0.7519686 0.8089902 0.216775 0.5463913 0.5878292 0.4435716 0.6765361 0.5877456 0.2983571 0.7520226 0.5877436 0.443585 0.6766018 0.309077 0.5214408 0.7953433 0.3090271 0.5214819 0.7953358 0.587778 0.4436027 0.6765602 0.3090691 0.6708664 0.6741028 1 5.6345e-6 2.64496e-5 1 3.68431e-6 2.62691e-5 0.9510725 0.05376601 0.3042538 0.951074 0.05378389 0.3042459 1 2.03177e-5 3.14415e-5 0.9510741 0.1139361 0.2871877 0.9510447 0.05382257 0.3043307 0.9510447 0.1139361 0.2872846 0.8090435 0.2167027 0.5463411 0.8090457 0.2167372 0.5463243 0.9510444 0.1139857 0.2872663 0.8090474 0.3222688 0.4915133 0.8089866 0.2167664 0.5464001 0.8089879 0.3222967 0.491593 0.5878236 0.4435598 0.6765487 0.5878211 0.4436002 0.6765244 0.8089966 0.3223353 0.4915532 0.5878297 0.5706717 0.5734023 0.5877397 0.4436277 0.6765771 0.5877711 0.5707013 0.5734329 0.3090702 0.6708647 0.674104 0.3090642 0.6709159 0.6740559 0.587776 0.5707138 0.5734154 0.3090667 0.7928304 0.5252598 1 9.08971e-7 1.7345e-5 1 1.7114e-5 1.18846e-5 0.9510744 0.1139198 0.2871934 0.9510729 0.113934 0.2871927 1 1.44541e-6 2.08616e-5 0.9510734 0.1694152 0.2583755 0.9510435 0.1139817 0.287271 0.9510415 0.1694555 0.2584666 0.8090457 0.3222625 0.4915202 0.8090412 0.3222936 0.4915072 0.9510442 0.169476 0.2584434 0.8090474 0.4146097 0.416583 0.8089891 0.3223177 0.4915769 0.8089904 0.414655 0.4166483 0.587827 0.5706674 0.5734093 0.5878173 0.5707052 0.5733817 0.8089938 0.414689 0.4166079 0.5878264 0.674417 0.4467908 0.5877739 0.5707108 0.5734205 0.5877718 0.6744534 0.4468074 0.3090707 0.792832 0.525255 0.3090596 0.7928662 0.5252098 0.5877726 0.6744576 0.4468002 0.309064 0.8823335 0.3549187 1 2.41846e-5 3.60906e-5 1 2.9318e-5 3.2742e-5 0.9510753 0.1694192 0.2583657 0.9510736 0.1694167 0.2583742 1 3.82345e-5 3.4634e-5 0.951073 0.2179456 0.2189974 0.9510432 0.1694768 0.2584465 0.9510433 0.2179961 0.2190765 0.8090451 0.4146098 0.4165872 0.8090434 0.4146374 0.4165631 0.9510451 0.218031 0.2190333 0.8090444 0.4899714 0.3246159 0.8089922 0.4146826 0.4166174 0.808986 0.4900364 0.3246628 0.5878219 0.6744095 0.446808 0.5878124 0.674444 0.4467684 0.8089905 0.4900641 0.3246097 0.5878228 0.7505503 0.3018916 0.5877409 0.674488 0.4467961 0.5877721 0.7505874 0.3018984 0.3090714 0.8823339 0.3549109 0.3090637 0.8823604 0.3548517 0.5877755 0.7505912 0.3018824 0.3090662 0.9357167 0.1700367 1 2.5481e-5 1.44988e-5 1 1.57282e-5 2.48551e-5 0.9510655 0.2179796 0.2189964 0.9510626 0.2179817 0.2190067 1 1.72062e-5 2.41157e-5 0.9510633 0.2575929 0.1706591 0.9510428 0.218017 0.2190577 0.9510452 0.2576311 0.1707018 0.8090444 0.4899699 0.3246179 0.8090453 0.4899872 0.3245896 0.9510442 0.2576602 0.170664 0.8090431 0.5452871 0.2193433 0.8089925 0.4900568 0.3246163 0.8089995 0.5453439 0.2193623 0.5878211 0.7505468 0.3019039 0.5878173 0.7505653 0.3018655 0.8089945 0.5453675 0.2193222 0.5878292 0.7959508 0.1446349 0.5877434 0.7506189 0.3018759 0.5877414 0.7960122 0.1446536 0.3090352 0.9357315 0.1700115 0.3090652 0.935729 0.1699701 0.5877435 0.796022 0.1445909 0.3090685 0.9507899 -0.021802 0.951061 0.2576101 0.1706461 1 4.41931e-5 6.70552e-6 0.9510614 0.2866855 0.1152984 0.95107 0.2866533 0.1153066 1 5.10961e-5 2.3514e-5 1 4.80721e-5 2.83262e-5 0.9510674 0.2866675 0.1152939 1 4.85666e-5 3.49432e-6 0.9510679 0.3040069 0.05522567 0.9510638 0.3040169 0.0552414 1 3.93987e-5 1.1649e-5 1 4.28744e-5 -2.224e-6 0.9510686 0.3040014 0.05524134 1 3.44925e-5 -9.43244e-6 0.9510679 0.3089005 -0.007097184 0.9510638 0.3089138 -0.00708121 1 5.26607e-5 -1.35531e-5 1 5.36293e-5 4.24683e-6 0.9510699 0.3088945 -0.007101595 1 1.9718e-5 3.14787e-6 0.9510703 0.3011423 -0.06912726 0.9510723 0.3011355 -0.06913077 1 5.32567e-5 -4.61936e-6 1 5.20609e-5 -8.19564e-6 0.9510635 0.3011593 -0.06914722 1 3.50419e-5 -1.56499e-5 0.9510635 0.2810875 -0.1283286 0.9510753 0.2810472 -0.1283286 1 1.93566e-5 -2.66731e-5 0.9510747 0.2494673 -0.1822721 0.9510437 0.2811303 -0.1283816 0.9510419 0.2495539 -0.1823249 0.8090465 0.4745683 -0.3467403 0.8090471 0.4745558 -0.3467559 0.951045 0.2495233 -0.1823499 0.809044 0.3950672 -0.4351664 0.8089863 0.4746243 -0.346804 0.8089933 0.395126 -0.4352073 0.5878229 0.5437721 -0.5989793 0.5878179 0.5437392 -0.5990142 0.8089875 0.3950929 -0.435248 0.5878266 0.4120578 -0.6961812 0.5877456 0.5437793 -0.5990487 0.5877436 0.4121093 -0.6962208 0.3090382 0.4844139 -0.8184367 0.3090706 0.4843896 -0.818439 0.5877706 0.4120612 -0.6962265 0.3090608 0.3097679 -0.8991804 1 5.10663e-5 -1.52886e-5 1 4.19302e-5 -3.1088e-5 0.9510711 0.2494735 -0.1822822 0.9510667 0.2494896 -0.1822831 1 2.31043e-5 -3.65186e-5 0.9510664 0.2076772 -0.2287859 0.9510453 0.2495232 -0.1823488 0.9510454 0.2077452 -0.2288116 0.8090445 0.3950687 -0.4351641 0.809041 0.395034 -0.4352019 0.9510442 0.207715 -0.2288439 0.8090478 0.2993625 -0.5057902 0.8089857 0.3951011 -0.435244 0.8089869 0.2994204 -0.5058534 0.5878225 0.4120712 -0.6961768 0.5878193 0.4120327 -0.6962022 0.8089957 0.299369 -0.5058698 0.5878294 0.2634876 -0.7648732 0.5877455 0.4120569 -0.6962503 0.5877435 0.2635212 -0.7649276 0.309077 0.3097631 -0.8991765 0.3090692 0.3097102 -0.8991973 0.5877473 0.263468 -0.764943 0.3090339 0.1224083 -0.9431406 1 3.7685e-5 -2.33427e-5 1 2.18842e-5 -3.92124e-5 0.9510657 0.2076976 -0.2287701 0.9510681 0.2076823 -0.228774 1 8.3074e-6 -3.00973e-5 0.9510684 0.1573887 -0.2658904 0.9510464 0.2077094 -0.2288401 0.9510465 0.157434 -0.2659423 0.8090512 0.2993606 -0.505786 0.8090403 0.2993372 -0.5058172 0.9510436 0.157392 -0.2659774 0.8090458 0.1914144 -0.5557027 0.8089847 0.2993989 -0.5058696 0.808986 0.1914631 -0.5557732 0.5878209 0.2634958 -0.7648769 0.5878233 0.2634683 -0.7648845 0.8089919 0.191405 -0.5557843 0.5878236 0.1041207 -0.8022608 0.5877727 0.2634814 -0.7649188 0.5877708 0.1041202 -0.8022996 0.3090692 0.1224173 -0.9431279 0.3090607 0.1223586 -0.9431384 0.5877732 0.1041088 -0.8022994 0.3090643 -0.06993049 -0.9484667 1 1.48341e-5 -1.46776e-5 1 3.73647e-6 -2.09287e-5 0.9510712 0.1573795 -0.2658863 0.9510675 0.1573751 -0.2659021 1 1.27256e-5 -2.93001e-5 0.9510678 0.1006311 -0.2921363 0.9510452 0.1573941 -0.2659704 0.9510454 0.1006797 -0.2921925 0.809049 0.1914193 -0.5556962 0.8090427 0.1913907 -0.5557154 0.9510449 0.1006323 -0.2922102 0.8090441 0.0756632 -0.5828574 0.8089849 0.1914368 -0.5557836 0.8089919 0.07568544 -0.5829269 0.5878209 0.1041312 -0.8022615 0.5878195 0.1040858 -0.8022685 0.808989 0.07563626 -0.5829375 0.5878286 -0.05950176 -0.8067944 0.5877452 0.1040921 -0.802322 0.5877436 -0.05948847 -0.8068573 0.3090774 -0.06993782 -0.9484618 0.3090606 -0.06999731 -0.948463 0.5877731 -0.05952107 -0.8068335 0.3090649 -0.2594221 -0.9149749 1 5.85988e-6 -4.25577e-5 1 1.88798e-5 -3.84972e-5 0.9510663 0.1006353 -0.2921395 0.9510661 0.1006206 -0.2921453 1 2.21059e-5 -3.69173e-5 0.951066 0.03977441 -0.3064169 0.9510466 0.1006295 -0.2922056 0.9510467 0.03979676 -0.3064741 0.8090473 0.07566291 -0.5828531 0.8090422 0.07563066 -0.5828643 0.9510426 0.03974974 -0.3064933 0.8090444 -0.04324012 -0.5861549 0.8089861 0.07564103 -0.5829407 0.8089932 -0.0432046 -0.5862282 0.5878226 -0.0594927 -0.8067994 0.5878161 -0.05954009 -0.8068007 0.8089931 -0.04328042 -0.5862229 0.5878253 -0.2206905 -0.778304 0.587747 -0.05954682 -0.8068506 0.5877454 -0.2206926 -0.7783638 0.3090397 -0.259458 -0.9149733 0.3090578 -0.2594857 -0.9149594 0.587771 -0.2207162 -0.7783377 0.3090624 -0.4382925 -0.8440263 1 1.59023e-6 -5.40763e-5 1 9.98378e-6 -5.35995e-5 0.9510696 0.03974062 -0.3064103 0.9510596 0.03974735 -0.3064405 1 9.65304e-6 -2.90217e-5 0.9510608 -0.02273571 -0.3081663 0.9510413 0.03977483 -0.3064941 0.9510436 -0.0227124 -0.3082211 0.809041 -0.04321414 -0.5861614 0.8090438 -0.04326885 -0.5861536 0.9510455 -0.02275949 -0.3082118 0.8090449 -0.1603217 -0.5654585 0.8089902 -0.04325461 -0.5862286 0.8089975 -0.1603288 -0.5655243 0.5878287 -0.2206855 -0.7783029 0.587816 -0.220731 -0.7782997 0.8089863 -0.1603795 -0.565526 0.5878255 -0.3728456 -0.7179466 0.5877488 -0.22075 -0.778345 0.587747 -0.3728623 -0.7180022 0.3090807 -0.4383061 -0.8440123 0.3090664 -0.4383571 -0.8439912 0.5877444 -0.3729106 -0.7179793 0.3090692 -0.5992248 -0.7385161 0.9510633 -0.02274274 -0.3081583 1 -2.41473e-5 -3.49209e-5 0.9510641 -0.08429819 -0.2972726 0.9510723 -0.08428907 -0.297249 1 -2.04891e-7 -5.36442e-5 1 -1.71177e-5 -4.99627e-5 0.9510721 -0.08427447 -0.2972535 1 -6.24359e-6 -1.40443e-5 0.9510708 -0.1423923 -0.274206 0.9510644 -0.1424013 -0.2742234 1 -2.51457e-5 -4.42565e-5 1 -2.76044e-5 -4.33242e-5 0.9510691 -0.1424006 -0.2742076 1 -2.33278e-5 -2.08989e-5 0.9510689 -0.1946792 -0.2399333 0.9510629 -0.1947035 -0.2399371 1 -2.95714e-5 -3.13297e-5 1 -3.22238e-5 -2.9231e-5 0.9510689 -0.1946947 -0.2399207 1 -2.03736e-5 -3.92087e-5 0.9510691 -0.2389979 -0.1958258 0.9510688 -0.2390097 -0.1958123 1 -6.97374e-6 -1.22935e-5 1 -9.23872e-7 -2.0192e-5 0.9510617 -0.2390239 -0.1958302 1 -2.55592e-5 -3.19895e-5 0.9510626 -0.2735462 -0.1437098 0.9510636 -0.2735415 -0.1437124 1 -2.68854e-5 -6.81728e-6 0.9510629 -0.2968669 -0.08572936 0.9510443 -0.2736033 -0.1437221 0.9510444 -0.2969195 -0.08575224 0.8090428 -0.5646793 -0.1630553 0.8090461 -0.5646849 -0.16302 0.9510446 -0.2969331 -0.08570313 0.8090435 -0.5859423 -0.04604589 0.8089844 -0.5647673 -0.163041 0.8089914 -0.5860129 -0.0460633 0.5878202 -0.8065064 -0.06336361 0.5878227 -0.8065068 -0.06333595 0.8089846 -0.5860264 -0.04601001 0.5878224 -0.8027491 0.1002935 0.5877473 -0.8065626 -0.06332516 0.5877451 -0.8028079 0.1002758 0.3090396 -0.943712 0.1179076 0.3090682 -0.9436984 0.1179417 0.5877466 -0.8027997 0.100334 0.3090333 -0.9006641 0.3054548 1 -2.43038e-5 -1.38357e-5 1 -2.46856e-5 -1.15708e-5 0.9510658 -0.2968617 -0.08571505 0.9510747 -0.2968352 -0.08570903 1 -4.83803e-5 1.37091e-6 0.9510597 -0.3080575 -0.02420818 0.9510415 -0.2969355 -0.08572793 0.9510442 -0.3081046 -0.02422326 0.8090419 -0.5859445 -0.04604476 0.8090475 -0.5859393 -0.04601329 0.9510455 -0.3081039 -0.02417767 0.8090454 -0.5832145 0.07284539 0.8089868 -0.5860223 -0.04602718 0.8089879 -0.5832929 0.07285553 0.5878246 -0.8027501 0.1002725 0.5878251 -0.8027449 0.100311 0.8089864 -0.5832897 0.07289922 0.5878245 -0.7661258 0.2598342 0.5877755 -0.8027808 0.100315 0.5877737 -0.7661586 0.2598521 0.3090723 -0.900654 0.3054452 1 -3.96073e-5 -8.78423e-6 1 -3.96669e-5 -8.85129e-6 0.9510616 -0.3080518 -0.02420675 0.9510726 -0.3080181 -0.02420431 1 -2.20798e-5 1.54227e-6 0.951072 -0.3065862 0.03830081 0.9510424 -0.3081132 -0.02418488 0.9510425 -0.3066802 0.03828203 0.8090441 -0.5832145 0.07286083 0.8090461 -0.583209 0.07288032 0.9510446 -0.3066661 0.03834122 0.8090482 -0.5565994 0.1887813 0.8089885 -0.583288 0.07288873 0.8089896 -0.556682 0.1887881 0.5878262 -0.7661293 0.2598199 1 -1.07884e-5 6.54533e-6 1 -6.11059e-5 -6.14673e-6 0.951076 -0.306572 0.03831803 0.9510725 -0.3065834 0.03831326 1 -4.19077e-5 -9.2648e-6 0.9510735 -0.2925935 0.09923881 0.9510409 -0.3066803 0.03832072 0.9510434 -0.292689 0.09924578 0.8090405 -0.5566172 0.1887612 1 -1.95205e-5 1.77473e-5 1 -2.93441e-5 -6.16908e-6 0.9510739 -0.2925941 0.09923303 0.3090686 -0.564691 0.7652455 0.5877467 -0.4803787 0.6509917 0.3090726 -0.3991499 0.8632228 0.3090673 -0.3991412 0.8632286 0.587771 -0.4803875 0.6509633 0.587769 -0.3395252 0.7343366 0.3090341 -0.3991205 0.8632502 0.5877513 -0.3395064 0.7343595 0.3090387 -0.2171988 0.9259157 0.3090584 -0.2171987 0.9259092 0.5877641 -0.3395116 0.7343468 0.5877726 -0.1847698 0.7876443 0.3090673 -0.2171502 0.9259176 0.5877456 -0.1847278 0.7876743 0.309032 -0.02636379 0.9506862 0.3090755 -0.02637487 0.9506718 0.5877444 -0.1847259 0.7876756 0.5877424 -0.02244269 0.8087368 0.3090614 -0.02631664 0.950678 0.5877739 -0.0224083 0.808715 0.3090649 0.165525 0.9365258 0.3090402 0.1655596 0.9365277 0.5877476 -0.0223872 0.8087345 0.5877458 0.1408134 0.7966973 0.3090646 0.1655934 0.9365138 0.5877766 0.1408436 0.7966691 0.3090683 0.3506588 0.8840335 0.3090669 0.350664 0.884032 0.5877708 0.1408395 0.7966743 0.5877686 0.2983176 0.7520205 0.3090652 0.3507222 0.8840094 0.5877434 0.2983599 0.7520233 0.3090684 0.5214352 0.7953504 0.5878148 -0.4803524 0.6509497 0.808992 -0.3490111 0.4729938 0.5878242 -0.3395164 0.7342966 0.5878221 -0.3395247 0.7342944 0.8089855 -0.34904 0.472984 0.8089866 -0.2467067 0.5335507 0.5878162 -0.3394801 0.7343198 0.8089931 -0.2466511 0.533567 0.5878251 -0.1847497 0.7876099 0.587824 -0.1847634 0.7876074 0.8089867 -0.2466853 0.5335605 0.8089938 -0.134274 0.5722758 0.5878172 -0.1847119 0.7876247 0.8089869 -0.1342195 0.5722983 0.5878255 -0.02242118 0.808677 0.5878195 -0.02243322 0.8086811 0.8089839 -0.134227 0.5723009 0.8089909 -0.01632374 0.5875946 0.587819 -0.02238631 0.8086828 0.8089885 -0.01627278 0.5875993 0.587828 0.1408198 0.7966355 0.5878333 0.1408098 0.7966334 0.8089936 -0.01627749 0.5875922 0.8089947 0.1023149 0.578843 0.5878151 0.1408323 0.7966428 0.8090118 0.1023404 0.5788146 0.5878167 0.2982969 0.751991 0.5877529 -0.4804336 0.6509456 0.3090748 -0.5647307 0.7652138 0.5877779 -0.6015835 0.5409387 0.5877766 -0.6015921 0.5409304 0.3090291 -0.5647385 0.7652266 0.3090642 -0.7071791 0.6359065 0.5877427 -0.60163 0.540925 0.309076 -0.7072123 0.6358638 0.5877782 -0.6981636 0.4087598 0.5877491 -0.6981703 0.4087902 0.309036 -0.7072136 0.6358818 0.3090711 -0.8207071 0.4805362 0.8090434 -0.3489792 0.4729295 0.9510455 -0.1834972 0.2486793 0.8090503 -0.2466576 0.5334771 0.8090461 -0.2466807 0.5334727 0.9510462 -0.1834914 0.2486808 0.9510443 -0.1297031 0.2805212 0.8090426 -0.2466273 0.5335027 0.9510448 -0.1296744 0.2805323 0.8090434 -0.1342391 0.5722138 0.8090479 -0.1342484 0.5722052 0.9510467 -0.1296817 0.2805225 0.9510469 -0.07060557 0.3008731 0.809047 -0.1342073 0.5722163 0.951045 -0.07055151 0.3008918 0.8090441 -0.01630663 0.5875217 0.8090412 -0.01631247 0.5875255 0.9510436 -0.07055521 0.3008958 0.9510437 -0.008591532 0.3089374 0.8090448 -0.01625609 0.5875223 0.9510461 -0.008542954 0.308931 0.8090513 0.1023148 0.5787639 0.8089927 -0.3490675 0.4729513 0.5878216 -0.4803826 0.6509211 0.8089857 -0.4371019 0.3930448 0.8089962 -0.4370796 0.3930481 0.5878303 -0.4803802 0.650915 0.5878199 -0.6015552 0.5409245 0.8089922 -0.4371168 0.3930146 0.5878301 -0.601579 0.5408868 0.808991 -0.5072718 0.2969999 0.8089911 -0.5072555 0.2970277 0.5878228 -0.6015762 0.540898 0.5878133 -0.6981302 0.4087662 0.9510428 -0.1835317 0.248664 0.8090393 -0.3490167 0.472909 0.9510404 -0.2298201 0.2066517 0.9510434 -0.2297996 0.2066602 0.809046 -0.3489934 0.4729145 0.8090441 -0.4370441 0.3929886 0.9510434 -0.2298309 0.2066255 0.8090407 -0.4370695 0.3929675 0.9510434 -0.2666941 0.1561754 0.9510433 -0.2667025 0.1561618 0.8090472 -0.4370542 0.392971 0.8090391 -0.507207 0.2969796 0.3090738 -0.943704 0.1178818 0.3090317 -0.9481328 -0.07445484 0.5877484 -0.8065626 -0.06331515 0.5877467 -0.8065591 -0.06337487 0.3090413 -0.9481288 -0.07446718 0.5877488 -0.7773054 -0.2243828 0.5878261 -0.8065023 -0.06336164 0.5878148 -0.777257 -0.2243776 0.8089926 -0.5647622 -0.1630175 0.8089978 -0.5647376 -0.1630774 0.5878288 -0.7772372 -0.2244094 0.8089905 -0.5203801 -0.2733839 0.8090497 -0.5646794 -0.1630215 0.8090481 -0.5203087 -0.2733499 0.9510456 -0.2736014 -0.1437173 0.9510446 -0.2735806 -0.1437634 0.8090431 -0.5202984 -0.2733843 0.9510446 -0.2390726 -0.1958536 0.3090612 -0.9481188 -0.0745114 0.3090564 -0.9137322 -0.2637756 0.5877699 -0.7772819 -0.2244091 0.5877466 -0.7772867 -0.2244534 0.3090676 -0.9137167 -0.2638165 0.5877714 -0.7162033 -0.3762682 0.5878248 -0.777242 -0.224404 0.5878165 -0.7161827 -0.3762368 0.8089863 -0.5203865 -0.2733845 0.8089841 -0.520372 -0.2734191 0.5878187 -0.716156 -0.3762842 0.8089829 -0.4546987 -0.372553 0.8090482 -0.5203041 -0.2733582 0.8090416 -0.4546521 -0.3724826 0.9510444 -0.239071 -0.1958561 0.9510431 -0.2390424 -0.1958977 0.8090403 -0.4546164 -0.3725291 0.951043 -0.1947548 -0.2399747 0.3090336 -0.9137271 -0.2638202 0.3090662 -0.8419277 -0.4423077 0.5877456 -0.716224 -0.3762691 0.5877482 -0.7162042 -0.3763024 0.3090679 -0.841897 -0.4423646 0.5877705 -0.6257847 -0.5127566 0.587824 -0.7161611 -0.3762665 0.5878241 -0.6257691 -0.5127143 0.8089859 -0.4547041 -0.3725401 0.8089951 -0.4546595 -0.3725745 0.5878254 -0.62575 -0.5127362 0.808988 -0.3703962 -0.4564486 0.8090502 -0.454626 -0.3724957 0.8090445 -0.370364 -0.4563744 0.9510458 -0.1947503 -0.2399672 0.9510434 -0.1947157 -0.2400049 0.8090408 -0.3703224 -0.4564148 0.9510433 -0.1424624 -0.2742647 0.3090715 -0.841899 -0.4423584 0.3090677 -0.7356632 -0.6027244 0.5877792 -0.6257923 -0.5127373 0.5877448 -0.6257899 -0.5127797 0.3090391 -0.735648 -0.6027576 0.5877466 -0.509801 -0.6282174 0.5878232 -0.6257549 -0.5127326 0.5878136 -0.5097677 -0.6281816 0.8089913 -0.3704138 -0.4564283 0.8089866 -0.3703756 -0.4564676 0.587822 -0.5097271 -0.6282067 0.8089855 -0.2709308 -0.5216695 0.8090457 -0.3703417 -0.4563904 0.809044 -0.2708967 -0.5215966 0.9510434 -0.1424643 -0.2742634 0.9510475 -0.1424145 -0.2742753 0.8090487 -0.2708626 -0.521607 0.9510449 -0.08431017 -0.2973307 0.3090712 -0.7356183 -0.6027776 0.3090674 -0.5992756 -0.7384756 0.5877453 -0.5098021 -0.6282175 0.5877726 -0.5097576 -0.6282283 0.3090329 -0.5992504 -0.7385105 0.5877414 -0.3729011 -0.7179867 0.5878205 -0.5097246 -0.6282102 0.5878239 -0.3728889 -0.7179255 0.8089917 -0.2709414 -0.5216546 0.8089863 -0.2709059 -0.5216811 0.5878219 -0.3728345 -0.7179554 0.8089852 -0.1603716 -0.5655299 0.8090441 -0.2708876 -0.5216011 0.8090415 -0.1603524 -0.5654548 0.9510422 -0.08433687 -0.2973318 0.9510456 -0.08428925 -0.2973341 0.809045 -0.1603208 -0.5654586 0.9510431 -0.0227338 -0.3082211 0.3090639 0.4844352 -0.8184144 0.3090598 0.6392146 -0.7041923 0.5877726 0.5437792 -0.5990223 0.5877475 0.5438268 -0.5990038 0.3090687 0.6392493 -0.7041569 0.5877723 0.6532258 -0.4773046 0.587816 0.5437828 -0.5989764 0.5878275 0.653193 -0.4772818 0.808988 0.4746152 -0.3468125 0.8089938 0.4746423 -0.346762 0.5877981 0.6532298 -0.4772676 0.8089999 0.5347008 -0.2441608 0.8090448 0.4745756 -0.3467343 0.8090488 0.5346397 -0.2441324 0.9510458 0.2811185 -0.1283911 0.9510419 0.2811466 -0.1283586 0.8090466 0.5346516 -0.2441133 0.9510437 0.301218 -0.06916314 0.3090648 0.6392612 -0.7041478 0.3090738 0.76789 -0.5610869 0.5877736 0.6532279 -0.4773004 0.5877687 0.6532394 -0.4772907 0.3090673 0.7679156 -0.5610555 0.5877706 0.7359402 -0.3360325 0.5878126 0.6532258 -0.4772552 0.5878242 0.7358996 -0.3360275 0.8089855 0.5347148 -0.2441773 0.8089921 0.5347244 -0.2441346 0.5878299 0.7359114 -0.3359916 0.808991 0.5729187 -0.131521 0.8090515 0.5346415 -0.2441193 0.809045 0.5728407 -0.1315287 0.9510464 0.3012093 -0.06916654 0.9510444 0.3012213 -0.06913977 0.8090468 0.5728516 -0.1314709 0.9510439 0.3089747 -0.00708884 0.3090645 0.7679156 -0.561057 0.3090748 0.8651143 -0.3950315 0.5877742 0.7359328 -0.3360425 0.5877817 0.7359423 -0.3360085 0.3090693 0.8651322 -0.3949968 0.587773 0.7885146 -0.1810182 0.58782 0.7359132 -0.3360053 0.5878196 0.7884829 -0.1810052 0.8089892 0.5729136 -0.1315549 0.808986 0.5729309 -0.1314989 0.5878211 0.7884884 -0.1809766 0.8089847 0.5876748 -0.01350289 0.8090465 0.5728451 -0.1315007 0.8090449 0.5875919 -0.01350271 0.9510439 0.3089742 -0.007119357 0.9510467 0.3089666 -0.007074296 0.8090469 0.5875898 -0.01347404 0.9510441 0.3040776 0.05524516 0.3090312 0.8651421 -0.3950049 0.3090662 0.9269256 -0.2128077 0.5877449 0.7885316 -0.1810359 0.5877768 0.7885172 -0.1809946 0.309038 0.926943 -0.2127727 0.5877457 0.8088321 -0.01859426 0.5878278 0.7884806 -0.1809887 0.5878185 0.8087789 -0.01860195 0.8089882 0.5876697 -0.0135107 0.8090017 0.5876522 -0.01346254 0.5878344 0.8087684 -0.01855748 0.8089947 0.5783504 0.1050643 0.8090451 0.5875918 -0.013493 0.8090381 0.5782947 0.1050371 0.9510426 0.3040857 0.05522698 0.9510452 0.3040698 0.05526775 0.8090443 0.5782771 0.1050865 0.9510452 0.286739 0.1152992 0.3090639 0.9269362 -0.2127652 0.3090367 0.9507993 -0.02184039 0.5877747 0.808811 -0.01859885 0.5877743 0.8088121 -0.01855897 0.3090352 0.9508002 -0.02182245 0.5877432 0.7960196 0.1446058 0.5878277 0.8087733 -0.01856327 0.5878185 0.7959678 0.1445851 0.8089948 0.5783551 0.1050376 0.8089986 0.5783377 0.1051046 0.5878296 0.7959526 0.1446233 0.8089913 0.545368 0.2193325 0.8090477 0.5782768 0.105062 0.8090453 0.5452958 0.2193132 0.9510442 0.2867399 0.115305 0.9510436 0.2867314 0.1153311 0.8090453 0.5452832 0.2193446 0.9510455 0.2576562 0.1706629 8.04663e-7 -0.6721424 0.7404219 7.39746e-7 -0.5093792 0.8605423 4.83065e-6 -0.5093791 0.8605422 -7.87964e-7 -0.5093047 0.8605864 -4.83065e-6 -0.5093047 0.8605864 -6.92904e-7 -0.325735 0.9454612 6.92904e-7 -0.5093047 0.8605863 7.87964e-7 -0.325735 0.9454611 4.83065e-6 -0.325735 0.9454611 -6.91854e-7 -0.3256865 0.9454779 -3.39463e-5 -0.3256865 0.9454779 -8.9407e-7 -0.1287439 0.9916779 8.9407e-7 -0.3256865 0.9454779 6.91528e-7 -0.1287439 0.9916779 4.83065e-6 -0.1287439 0.9916779 -7.88335e-7 -0.1286961 0.9916841 -4.83293e-6 -0.1286961 0.9916841 -7.07805e-7 0.07351499 0.9972942 7.07805e-7 -0.1286965 0.9916841 7.87964e-7 0.07351458 0.9972941 4.83065e-6 0.07351458 0.9972941 -7.03914e-7 0.07356262 0.9972906 -4.83293e-6 0.07356262 0.9972906 -8.86619e-7 0.2727638 0.962081 8.82894e-7 0.07356262 0.9972906 7.03582e-7 0.2727638 0.962081 4.83065e-6 0.2727638 0.962081 -7.88335e-7 0.2728111 0.9620677 -3.39463e-5 0.2728111 0.9620677 -7.00355e-7 0.4608469 0.8874797 7.00355e-7 0.2728115 0.9620676 7.87964e-7 0.4608472 0.8874795 4.83065e-6 0.4608473 0.8874795 -7.27692e-7 0.4609263 0.8874384 -4.83065e-6 0.4609263 0.8874385 -8.23289e-7 0.6300939 0.776519 8.23289e-7 0.460891 0.8874568 7.27692e-7 0.6300629 0.7765442 4.83065e-6 0.6300629 0.7765442 -7.15974e-7 0.6301006 0.7765136 -4.83292e-6 0.6301007 0.7765136 -8.56817e-7 0.7734832 0.633817 8.56817e-7 0.6301297 0.7764899 7.15974e-7 0.7735069 0.6337879 4.83292e-6 0.7735069 0.633788 -7.7591e-7 0.7735395 0.6337481 -4.83066e-6 0.7735396 0.6337482 -7.00355e-7 0.8852553 0.4651055 6.96629e-7 0.7735176 0.6337749 7.7591e-7 0.8852391 0.4651362 4.83066e-6 0.8852392 0.4651361 -7.39745e-7 0.885281 0.4650565 -4.83064e-6 0.885281 0.4650564 -8.15839e-7 0.960748 0.277423 8.19564e-7 0.885275 0.4650681 7.40094e-7 0.9607577 0.2773894 4.83292e-6 0.9607576 0.2773895 -7.15638e-7 0.9607702 0.277346 -4.83066e-6 0.9607701 0.2773461 -8.56817e-7 0.9969287 0.07831507 8.56817e-7 0.9607742 0.2773321 7.15637e-7 0.996926 0.07834845 4.83066e-6 0.9969261 0.07834833 -7.39747e-7 0.9969329 0.0782606 -4.83066e-6 0.996933 0.07826071 -8.04663e-7 0.9922854 -0.1239747 8.08388e-7 0.9969304 0.07829374 7.39746e-7 0.9922895 -0.1239417 4.83066e-6 0.9922896 -0.1239418 -7.28034e-7 0.9922844 -0.1239826 -4.83293e-6 0.9922844 -0.1239826 -8.15839e-7 0.9470302 -0.3211446 8.12113e-7 0.9922844 -0.1239826 7.27691e-7 0.9470302 -0.3211446 3.39303e-5 0.9470302 -0.3211446 -7.39746e-7 0.9470025 -0.3212264 -4.83066e-6 0.9470025 -0.3212263 -7.86036e-7 0.8629792 -0.5052395 7.93487e-7 0.9470136 -0.3211936 7.39746e-7 0.8629967 -0.5052097 4.83066e-6 0.8629966 -0.5052097 -7.63855e-7 0.8629521 -0.5052857 -4.83065e-6 0.8629521 -0.5052857 -7.48783e-7 0.7436383 -0.6685822 7.45058e-7 0.8629527 -0.5052848 7.63855e-7 0.743639 -0.6685814 4.83065e-6 0.7436391 -0.6685814 -7.28034e-7 0.7436012 -0.6686235 -4.83292e-6 0.7436011 -0.6686236 -8.3074e-7 0.5938251 -0.8045942 8.34465e-7 0.7435761 -0.6686513 7.28034e-7 0.593795 -0.8046163 3.39462e-5 0.5937951 -0.8046163 -7.63855e-7 0.5937541 -0.8046466 -4.83065e-6 0.5937541 -0.8046466 -7.26432e-7 0.4197128 -0.907657 7.22706e-7 0.5937548 -0.8046461 7.63855e-7 0.4197135 -0.9076567 4.83065e-6 0.4197135 -0.9076567 -7.39746e-7 0.4196237 -0.9076982 -4.83065e-6 0.4196237 -0.9076982 -8.15839e-7 0.2283623 -0.9735763 8.19564e-7 0.4196237 -0.9076982 7.40095e-7 0.2283623 -0.9735763 4.83293e-6 0.2283623 -0.9735763 -7.15637e-7 0.2283151 -0.9735873 -4.83065e-6 0.2283151 -0.9735873 -8.64267e-7 0.02775561 -0.9996148 8.56817e-7 0.228317 -0.9735869 7.15637e-7 0.02775752 -0.9996147 4.83065e-6 0.02775758 -0.9996147 -7.15637e-7 0.02766197 -0.9996174 -4.83065e-6 0.02766191 -0.9996174 -8.3819e-7 -0.1740785 -0.9847318 8.3819e-7 0.02766305 -0.9996173 7.15974e-7 -0.1740775 -0.984732 4.83292e-6 -0.1740775 -0.984732 -8.00019e-7 -0.1741272 -0.9847232 -4.83065e-6 -0.1741272 -0.9847232 -6.48201e-7 -0.368697 -0.9295497 6.482e-7 -0.174084 -0.9847308 8.00019e-7 -0.3687008 -0.9295482 4.83065e-6 -0.3687008 -0.9295482 -7.27692e-7 -0.3687809 -0.9295164 -4.83065e-6 -0.3687808 -0.9295164 -8.3074e-7 -0.548302 -0.8362804 8.3074e-7 -0.3687864 -0.9295142 7.27692e-7 -0.5482669 -0.8363034 4.83065e-6 -0.548267 -0.8363034 -7.27692e-7 -0.5483407 -0.836255 -4.83065e-6 -0.5483407 -0.8362551 -8.19564e-7 -0.705385 -0.7088244 8.23289e-7 -0.5483484 -0.83625 7.27692e-7 -0.7053916 -0.7088179 4.83065e-6 -0.7053917 -0.7088178 -7.40095e-7 -0.705425 -0.7087846 -4.83293e-6 -0.705425 -0.7087846 -7.97212e-7 -0.8336358 -0.5523148 7.93487e-7 -0.705425 -0.7087846 7.39746e-7 -0.8336357 -0.5523147 4.83065e-6 -0.8336357 -0.5523147 -7.15974e-7 -0.8336634 -0.5522731 -4.83292e-6 -0.8336634 -0.552273 -8.3074e-7 -0.9277521 -0.3731971 8.34465e-7 -0.8336831 -0.5522433 7.15974e-7 -0.9277654 -0.3731639 4.83292e-6 -0.9277654 -0.373164 -7.52155e-7 -0.9277699 -0.3731528 -4.83293e-6 -0.9277699 -0.3731528 -7.63685e-7 -0.983885 -0.1788028 7.63684e-7 -0.9277699 -0.3731528 7.518e-7 -0.983885 -0.1788028 4.83065e-6 -0.983885 -0.1788028 -7.51801e-7 -0.9838992 -0.1787243 -4.83066e-6 -0.9838992 -0.1787244 -7.56234e-7 -0.9997368 0.02294343 7.56234e-7 -0.9838933 -0.1787571 7.51801e-7 -0.9997376 0.02291011 4.83066e-6 -0.9997376 0.02291023 -7.27692e-7 -0.9997355 0.0229997 -4.83066e-6 -0.9997355 0.02299964 -8.23289e-7 -0.9746519 0.2237273 8.23289e-7 -0.9997363 0.02296638 7.27692e-7 -0.9746593 0.2236948 4.83066e-6 -0.9746593 0.2236948 -7.40095e-7 -0.9746508 0.223732 -4.83293e-6 -0.9746508 0.223732 -7.86036e-7 -0.9096626 0.4153479 7.86036e-7 -0.9746508 0.223732 7.40094e-7 -0.9096626 0.4153479 4.83293e-6 -0.9096626 0.4153479 -7.27692e-7 -0.9096462 0.415384 -4.83066e-6 -0.9096462 0.4153839 -8.34465e-7 -0.807438 0.5899527 8.34465e-7 -0.9096605 0.4153528 7.27692e-7 -0.8074582 0.5899249 4.83066e-6 -0.8074581 0.589925 -7.28034e-7 -0.8074291 0.5899648 -4.83292e-6 -0.807429 0.5899648 -8.12113e-7 -0.6721773 0.7403903 8.08388e-7 -0.8074076 0.5899941 7.28034e-7 -0.6721503 0.7404148 4.83292e-6 -0.6721504 0.7404147 -7.39746e-7 -0.6721134 0.7404482 -4.83065e-6 -0.6721135 0.7404482 -8.04663e-7 -0.5093454 0.8605623 1 -2.73747e-6 0 1 1.36874e-6 0 1 -1.29108e-6 0 1 7.7111e-7 0 1 -1.37965e-6 0 1 5.37501e-6 0 1 2.14698e-6 0 1 2.78739e-6 0 1 3.44914e-7 0 1 2.25457e-6 0 1 -4.31926e-6 0 1 -1.54223e-6 0 1 3.9257e-7 0 1 4.50913e-6 0 1 -5.92266e-6 0 1 -2.36394e-6 0 1 -6.82567e-7 0 1 3.41284e-7 0 1 -6.82567e-7 0 1 1.36513e-6 0 -2.9006e-6 -0.7226242 0.6912411 -2.59095e-6 -0.5093576 0.860555 6.50414e-6 -0.5093578 0.8605549 2.59095e-6 -0.5093286 0.8605722 -6.50414e-6 -0.5093286 0.8605723 2.89595e-6 -0.2582898 0.9660676 -2.89478e-6 -0.5092956 0.8605917 -2.59095e-6 -0.2582989 0.9660651 6.52588e-5 -0.2582992 0.9660651 2.59095e-6 -0.2582662 0.9660739 -6.50415e-6 -0.2582662 0.9660739 2.90014e-6 0.01192533 0.9999289 -2.90014e-6 -0.2582602 0.9660755 -2.59095e-6 0.01193147 0.9999288 6.50415e-6 0.01193159 0.9999289 2.59095e-6 0.0119605 0.9999285 -6.50414e-6 0.01196056 0.9999285 2.91481e-6 0.2812665 0.9596297 -2.91504e-6 0.01195687 0.9999286 -2.59095e-6 0.2812631 0.9596307 6.50414e-6 0.281263 0.9596308 2.59095e-6 0.2812958 0.9596211 -6.50413e-6 0.2812961 0.959621 2.89758e-6 0.5297428 0.8481584 -2.89688e-6 0.2813323 0.9596105 -2.59095e-6 0.5297343 0.8481637 4.56848e-5 0.5297342 0.8481639 2.59095e-6 0.5297595 0.848148 -6.50415e-6 0.5297594 0.848148 2.89595e-6 0.7389224 0.6737906 -2.89571e-6 0.5297594 0.848148 -2.59095e-6 0.7389225 0.6737905 6.50414e-6 0.7389224 0.6737906 2.59095e-6 0.7389444 0.6737664 -6.5259e-5 0.7389443 0.6737665 2.89991e-6 0.8933092 0.4494427 -2.89967e-6 0.7389443 0.6737665 -2.59095e-6 0.8933092 0.4494426 6.50414e-6 0.8933092 0.4494427 2.59094e-6 0.8933374 0.4493866 -4.56844e-5 0.893338 0.4493854 2.90107e-6 0.9814386 0.1917769 -2.9013e-6 0.8933383 0.4493848 -2.59095e-6 0.9814388 0.1917756 6.50411e-6 0.9814387 0.1917762 2.59095e-6 0.9814469 0.1917343 -6.50413e-6 0.9814469 0.1917341 2.90386e-6 0.9967839 -0.08013802 -2.90317e-6 0.9814514 0.1917115 -2.59095e-6 0.9967858 -0.08011394 6.50411e-6 0.9967859 -0.08011317 2.59095e-6 0.99678 -0.08018624 -4.56846e-5 0.9967799 -0.08018702 2.89548e-6 0.938209 -0.3460691 -2.89665e-6 0.9967818 -0.0801627 -2.59095e-6 0.9382008 -0.3460914 6.50414e-6 0.9382009 -0.3460912 2.59004e-6 0.9381792 -0.3461499 -6.50191e-6 0.9381795 -0.3461493 2.9048e-6 0.8100445 -0.5863685 -2.9048e-6 0.9381884 -0.3461251 -2.59095e-6 0.8100317 -0.5863862 6.50416e-6 0.8100316 -0.5863863 2.59095e-6 0.8100112 -0.5864146 -6.50413e-6 0.810011 -0.5864149 2.90317e-6 0.6218211 -0.7831595 -2.90293e-6 0.8099934 -0.5864392 -2.59095e-6 0.6217973 -0.7831783 6.50413e-6 0.6217975 -0.7831781 2.59095e-6 0.621756 -0.7832111 -6.50412e-6 0.6217555 -0.7832114 2.89967e-6 0.3874623 -0.9218856 -2.89991e-6 0.6217379 -0.7832255 -2.59095e-6 0.387441 -0.9218946 6.50412e-6 0.3874415 -0.9218943 2.59095e-6 0.3874054 -0.9219095 -6.50414e-6 0.3874054 -0.9219095 2.91038e-6 0.1243401 -0.9922397 -2.91038e-6 0.3874054 -0.9219095 -2.59095e-6 0.1243401 -0.9922397 6.50415e-6 0.1243401 -0.9922397 2.59095e-6 0.1243122 -0.9922432 -6.50415e-6 0.1243122 -0.9922432 2.9041e-6 -0.1479728 -0.9889915 -2.9041e-6 0.1243125 -0.9922432 -2.59095e-6 -0.1479725 -0.9889916 6.50415e-6 -0.1479725 -0.9889916 2.59095e-6 -0.1480076 -0.9889863 -6.50413e-6 -0.1480078 -0.9889863 2.9041e-6 -0.409318 -0.9123919 -2.90386e-6 -0.1480008 -0.9889872 -2.59095e-6 -0.4093117 -0.9123948 6.50414e-6 -0.4093117 -0.9123948 2.59095e-6 -0.4093463 -0.9123791 -6.50413e-6 -0.4093466 -0.9123791 2.90433e-6 -0.6403014 -0.7681238 -2.90363e-6 -0.4093782 -0.9123649 -2.59095e-6 -0.6402914 -0.7681321 6.52588e-5 -0.6402912 -0.7681323 2.59004e-6 -0.6403454 -0.7680872 -6.5019e-6 -0.640345 -0.7680875 2.90107e-6 -0.823783 -0.5669052 -2.90107e-6 -0.6403225 -0.7681063 -2.59095e-6 -0.8237935 -0.5668902 6.50416e-6 -0.8237935 -0.56689 2.59095e-6 -0.8238167 -0.5668564 -6.50412e-6 -0.823817 -0.5668559 2.90154e-6 -0.9461786 -0.3236452 -2.90177e-6 -0.8238315 -0.5668348 -2.59095e-6 -0.946187 -0.3236206 6.50413e-6 -0.9461869 -0.3236209 2.59095e-6 -0.9461972 -0.3235909 -4.56848e-5 -0.9461972 -0.3235909 2.90363e-6 -0.9984118 -0.05633944 -2.90363e-6 -0.9461972 -0.3235909 -2.59095e-6 -0.9984118 -0.0563395 6.50415e-6 -0.9984118 -0.05633944 2.59095e-6 -0.9984138 -0.05630356 -6.50413e-6 -0.9984138 -0.05630326 2.89781e-6 -0.9765969 0.215078 -2.89781e-6 -0.9984151 -0.05628031 -2.59095e-6 -0.9765918 0.2151013 6.50411e-6 -0.976592 0.2151006 2.59095e-6 -0.9765807 0.2151516 -6.50415e-6 -0.9765807 0.2151515 2.89688e-6 -0.882333 0.4706257 -2.89688e-6 -0.9765807 0.2151515 -2.59095e-6 -0.882333 0.4706258 6.50414e-6 -0.882333 0.4706258 2.59004e-6 -0.8823003 0.4706869 -6.50187e-6 -0.8823003 0.4706871 2.9048e-6 -0.7226456 0.6912187 -2.90386e-6 -0.8823003 0.4706871 -2.59095e-6 -0.7226457 0.6912187 6.50415e-6 -0.7226456 0.6912187 2.59095e-6 -0.7226137 0.6912521 -6.50413e-6 -0.7226135 0.6912524 2.89967e-6 -0.5093857 0.8605384 -1 -2.11828e-5 0 -1 1.87967e-6 0 -1 -3.5854e-6 0 -1 5.2134e-6 0 -1 -2.68203e-6 0 -1 -4.2176e-7 0 -1 6.25466e-6 0 -1 -6.37339e-6 0 -1 8.58255e-6 0 -1 6.74897e-6 0 -1 -2.11825e-5 0 0 0.4905995 0.8713853 0 0.4905968 0.8713867 0 -0.5093429 0.8605638 0 -0.9999414 -0.01082384 0 -0.9999415 -0.01081782 0 -0.4905995 -0.8713853 0 -0.4905968 -0.8713867 0 0.5093429 -0.8605638 0 0.9999414 0.01082384 0 0.9999415 0.01081782 -1 2.33189e-6 0 -1 1.56413e-6 0 -1 -1.00287e-6 0 -1 -7.8231e-7 0 -1 1.56269e-6 0 -1 -1.01091e-6 0 -1 3.11584e-6 0 -1 -1.00554e-6 0 -1 2.00681e-6 0 -1 1.01271e-6 0 -1 -5.18022e-7 0 -1 3.13019e-6 0 -1 -1.50591e-6 0 -1 1.54611e-6 0 -1 1.0147e-6 0 -1 -3.12124e-6 0 -1 1.00465e-6 0 -1 -7.79672e-7 0 -1 -7.74228e-7 0 -1 7.80868e-7 0 -1 -1.00341e-6 0 -1 -1.56493e-6 0 -1 1.00554e-6 0 -1 -2.02182e-6 0 -1 1.00305e-6 0 -1 -3.01982e-6 0 -1 3.10538e-6 0 -1 2.52325e-7 0 -1 -8.77512e-7 0 -1 -1.00786e-6 0 0 0.3901671 -0.9207441 7.41659e-6 0.3901669 -0.9207442 0 0.5230118 -0.8523254 -7.43428e-6 0.5230293 -0.8523147 0 0.3901857 -0.9207363 0 0.5230291 -0.8523149 0 0.5230635 -0.8522939 7.48923e-6 0.5230631 -0.8522941 0 0.644188 -0.7648673 -7.49435e-6 0.6442079 -0.7648506 0 0.5230447 -0.8523054 0 0.6442077 -0.7648506 0 0.6442303 -0.7648316 7.48085e-6 0.6442304 -0.7648316 0 0.751006 -0.6602955 -7.48038e-6 0.751006 -0.6602954 0 0.6442303 -0.7648316 0 0.751006 -0.6602955 0 0.7510337 -0.6602638 7.48038e-6 0.7510339 -0.6602637 0 0.8410353 -0.5409803 -7.48038e-6 0.8410354 -0.5409802 0 0.7510337 -0.6602638 0 0.8410353 -0.5409803 0 0.8410462 -0.5409634 7.45384e-6 0.8410461 -0.5409636 0 0.9122657 -0.409599 -7.45337e-6 0.9122656 -0.4095993 0 0.8410462 -0.5409634 0 0.9122657 -0.409599 0 0.9122794 -0.4095685 7.50413e-6 0.9122796 -0.4095683 0 0.9631245 -0.2690565 -7.5046e-6 0.9631188 -0.2690768 0 0.9122906 -0.4095437 0 0.9631188 -0.2690765 0 0.9631391 -0.269004 7.4571e-6 0.9631392 -0.2690036 0 0.9924649 -0.1225303 -7.4571e-6 0.9924681 -0.1225044 0 0.9631333 -0.2690249 0 0.992468 -0.1225042 0 0.9924745 -0.122452 7.46828e-6 0.9924744 -0.1224524 0 0.9996407 0.02680444 -7.47293e-6 0.9996408 0.02680116 0 0.9924741 -0.1224557 0 0.9996408 0.02680069 0 0.9996403 0.02682161 7.51019e-6 0.9996402 0.02682173 0 0.9844831 0.1754792 -7.50972e-6 0.9844871 0.1754572 0 0.9996409 0.02679967 0 0.9844871 0.1754575 0 0.9844798 0.1754984 7.46129e-6 0.9844798 0.1754984 0 0.9473375 0.3202371 -7.46129e-6 0.9473375 0.3202371 0 0.9844798 0.1754984 0 0.9473375 0.3202371 0 0.9473266 0.3202694 7.506e-6 0.9473267 0.3202692 0 0.8890267 0.4578556 -7.5046e-6 0.8890173 0.4578739 0 0.94732 0.3202887 0 0.8890173 0.4578737 0 0.8890085 0.4578906 7.44173e-6 0.8890084 0.4578909 0 0.8108527 0.5852504 -7.4422e-6 0.8108526 0.5852504 0 0.8890087 0.4578906 0 0.8108528 0.5852503 0 0.8108249 0.5852888 7.49761e-6 0.8108253 0.5852883 0 0.7145582 0.699576 -7.5018e-6 0.7145678 0.6995662 0 0.810833 0.5852776 0 0.7145679 0.6995661 0 0.7145399 0.6995947 7.4585e-6 0.7145396 0.699595 0 0.6023154 0.7982583 -7.45803e-6 0.602339 0.7982405 0 0.7145603 0.6995739 0 0.6023388 0.7982406 0 0.6022887 0.7982785 7.47386e-6 0.6022884 0.7982786 0 0.4766125 0.8791136 -7.47386e-6 0.4766337 0.879102 0 0.6023077 0.798264 0 0.4766336 0.8791022 0 0.4765899 0.8791258 7.50972e-6 0.4765897 0.8791258 0 0.3402699 0.9403278 -7.50925e-6 0.3402873 0.9403215 0 0.4766059 0.8791171 0 0.3402871 0.9403216 0 0.3402495 0.9403352 7.4585e-6 0.3402495 0.9403352 0 0.1963308 0.9805377 -7.4585e-6 0.1963309 0.9805378 0 0.3402495 0.9403353 0 0.1963308 0.9805377 0 0.196293 0.9805454 7.4245e-6 0.1962928 0.9805454 0 0.04798978 0.9988479 -7.4245e-6 0.04800069 0.9988474 0 0.1963036 0.9805432 0 0.04800057 0.9988473 0 0.0479694 0.9988489 7.54371e-6 0.0479694 0.9988489 0 -0.1014052 0.9948452 -7.54371e-6 -0.1014052 0.9948453 0 0.0479694 0.9988489 0 -0.1014052 0.9948452 0 -0.101444 0.9948413 7.4706e-6 -0.101444 0.9948413 0 -0.2485534 0.9686182 -7.4706e-6 -0.2485534 0.9686182 0 -0.101444 0.9948413 0 -0.2485534 0.9686182 0 -0.2485846 0.9686103 7.43289e-6 -0.2485845 0.9686103 0 -0.3901426 0.9207544 -7.43242e-6 -0.3901559 0.9207488 0 -0.2485983 0.9686067 0 -0.3901557 0.920749 0 -0.3901669 0.9207442 7.49947e-6 -0.3901669 0.9207442 0 -0.5230117 0.8523256 -7.49947e-6 -0.5230117 0.8523256 0 -0.3901669 0.9207442 0 -0.5230117 0.8523256 0 -0.5230635 0.8522939 7.48923e-6 -0.5230631 0.8522941 0 -0.644188 0.7648673 -7.49435e-6 -0.6442079 0.7648506 0 -0.5230447 0.8523054 0 -0.6442077 0.7648506 0 -0.6442303 0.7648316 7.48085e-6 -0.6442304 0.7648316 0 -0.751006 0.6602955 -7.48038e-6 -0.751006 0.6602954 0 -0.6442303 0.7648316 0 -0.751006 0.6602955 0 -0.7510337 0.6602638 7.48038e-6 -0.7510339 0.6602637 0 -0.8410353 0.5409803 -7.48038e-6 -0.8410354 0.5409802 0 -0.7510337 0.6602638 0 -0.8410353 0.5409803 0 -0.8410462 0.5409634 7.45384e-6 -0.8410461 0.5409636 0 -0.9122657 0.409599 -7.45337e-6 -0.9122656 0.4095993 0 -0.8410462 0.5409634 0 -0.9122657 0.409599 0 -0.9122794 0.4095685 7.50413e-6 -0.9122796 0.4095683 0 -0.9631245 0.2690565 -7.50413e-6 -0.9631245 0.2690563 0 -0.9122794 0.4095685 0 -0.9631245 0.2690565 0 -0.9631391 0.269004 7.4571e-6 -0.9631392 0.2690036 0 -0.9924649 0.1225303 -7.4571e-6 -0.9924653 0.1225264 0 -0.9631403 0.2689996 0 -0.9924654 0.1225258 0 -0.9924745 0.122452 7.46828e-6 -0.9924744 0.1224524 0 -0.9996407 -0.02680444 -7.47293e-6 -0.9996408 -0.02680116 0 -0.9924741 0.1224557 0 -0.9996408 -0.02680069 0 -0.999641 -0.02679574 7.51484e-6 -0.999641 -0.02679634 0 -0.9844877 -0.1754537 -7.51484e-6 -0.9844866 -0.1754601 0 -0.9996408 -0.02680361 0 -0.9844864 -0.1754614 0 -0.9844798 -0.1754984 7.46129e-6 -0.9844798 -0.1754984 0 -0.9473375 -0.3202371 -7.46129e-6 -0.9473375 -0.3202371 0 -0.9844798 -0.1754984 0 -0.9473375 -0.3202371 0 -0.94732 -0.3202887 7.5046e-6 -0.9473199 -0.3202889 0 -0.8890173 -0.4578736 -7.5046e-6 -0.8890173 -0.4578739 0 -0.94732 -0.3202887 0 -0.8890173 -0.4578737 0 -0.8890085 -0.4578906 7.44173e-6 -0.8890084 -0.4578909 0 -0.8108527 -0.5852504 -7.4422e-6 -0.8108526 -0.5852504 0 -0.8890087 -0.4578906 0 -0.8108528 -0.5852503 0 -0.8108249 -0.5852888 7.49761e-6 -0.8108253 -0.5852883 0 -0.7145582 -0.699576 -7.5018e-6 -0.7145678 -0.6995662 0 -0.810833 -0.5852776 0 -0.7145679 -0.6995661 0 -0.7145399 -0.6995947 7.4585e-6 -0.7145396 -0.699595 0 -0.6023154 -0.7982583 -7.45803e-6 -0.602339 -0.7982405 0 -0.7145603 -0.6995739 0 -0.6023388 -0.7982406 0 -0.6022885 -0.7982786 7.52788e-6 -0.6022884 -0.7982786 0 -0.4766122 -0.8791136 -7.52741e-6 -0.4766121 -0.8791137 0 -0.6022885 -0.7982786 0 -0.4766122 -0.8791136 0 -0.4766069 -0.8791165 7.45198e-6 -0.476607 -0.8791165 0 -0.3402881 -0.9403212 -7.45244e-6 -0.3402883 -0.9403212 0 -0.4766069 -0.8791165 0 -0.3402881 -0.9403212 0 -0.3402485 -0.9403356 7.4571e-6 -0.3402485 -0.9403356 0 -0.1963298 -0.980538 -7.45757e-6 -0.1963298 -0.980538 0 -0.3402485 -0.9403356 0 -0.1963298 -0.980538 0 -0.196293 -0.9805454 7.4245e-6 -0.1962928 -0.9805454 0 -0.04798978 -0.9988479 -7.4245e-6 -0.04800069 -0.9988474 0 -0.1963036 -0.9805432 0 -0.04800057 -0.9988473 0 -0.04796832 -0.9988489 7.54418e-6 -0.04796832 -0.9988489 0 0.1014063 -0.9948452 -7.54418e-6 0.1014063 -0.9948452 0 -0.04796832 -0.9988489 0 0.1014063 -0.9948452 0 0.1014419 -0.9948415 7.46921e-6 0.1014419 -0.9948416 0 0.2485514 -0.9686188 -7.46967e-6 0.2485514 -0.9686188 0 0.1014419 -0.9948415 0 0.2485514 -0.9686188 0 0.2485855 -0.9686101 7.48876e-6 0.2485855 -0.96861 0 0.3901434 -0.9207541 -7.48876e-6 0.3901434 -0.9207541 0 0.2485855 -0.9686101 0 0.3901434 -0.9207541 0 -0.02679812 0.999641 0 -0.026798 0.9996409 0 -0.8791139 0.4766118 0 -0.8791126 0.4766142 0 -0.8523162 -0.523027 0 -0.8523146 -0.5230295 0 0.02679812 -0.999641 0 0.026798 -0.9996409 0 0.8791131 -0.4766133 0 0.8791133 -0.4766129 0 0.8523163 0.5230268 0 0.8523146 0.5230295 -1 -8.18749e-7 0 -1 2.97237e-6 0 -1 1.63752e-6 0 -1 3.06989e-6 0 -1 -3.27502e-6 0 -1 -5.73125e-6 0 -1 2.97237e-6 0 -1 1.15072e-6 0 -1 -1.63752e-6 0 -1 -5.75362e-7 0 -1 3.00971e-7 0 -1 4.09378e-6 0 -1 3.54954e-6 0 -1 -3.71543e-6 0 -1 -5.77878e-6 0 -1 1.41982e-6 0 -1 -2.88936e-6 0 -1 -3.54953e-7 0 -1 -7.43091e-7 0 -1 2.12973e-6 0 -1 4.91253e-6 0 -1 -9.6313e-6 0 -1 -1.41983e-6 0 -1 2.88936e-6 0 -1 -2.12975e-6 0 -1 3.34391e-6 0 -1 -5.94468e-6 0 1 -8.63044e-7 0 1 1.6375e-6 0 1 -1.85773e-6 0 1 -5.77878e-6 0 1 1.63751e-6 0 1 8.63044e-7 0 1 -1.6375e-6 0 1 7.43091e-7 0 1 5.77878e-6 0 1 -1.63751e-6 0 1 2.83968e-6 0 1 2.22925e-6 0 1 -6.55005e-6 0 1 5.47766e-6 0 1 7.09902e-7 0 1 -8.9171e-6 0 1 1.41982e-6 0 1 7.09909e-7 0 1 2.83964e-6 0 1 -5.94477e-6 0 1 7.82521e-7 0 1 -7.09914e-7 0 1 -2.97237e-6 0 1 -1.41982e-6 0 0 0.6613242 -0.7501003 7.49016e-6 0.6613244 -0.7501 0 0.7657138 -0.6431815 -7.48923e-6 0.7656934 -0.6432059 0 0.6613366 -0.7500894 0 0.7656937 -0.6432055 0 0.7657303 -0.6431619 7.48085e-6 0.7657303 -0.6431619 0 0.8530193 -0.5218794 -7.48038e-6 0.8530194 -0.5218793 0 0.7657303 -0.6431619 0 0.8530194 -0.5218794 0 0.8530408 -0.5218442 7.48364e-6 0.8530409 -0.521844 0 0.9212776 -0.388906 -7.48318e-6 0.9212698 -0.3889243 0 0.8530306 -0.521861 0 0.9212698 -0.3889241 0 0.9212964 -0.3888614 7.46176e-6 0.9212965 -0.3888611 0 0.9689432 -0.2472834 -7.46129e-6 0.9689499 -0.2472574 0 0.9212882 -0.3888807 0 0.9689499 -0.2472573 0 0.9689559 -0.2472336 7.47526e-6 0.968956 -0.2472335 0 0.9949786 -0.1000886 -7.4748e-6 0.9949764 -0.1001107 0 0.9689506 -0.2472547 0 0.9949765 -0.1001103 0 0.99498 -0.1000735 7.47992e-6 0.99498 -0.1000738 0 0.9987837 0.04930645 -7.47992e-6 0.9987826 0.04932862 0 0.9949824 -0.1000515 0 0.9987827 0.0493285 0 0.9987809 0.04936391 7.49109e-6 0.9987809 0.0493642 0 0.9802744 0.1976418 -7.49156e-6 0.9802743 0.197642 0 0.9987809 0.04936391 0 0.9802744 0.1976418 0 0.9802672 0.1976768 7.46595e-6 0.9802673 0.197677 0 0.9398672 0.3415402 -7.46548e-6 0.9398747 0.3415198 0 0.9802715 0.1976559 0 0.9398745 0.3415202 0 0.9398622 0.3415541 7.4855e-6 0.9398622 0.3415541 0 0.8784739 0.4777904 -7.4897e-6 0.878461 0.4778143 0 0.9398527 0.3415802 0 0.8784835 0.4777725 0 0.8784503 0.4778338 7.44686e-6 0.8784502 0.4778341 0 0.7974407 0.6033975 -7.44732e-6 0.7974402 0.603398 0 0.8784502 0.4778339 0 0.7974405 0.6033976 0 0.7974368 0.6034024 7.48131e-6 0.7974371 0.6034022 0 0.6986206 0.7154924 -7.48131e-6 0.6986208 0.7154921 0 0.7974369 0.6034024 0 0.6986206 0.7154924 0 0.6985791 0.7155328 7.51251e-6 0.698579 0.715533 0 0.5841579 0.8116401 -7.51205e-6 0.5841578 0.8116402 0 0.6985791 0.7155328 0 0.5841579 0.8116401 0 0.5841568 0.8116409 7.44732e-6 0.584157 0.8116407 0 0.4566918 0.8896251 -7.44825e-6 0.456671 0.8896356 0 0.584138 0.8116544 0 0.4566712 0.8896356 0 0.4566447 0.8896493 7.50227e-6 0.4566447 0.8896493 0 0.3189793 0.9477618 -7.50227e-6 0.3189794 0.9477617 0 0.4566448 0.8896491 0 0.3189795 0.9477617 0 0.318944 0.9477736 7.43382e-6 0.3189439 0.9477736 0 0.1741548 0.9847183 -7.43428e-6 0.1741657 0.9847164 0 0.3189544 0.9477701 0 0.1741656 0.9847165 0 0.1741364 0.9847216 7.46921e-6 0.1741364 0.9847216 0 0.02545821 0.9996759 -7.46967e-6 0.02545821 0.9996759 0 0.1741364 0.9847216 0 0.02545821 0.9996759 0 0.02541846 0.999677 7.52043e-6 0.02541846 0.999677 0 -0.1238278 0.9923037 -7.52043e-6 -0.1238278 0.9923037 0 0.02541846 0.999677 0 -0.1238278 0.9923037 0 -0.1238557 0.9923002 7.49947e-6 -0.1238558 0.9923002 0 -0.2703363 0.962766 -7.49947e-6 -0.2703364 0.9627659 0 -0.1238558 0.9923002 0 -0.2703364 0.9627659 0 -0.2703626 0.9627586 7.47852e-6 -0.2703624 0.9627587 0 -0.4108055 0.9117231 -7.47992e-6 -0.4108194 0.9117168 0 -0.2703771 0.9627546 0 -0.4108192 0.9117168 0 -0.4108451 0.9117051 7.44173e-6 -0.4108452 0.9117051 0 -0.5421121 0.8403062 -7.4422e-6 -0.5420939 0.8403179 0 -0.4108259 0.9117139 0 -0.5420943 0.8403176 0 -0.5421451 0.840285 7.50227e-6 -0.5421454 0.8402848 0 -0.6613037 0.7501183 -7.5018e-6 -0.6612836 0.750136 0 -0.5421226 0.8402995 0 -0.6612837 0.750136 0 -0.6613242 0.7501003 7.49016e-6 -0.6613244 0.7501 0 -0.7657138 0.6431815 -7.48923e-6 -0.7656934 0.6432059 0 -0.6613366 0.7500894 0 -0.7656937 0.6432055 0 -0.7657305 0.6431617 7.44499e-6 -0.7657303 0.6431618 0 -0.8530195 0.5218791 -7.42218e-6 -0.8530135 0.5218888 0 -0.7657228 0.6431709 0 -0.8530133 0.5218893 0 -0.8530451 0.5218372 7.49622e-6 -0.8530449 0.5218375 0 -0.9212807 0.3888983 -7.50041e-6 -0.9212776 0.3889057 0 -0.8530406 0.5218446 0 -0.9212774 0.3889063 0 -0.92128 0.3889001 7.46129e-6 -0.9212798 0.3889006 0 -0.9689447 0.2472776 -7.4571e-6 -0.9689434 0.2472831 0 -0.9212964 0.3888614 0 -0.9689432 0.2472834 0 -0.9689559 0.2472336 7.47526e-6 -0.968956 0.2472335 0 -0.9949786 0.1000886 -7.47898e-6 -0.9949789 0.1000851 0 -0.9689571 0.2472293 0 -0.994979 0.1000843 0 -0.9949846 0.1000294 7.48038e-6 -0.9949846 0.1000288 0 -0.998784 -0.04930269 -7.47992e-6 -0.9987837 -0.04930603 0 -0.99498 0.1000734 0 -0.9987837 -0.04930639 0 -0.998782 -0.04934197 7.49109e-6 -0.998782 -0.04934173 0 -0.9802787 -0.1976203 -7.48644e-6 -0.9802793 -0.1976171 0 -0.9987822 -0.04933792 0 -0.9802795 -0.1976163 0 -0.9802715 -0.1976559 7.46548e-6 -0.9802715 -0.1976556 0 -0.9398745 -0.3415202 -7.46548e-6 -0.9398747 -0.3415198 0 -0.9802715 -0.1976559 0 -0.9398745 -0.3415202 0 -0.9398622 -0.3415541 7.4855e-6 -0.9398622 -0.3415541 0 -0.8784739 -0.4777904 -7.4855e-6 -0.8784739 -0.4777904 0 -0.9398622 -0.3415541 0 -0.8784739 -0.4777904 0 -0.8784503 -0.4778338 7.44686e-6 -0.8784502 -0.4778341 0 -0.7974407 -0.6033975 -7.44732e-6 -0.7974402 -0.603398 0 -0.8784502 -0.4778339 0 -0.7974405 -0.6033976 0 -0.7974367 -0.6034026 7.5181e-6 -0.7974371 -0.6034023 0 -0.6986204 -0.7154926 -7.51251e-6 -0.6986308 -0.7154825 0 -0.7974167 -0.6034291 0 -0.6986309 -0.7154823 0 -0.6985997 -0.7155128 7.45757e-6 -0.6985999 -0.7155126 0 -0.5841812 -0.8116234 -7.45757e-6 -0.5841578 -0.8116402 0 -0.6985793 -0.7155326 0 -0.5841581 -0.8116399 0 -0.5841568 -0.8116409 7.44732e-6 -0.584157 -0.8116407 0 -0.4566918 -0.8896251 -7.44825e-6 -0.456671 -0.8896356 0 -0.584138 -0.8116544 0 -0.4566712 -0.8896356 0 -0.4566447 -0.8896493 7.50227e-6 -0.4566447 -0.8896493 0 -0.3189793 -0.9477618 -7.50227e-6 -0.3189794 -0.9477617 0 -0.4566448 -0.8896491 0 -0.3189795 -0.9477617 0 -0.318944 -0.9477736 7.43382e-6 -0.3189439 -0.9477736 0 -0.1741548 -0.9847183 -7.43428e-6 -0.1741657 -0.9847164 0 -0.3189544 -0.9477701 0 -0.1741656 -0.9847165 0 -0.1741364 -0.9847216 7.53859e-6 -0.1741364 -0.9847216 0 -0.02545821 -0.9996759 -7.53906e-6 -0.02545821 -0.9996759 0 -0.1741363 -0.9847216 0 -0.02545815 -0.9996759 0 -0.02541846 -0.999677 7.44546e-6 -0.02541846 -0.999677 0 0.1238278 -0.9923037 -7.44499e-6 0.1238278 -0.9923037 0 -0.02541846 -0.999677 0 0.1238278 -0.9923037 0 0.1238568 -0.9923001 7.50087e-6 0.1238568 -0.9923002 0 0.2703373 -0.9627657 -7.50087e-6 0.2703374 -0.9627657 0 0.1238569 -0.9923001 0 0.2703374 -0.9627657 0 0.2703616 -0.9627589 7.47666e-6 0.2703614 -0.9627589 0 0.4108046 -0.9117234 -7.47666e-6 0.4108185 -0.9117172 0 0.2703762 -0.9627549 0 0.4108183 -0.9117172 0 0.4108256 -0.9117139 7.50692e-6 0.4108254 -0.911714 0 0.5420941 -0.8403177 -7.50739e-6 0.5421122 -0.8403062 0 0.4108449 -0.9117053 0 0.5421119 -0.8403064 0 0.5421228 -0.8402993 7.44499e-6 0.5421225 -0.8402996 0 0.6612839 -0.7501358 -7.44546e-6 0.6613041 -0.750118 0 0.5421453 -0.8402849 0 0.6613039 -0.7501181 0 -0.3415445 0.9398657 0 -0.3415433 0.9398661 0 -0.9847197 0.1741468 0 -0.9847192 0.17415 0 -0.6431773 -0.7657175 0 -0.6431758 -0.7657186 0 0.3415435 -0.939866 0 0.3415433 -0.9398661 0 0.9847198 -0.1741468 0 0.9847192 -0.17415 0 0.6431756 0.7657188 0 0.6431753 0.765719 -1 1.15073e-6 0 -1 -1.14627e-5 0 -1 2.22925e-6 0 -1 -1.15073e-6 0 -1 1.48617e-6 0 -1 -2.87682e-7 0 -1 -4.81555e-7 0 -1 -2.45627e-6 0 -1 -1.63752e-6 0 -1 9.66009e-6 0 -1 -1.48617e-6 0 -1 -2.87682e-7 0 -1 -1.92623e-6 0 -1 -8.18754e-7 0 -1 5.94473e-6 0 -1 3.85244e-6 0 -1 2.83965e-6 0 -1 -4.09377e-7 0 -1 -2.4847e-6 0 -1 -1.85771e-6 0 -1 5.9447e-6 0 -1 -6.55014e-6 0 -1 1.15573e-5 0 -1 -2.83965e-6 0 -1 4.09377e-7 0 -1 1.92622e-6 0 -1 2.48466e-6 0 -1 1.85774e-6 0 1 0 0 1 -8.18752e-7 0 1 -7.43092e-7 0 1 -4.29843e-6 0 1 1.11464e-6 0 1 -1.15073e-6 0 1 3.85244e-6 0 1 -3.27506e-6 0 1 0 0 1 8.18755e-7 0 1 7.4309e-7 0 1 6.14062e-7 0 1 -1.11462e-6 0 1 -3.85243e-6 0 1 -3.27507e-6 0 1 -2.12975e-6 0 1 7.43089e-7 0 1 -3.27502e-6 0 1 1.92623e-6 0 1 5.67923e-6 0 1 -3.5496e-6 0 1 3.34388e-6 0 1 1.41983e-6 0 1 -4.45851e-6 0 1 6.55005e-6 0 1 5.94461e-6 0 1 -7.09912e-7 0 1 2.45627e-6 0 1 -1.44466e-6 0 1 -5.67931e-6 0 1 3.5496e-6 0 1 -3.34388e-6 0 1 -1.41983e-6 0 1 4.45851e-6 0 1 5.94474e-6 0</float_array>
          <technique_common>
            <accessor source="#acopleSuctionCupGripperV2-mesh-normals-array" count="4009" stride="3">
              <param name="X" type="float"/>
              <param name="Y" type="float"/>
              <param name="Z" type="float"/>
            </accessor>
          </technique_common>
        </source>
        <source id="acopleSuctionCupGripperV2-mesh-map-0">
          <float_array id="acopleSuctionCupGripperV2-mesh-map-0-array" count="12432">-0.574949 -0.408407 -0.974949 -0.408407 -0.574949 -0.471239 -0.574949 -0.471239 -0.974949 -0.408407 -0.974949 -0.471239 -0.574949 0.471239 -0.974949 0.471239 -0.574949 0.408407 -0.574949 0.408407 -0.974949 0.471239 -0.974949 0.408407 -0.574949 0.408407 -0.974949 0.408407 -0.574949 0.345575 -0.574949 0.345575 -0.974949 0.408407 -0.974949 0.345575 -0.574949 0.345575 -0.974949 0.345575 -0.574949 0.282743 -0.574949 0.282743 -0.974949 0.345575 -0.974949 0.282743 -0.574949 0.282743 -0.974949 0.282743 -0.574949 0.2199119 -0.574949 0.2199119 -0.974949 0.282743 -0.974949 0.2199119 -0.574949 0.2199119 -0.974949 0.2199119 -0.574949 0.1570799 -0.574949 0.1570799 -0.974949 0.2199119 -0.974949 0.1570799 -0.574949 0.1570799 -0.974949 0.1570799 -0.574949 0.09424799 -0.574949 0.09424799 -0.974949 0.1570799 -0.974949 0.09424799 -0.574949 0.09424799 -0.974949 0.09424799 -0.574949 0.03141599 -0.574949 0.03141599 -0.974949 0.09424799 -0.974949 0.03141599 -0.574949 0.03141599 -0.974949 0.03141599 -0.574949 -0.03141599 -0.574949 -0.03141599 -0.974949 0.03141599 -0.974949 -0.03141599 -0.574949 -0.03141599 -0.974949 -0.03141599 -0.574949 -0.09424799 -0.574949 -0.09424799 -0.974949 -0.03141599 -0.974949 -0.09424799 -0.574949 -0.09424799 -0.974949 -0.09424799 -0.574949 -0.1570799 -0.574949 -0.1570799 -0.974949 -0.09424799 -0.974949 -0.1570799 -0.574949 -0.1570799 -0.974949 -0.1570799 -0.574949 -0.2199119 -0.574949 -0.2199119 -0.974949 -0.1570799 -0.974949 -0.2199119 -0.574949 -0.2199119 -0.974949 -0.2199119 -0.574949 -0.282743 -0.574949 -0.282743 -0.974949 -0.2199119 -0.974949 -0.282743 -0.574949 -0.282743 -0.974949 -0.282743 -0.574949 -0.345575 -0.574949 -0.345575 -0.974949 -0.282743 -0.974949 -0.345575 -0.574949 -0.345575 -0.974949 -0.345575 -0.574949 -0.408407 -0.574949 -0.408407 -0.974949 -0.345575 -0.974949 -0.408407 0.575051 0.408407 0.975051 0.408407 0.575051 0.471239 0.575051 0.471239 0.975051 0.408407 0.975051 0.471239 0.575051 -0.471239 0.975051 -0.471239 0.575051 -0.408407 0.575051 -0.408407 0.975051 -0.471239 0.975051 -0.408407 0.575051 -0.408407 0.975051 -0.408407 0.575051 -0.345575 0.575051 -0.345575 0.975051 -0.408407 0.975051 -0.345575 0.575051 -0.345575 0.975051 -0.345575 0.575051 -0.282743 0.575051 -0.282743 0.975051 -0.345575 0.975051 -0.282743 0.575051 -0.282743 0.975051 -0.282743 0.575051 -0.2199119 0.575051 -0.2199119 0.975051 -0.282743 0.975051 -0.2199119 0.575051 -0.2199119 0.975051 -0.2199119 0.575051 -0.1570799 0.575051 -0.1570799 0.975051 -0.2199119 0.975051 -0.1570799 0.575051 -0.1570799 0.975051 -0.1570799 0.575051 -0.09424799 0.575051 -0.09424799 0.975051 -0.1570799 0.975051 -0.09424799 0.575051 -0.09424799 0.975051 -0.09424799 0.575051 -0.03141599 0.575051 -0.03141599 0.975051 -0.09424799 0.975051 -0.03141599 0.575051 -0.03141599 0.975051 -0.03141599 0.575051 0.03141599 0.575051 0.03141599 0.975051 -0.03141599 0.975051 0.03141599 0.575051 0.03141599 0.975051 0.03141599 0.575051 0.09424799 0.575051 0.09424799 0.975051 0.03141599 0.975051 0.09424799 0.575051 0.09424799 0.975051 0.09424799 0.575051 0.1570799 0.575051 0.1570799 0.975051 0.09424799 0.975051 0.1570799 0.575051 0.1570799 0.975051 0.1570799 0.575051 0.2199119 0.575051 0.2199119 0.975051 0.1570799 0.975051 0.2199119 0.575051 0.2199119 0.975051 0.2199119 0.575051 0.282743 0.575051 0.282743 0.975051 0.2199119 0.975051 0.282743 0.575051 0.282743 0.975051 0.282743 0.575051 0.345575 0.575051 0.345575 0.975051 0.282743 0.975051 0.345575 0.575051 0.345575 0.975051 0.345575 0.575051 0.408407 0.575051 0.408407 0.975051 0.345575 0.975051 0.408407 -0.574949 -0.408407 -0.974949 -0.408407 -0.574949 -0.471239 -0.574949 -0.471239 -0.974949 -0.408407 -0.974949 -0.471239 -0.574949 0.471239 -0.974949 0.471239 -0.574949 0.408407 -0.574949 0.408407 -0.974949 0.471239 -0.974949 0.408407 -0.574949 0.408407 -0.974949 0.408407 -0.574949 0.345575 -0.574949 0.345575 -0.974949 0.408407 -0.974949 0.345575 -0.574949 0.345575 -0.974949 0.345575 -0.574949 0.282743 -0.574949 0.282743 -0.974949 0.345575 -0.974949 0.282743 -0.574949 0.282743 -0.974949 0.282743 -0.574949 0.2199119 -0.574949 0.2199119 -0.974949 0.282743 -0.974949 0.2199119 -0.574949 0.2199119 -0.974949 0.2199119 -0.574949 0.1570799 -0.574949 0.1570799 -0.974949 0.2199119 -0.974949 0.1570799 -0.574949 0.1570799 -0.974949 0.1570799 -0.574949 0.09424799 -0.574949 0.09424799 -0.974949 0.1570799 -0.974949 0.09424799 -0.574949 0.09424799 -0.974949 0.09424799 -0.574949 0.03141599 -0.574949 0.03141599 -0.974949 0.09424799 -0.974949 0.03141599 -0.574949 0.03141599 -0.974949 0.03141599 -0.574949 -0.03141599 -0.574949 -0.03141599 -0.974949 0.03141599 -0.974949 -0.03141599 -0.574949 -0.03141599 -0.974949 -0.03141599 -0.574949 -0.09424799 -0.574949 -0.09424799 -0.974949 -0.03141599 -0.974949 -0.09424799 -0.574949 -0.09424799 -0.974949 -0.09424799 -0.574949 -0.1570799 -0.574949 -0.1570799 -0.974949 -0.09424799 -0.974949 -0.1570799 -0.574949 -0.1570799 -0.974949 -0.1570799 -0.574949 -0.2199119 -0.574949 -0.2199119 -0.974949 -0.1570799 -0.974949 -0.2199119 -0.574949 -0.2199119 -0.974949 -0.2199119 -0.574949 -0.282743 -0.574949 -0.282743 -0.974949 -0.2199119 -0.974949 -0.282743 -0.574949 -0.282743 -0.974949 -0.282743 -0.574949 -0.345575 -0.574949 -0.345575 -0.974949 -0.282743 -0.974949 -0.345575 -0.574949 -0.345575 -0.974949 -0.345575 -0.574949 -0.408407 -0.574949 -0.408407 -0.974949 -0.345575 -0.974949 -0.408407 0.575051 0.408407 0.975051 0.408407 0.575051 0.471239 0.575051 0.471239 0.975051 0.408407 0.975051 0.471239 0.575051 -0.471239 0.975051 -0.471239 0.575051 -0.408407 0.575051 -0.408407 0.975051 -0.471239 0.975051 -0.408407 0.575051 -0.408407 0.975051 -0.408407 0.575051 -0.345575 0.575051 -0.345575 0.975051 -0.408407 0.975051 -0.345575 0.575051 -0.345575 0.975051 -0.345575 0.575051 -0.282743 0.575051 -0.282743 0.975051 -0.345575 0.975051 -0.282743 0.575051 -0.282743 0.975051 -0.282743 0.575051 -0.2199119 0.575051 -0.2199119 0.975051 -0.282743 0.975051 -0.2199119 0.575051 -0.2199119 0.975051 -0.2199119 0.575051 -0.1570799 0.575051 -0.1570799 0.975051 -0.2199119 0.975051 -0.1570799 0.575051 -0.1570799 0.975051 -0.1570799 0.575051 -0.09424799 0.575051 -0.09424799 0.975051 -0.1570799 0.975051 -0.09424799 0.575051 -0.09424799 0.975051 -0.09424799 0.575051 -0.03141599 0.575051 -0.03141599 0.975051 -0.09424799 0.975051 -0.03141599 0.575051 -0.03141599 0.975051 -0.03141599 0.575051 0.03141599 0.575051 0.03141599 0.975051 -0.03141599 0.975051 0.03141599 0.575051 0.03141599 0.975051 0.03141599 0.575051 0.09424799 0.575051 0.09424799 0.975051 0.03141599 0.975051 0.09424799 0.575051 0.09424799 0.975051 0.09424799 0.575051 0.1570799 0.575051 0.1570799 0.975051 0.09424799 0.975051 0.1570799 0.575051 0.1570799 0.975051 0.1570799 0.575051 0.2199119 0.575051 0.2199119 0.975051 0.1570799 0.975051 0.2199119 0.575051 0.2199119 0.975051 0.2199119 0.575051 0.282743 0.575051 0.282743 0.975051 0.2199119 0.975051 0.282743 0.575051 0.282743 0.975051 0.282743 0.575051 0.345575 0.575051 0.345575 0.975051 0.282743 0.975051 0.345575 0.575051 0.345575 0.975051 0.345575 0.575051 0.408407 0.575051 0.408407 0.975051 0.345575 0.975051 0.408407 -0.975163 1.895 -1.067761 2.146418 -1.150163 1.895 -1.150163 1.895 -1.067761 2.146418 -1.125163 2.135 -1.150163 1.895 -1.125163 2.135 -1.150163 2.135 -0.871636 1.90863 -0.986581 2.227597 -0.975163 1.895 -0.975163 1.895 -0.986581 2.227597 -1.019097 2.178934 -0.975163 1.895 -1.019097 2.178934 -1.067761 2.146418 -0.986581 2.227597 -0.871636 1.90863 -0.975163 2.285 -0.975163 2.285 -0.871636 1.90863 -0.775163 1.94859 -0.975163 2.285 -0.775163 1.94859 -0.69232 2.012157 -0.69232 2.012157 -0.628753 2.095 -0.975163 2.285 -0.975163 2.285 -0.628753 2.095 -0.575163 2.295 -0.975163 2.285 -0.575163 2.295 -0.975163 3.245 -0.975163 3.245 -0.575163 2.295 -0.575163 3.245 -0.628753 2.095 -0.588793 2.191472 -0.575163 2.295 -1.150163 1.895 -1.150163 2.135 -1.207566 1.883582 -1.207566 1.883582 -1.150163 2.135 -1.251103 2.121711 -1.207566 1.883582 -1.251103 2.121711 -1.256229 1.851066 -1.256229 1.851066 -1.251103 2.121711 -1.345163 2.08275 -1.256229 1.851066 -1.345163 2.08275 -1.288745 1.802402 -1.288745 1.802402 -1.345163 2.08275 -1.425935 2.020772 -1.288745 1.802402 -1.425935 2.020772 -1.300163 1.745 -1.300163 1.745 -1.425935 2.020772 -1.487913 1.94 -1.300163 1.745 -1.487913 1.94 -1.526874 1.845939 -1.526874 1.845939 -1.540163 1.745 -1.300163 1.745 -1.300163 1.745 -1.540163 1.745 -1.300163 -2.255 -1.300163 -2.255 -1.540163 1.745 -1.540163 -2.255 -1.300163 -2.255 -1.540163 -2.255 -1.527402 -2.400864 -1.300163 -2.255 -1.527402 -2.400864 -1.288634 -2.372054 -1.288634 -2.372054 -1.527402 -2.400864 -1.489505 -2.542297 -1.288634 -2.372054 -1.489505 -2.542297 -1.427624 -2.675 -1.288634 -2.372054 -1.427624 -2.675 -1.254491 -2.48461 -1.254491 -2.48461 -1.427624 -2.675 -1.34364 -2.794942 -1.254491 -2.48461 -1.34364 -2.794942 -1.199045 -2.588342 -1.199045 -2.588342 -1.34364 -2.794942 -1.240105 -2.898477 -1.199045 -2.588342 -1.240105 -2.898477 -1.124427 -2.679264 -1.124427 -2.679264 -1.240105 -2.898477 -1.120163 -2.982461 -1.124427 -2.679264 -1.120163 -2.982461 -1.033505 -2.753882 -1.033505 -2.753882 -1.120163 -2.982461 -0.98746 -3.044342 -1.033505 -2.753882 -0.98746 -3.044342 -0.929773 -2.809328 -0.929773 -2.809328 -0.98746 -3.044342 -0.846028 -3.082238 -0.929773 -2.809328 -0.846028 -3.082238 -0.817217 -2.843471 -0.817217 -2.843471 -0.846028 -3.082238 -0.700163 -3.095 -0.817217 -2.843471 -0.700163 -3.095 -0.700163 -2.855 -0.700163 -2.855 -0.700163 -3.095 0.700163 -3.095 -0.700163 -2.855 0.700163 -3.095 0.700163 -2.855 0.700163 -2.855 0.700163 -3.095 0.819642 -2.842983 0.819642 -2.842983 0.700163 -3.095 0.848589 -3.081783 0.819642 -2.842983 0.848589 -3.081783 0.934336 -2.807416 0.934336 -2.807416 0.848589 -3.081783 0.992344 -3.042547 0.934336 -2.807416 0.992344 -3.042547 1.03965 -2.749721 1.03965 -2.749721 0.992344 -3.042547 1.126904 -2.978528 1.03965 -2.749721 1.126904 -2.978528 1.131366 -2.67221 1.131366 -2.67221 1.126904 -2.978528 1.248035 -2.891739 1.131366 -2.67221 1.248035 -2.891739 1.20581 -2.577988 1.20581 -2.577988 1.248035 -2.891739 1.351925 -2.784912 1.20581 -2.577988 1.351925 -2.784912 1.26 -2.470829 1.26 -2.470829 1.351925 -2.784912 1.435303 -2.66141 1.26 -2.470829 1.435303 -2.66141 1.291767 -2.355025 1.291767 -2.355025 1.435303 -2.66141 1.495548 -2.525117 1.291767 -2.355025 1.495548 -2.525117 1.530762 -2.380325 1.291767 -2.355025 1.530762 -2.380325 1.299837 -2.235214 1.299837 -2.235214 1.530762 -2.380325 1.539837 -2.231588 1.299837 -2.235214 1.539837 -2.231588 1.299837 1.745 1.299837 1.745 1.539837 -2.231588 1.539837 1.745 1.299837 1.745 1.539837 1.745 1.526548 1.845939 1.526548 1.845939 1.487587 1.94 1.299837 1.745 1.299837 1.745 1.487587 1.94 1.425609 2.020772 1.299837 1.745 1.425609 2.020772 1.288419 1.802402 1.288419 1.802402 1.425609 2.020772 1.344837 2.08275 1.288419 1.802402 1.344837 2.08275 1.255903 1.851066 1.255903 1.851066 1.344837 2.08275 1.250776 2.121711 1.255903 1.851066 1.250776 2.121711 1.207239 1.883582 1.207239 1.883582 1.250776 2.121711 1.149837 2.135 1.207239 1.883582 1.149837 2.135 1.149837 1.895 1.149837 1.895 1.149837 2.135 1.124837 2.135 1.149837 1.895 1.124837 2.135 1.067434 2.146418 1.149837 1.895 1.067434 2.146418 0.974837 1.895 0.974837 1.895 1.067434 2.146418 1.018771 2.178934 0.974837 1.895 1.018771 2.178934 0.986255 2.227597 0.974837 1.895 0.986255 2.227597 0.871309 1.90863 0.871309 1.90863 0.986255 2.227597 0.974837 2.285 0.871309 1.90863 0.974837 2.285 0.774837 1.94859 0.774837 1.94859 0.974837 2.285 0.691994 2.012157 0.691994 2.012157 0.974837 2.285 0.628427 2.095 0.628427 2.095 0.974837 2.285 0.574837 2.295 0.628427 2.095 0.574837 2.295 0.588467 2.191472 0.974837 2.285 0.974837 3.095 0.574837 2.295 0.574837 2.295 0.974837 3.095 0.574837 3.245 0.574837 3.245 0.974837 3.095 0.974939 3.245 0.974939 3.245 0.974837 3.095 0.974939 3.095 1.075 0.628319 -1.075 0.628319 1.075 0.523599 1.075 0.523599 -1.075 0.628319 -1.075 0.523599 1.075 0.523599 -1.075 0.523599 1.075 0.418879 1.075 0.418879 -1.075 0.523599 -1.075 0.418879 1.075 0.418879 -1.075 0.418879 1.075 0.314159 1.075 0.314159 -1.075 0.418879 -1.075 0.314159 1.075 0.314159 -1.075 0.314159 1.075 0.2094399 1.075 0.2094399 -1.075 0.314159 -1.075 0.2094399 1.075 0.2094399 -1.075 0.2094399 1.075 0.1047199 1.075 0.1047199 -1.075 0.2094399 -1.075 0.1047199 1.075 0.1047199 -1.075 0.1047199 1.075 0 1.075 0 -1.075 0.1047199 -1.075 0 0.637032 -0.47649 0.65 -0.5375 0.95 -1.075 0.95 -1.075 0.65 -0.5375 0.637032 -0.598511 0.95 -1.075 0.637032 -0.598511 0.60037 -0.648972 0.60037 -0.648972 0.546353 -0.680158 0.95 -1.075 0.95 -1.075 0.546353 -0.680158 0.484321 -0.686678 0.95 -1.075 0.484321 -0.686678 0 -1.075 0 -1.075 0.484321 -0.686678 0.425 -0.667404 0 -1.075 0.425 -0.667404 0.378647 -0.625668 0.378647 -0.625668 0.353278 -0.568687 0 -1.075 0 -1.075 0.353278 -0.568687 0.353278 -0.506313 0 -1.075 0.353278 -0.506313 0.353278 0.506313 0.353278 0.506313 0.353278 -0.506313 0.378647 -0.449332 0.353278 0.506313 0.378647 -0.449332 0.378647 0.449332 0.378647 0.449332 0.378647 -0.449332 0.425 0.407596 0.425 0.407596 0.378647 -0.449332 0.425 -0.407596 0.425 0.407596 0.425 -0.407596 0.484321 0.388322 0.484321 0.388322 0.425 -0.407596 0.484321 -0.388322 0.484321 0.388322 0.484321 -0.388322 0.546353 -0.394842 0.484321 0.388322 0.546353 -0.394842 0.546353 0.394842 0.546353 0.394842 0.546353 -0.394842 0.60037 -0.426028 0.546353 0.394842 0.60037 -0.426028 0.60037 0.426028 0.60037 0.426028 0.60037 -0.426028 0.637032 -0.47649 0.60037 0.426028 0.637032 -0.47649 0.637032 0.47649 0.637032 0.47649 0.637032 -0.47649 0.95 -1.075 0.637032 0.47649 0.95 -1.075 0.95 1.075 0.637032 0.598511 0.65 0.5375 0.95 1.075 0.95 1.075 0.65 0.5375 0.637032 0.47649 0 -1.075 0.353278 0.506313 0 1.075 0 1.075 0.353278 0.506313 0.353278 0.568687 0 1.075 0.353278 0.568687 0.378647 0.625668 0.378647 0.625668 0.425 0.667404 0 1.075 0 1.075 0.425 0.667404 0.484321 0.686678 0 1.075 0.484321 0.686678 0.95 1.075 0.95 1.075 0.484321 0.686678 0.546353 0.680158 0.95 1.075 0.546353 0.680158 0.60037 0.648972 0.60037 0.648972 0.637032 0.598511 0.95 1.075 0.4 1.075 0 1.075 0.4 -1.075 0.4 -1.075 0 1.075 0 -1.075 0.322968 -0.598511 0.31 -0.5375 0 -1.075 0 -1.075 0.31 -0.5375 0.322968 -0.47649 0 -1.075 0.322968 -0.47649 0.322968 0.47649 0.322968 0.47649 0.322968 -0.47649 0.35963 0.426028 0.35963 0.426028 0.322968 -0.47649 0.35963 -0.426028 0.35963 0.426028 0.35963 -0.426028 0.413647 0.394842 0.413647 0.394842 0.35963 -0.426028 0.413647 -0.394842 0.413647 0.394842 0.413647 -0.394842 0.475679 0.388322 0.475679 0.388322 0.413647 -0.394842 0.475679 -0.388322 0.475679 0.388322 0.475679 -0.388322 0.535 -0.407596 0.475679 0.388322 0.535 -0.407596 0.535 0.407596 0.535 0.407596 0.535 -0.407596 0.581353 -0.449332 0.535 0.407596 0.581353 -0.449332 0.581353 0.449332 0.581353 0.449332 0.581353 -0.449332 0.606722 0.506313 0.606722 0.506313 0.581353 -0.449332 0.606722 -0.506313 0.606722 0.506313 0.606722 -0.506313 0.96 -1.075 0.96 -1.075 0.606722 -0.506313 0.606722 -0.568687 0.96 -1.075 0.606722 -0.568687 0.581353 -0.625668 0.581353 -0.625668 0.535 -0.667404 0.96 -1.075 0.96 -1.075 0.535 -0.667404 0.475679 -0.686678 0.96 -1.075 0.475679 -0.686678 0 -1.075 0 -1.075 0.475679 -0.686678 0.413647 -0.680158 0 -1.075 0.413647 -0.680158 0.35963 -0.648972 0.35963 -0.648972 0.322968 -0.598511 0 -1.075 0.322968 0.47649 0.31 0.5375 0 1.075 0 1.075 0.31 0.5375 0.322968 0.598511 0 1.075 0.322968 0.598511 0.35963 0.648972 0.35963 0.648972 0.413647 0.680158 0 1.075 0 1.075 0.413647 0.680158 0.475679 0.686678 0 1.075 0.475679 0.686678 0.96 1.075 0.96 1.075 0.475679 0.686678 0.535 0.667404 0.96 1.075 0.535 0.667404 0.581353 0.625668 0.581353 0.625668 0.606722 0.568687 0.96 1.075 0.96 1.075 0.606722 0.568687 0.606722 0.506313 0.96 1.075 0.606722 0.506313 0.96 -1.075 0 -1.075 0.322968 0.47649 0 1.075 -1.075 -0.471239 1.075 -0.471239 -1.075 -0.412334 -1.075 -0.412334 1.075 -0.471239 1.075 -0.412334 -1.075 -0.412334 1.075 -0.412334 -1.075 -0.353429 -1.075 -0.353429 1.075 -0.412334 1.075 -0.353429 -1.075 -0.353429 1.075 -0.353429 -1.075 -0.294524 -1.075 -0.294524 1.075 -0.353429 1.075 -0.294524 -1.075 -0.294524 1.075 -0.294524 -1.075 -0.235619 -1.075 -0.235619 1.075 -0.294524 1.075 -0.235619 0.02499997 1.075 0 1.075 0.02499997 -1.075 0.02499997 -1.075 0 1.075 0 -1.075 1.075 0.612611 -1.075 0.612611 1.075 0.510509 1.075 0.510509 -1.075 0.612611 -1.075 0.510509 1.075 0.510509 -1.075 0.510509 1.075 0.408407 1.075 0.408407 -1.075 0.510509 -1.075 0.408407 1.075 0.408407 -1.075 0.408407 1.075 0.306305 1.075 0.306305 -1.075 0.408407 -1.075 0.306305 1.075 0.306305 -1.075 0.306305 1.075 0.204204 1.075 0.204204 -1.075 0.306305 -1.075 0.204204 1.075 0.204204 -1.075 0.204204 1.075 0.102102 1.075 0.102102 -1.075 0.204204 -1.075 0.102102 1.075 0.102102 -1.075 0.102102 1.075 0 1.075 0 -1.075 0.102102 -1.075 0 4 1.075 0 1.075 4 -1.075 4 -1.075 0 1.075 0 -1.075 1.075 1.319469 -1.075 1.319469 1.075 1.172861 1.075 1.172861 -1.075 1.319469 -1.075 1.172861 1.075 1.172861 -1.075 1.172861 1.075 1.026254 1.075 1.026254 -1.075 1.172861 -1.075 1.026254 1.075 1.026254 -1.075 1.026254 1.075 0.879646 1.075 0.879646 -1.075 1.026254 -1.075 0.879646 1.075 0.879646 -1.075 0.879646 1.075 0.733038 1.075 0.733038 -1.075 0.879646 -1.075 0.733038 1.075 0.733038 -1.075 0.733038 1.075 0.586431 1.075 0.586431 -1.075 0.733038 -1.075 0.586431 1.075 0.586431 -1.075 0.586431 1.075 0.439823 1.075 0.439823 -1.075 0.586431 -1.075 0.439823 1.075 0.439823 -1.075 0.439823 1.075 0.293215 1.075 0.293215 -1.075 0.439823 -1.075 0.293215 1.075 0.293215 -1.075 0.293215 1.075 0.1466079 1.075 0.1466079 -1.075 0.293215 -1.075 0.1466079 1.075 0.1466079 -1.075 0.1466079 1.075 0 1.075 0 -1.075 0.1466079 -1.075 0 1.400326 1.075 0 1.075 1.400326 -1.075 1.400326 -1.075 0 1.075 0 -1.075 1.075 1.342884 -1.075 1.342884 1.075 1.193674 1.075 1.193674 -1.075 1.342884 -1.075 1.193674 1.075 1.193674 -1.075 1.193674 1.075 1.044465 1.075 1.044465 -1.075 1.193674 -1.075 1.044465 1.075 1.044465 -1.075 1.044465 1.075 0.895256 1.075 0.895256 -1.075 1.044465 -1.075 0.895256 1.075 0.895256 -1.075 0.895256 1.075 0.746046 1.075 0.746046 -1.075 0.895256 -1.075 0.746046 1.075 0.746046 -1.075 0.746046 1.075 0.596837 1.075 0.596837 -1.075 0.746046 -1.075 0.596837 1.075 0.596837 -1.075 0.596837 1.075 0.447628 1.075 0.447628 -1.075 0.596837 -1.075 0.447628 1.075 0.447628 -1.075 0.447628 1.075 0.298419 1.075 0.298419 -1.075 0.447628 -1.075 0.298419 1.075 0.298419 -1.075 0.298419 1.075 0.149209 1.075 0.149209 -1.075 0.298419 -1.075 0.149209 1.075 0.149209 -1.075 0.149209 1.075 0 1.075 0 -1.075 0.149209 -1.075 0 3.976588 1.075 0 1.075 3.976588 -1.075 3.976588 -1.075 0 1.075 0 -1.075 1.075 0.612611 -1.075 0.612611 1.075 0.510509 1.075 0.510509 -1.075 0.612611 -1.075 0.510509 1.075 0.510509 -1.075 0.510509 1.075 0.408407 1.075 0.408407 -1.075 0.510509 -1.075 0.408407 1.075 0.408407 -1.075 0.408407 1.075 0.306305 1.075 0.306305 -1.075 0.408407 -1.075 0.306305 1.075 0.306305 -1.075 0.306305 1.075 0.204204 1.075 0.204204 -1.075 0.306305 -1.075 0.204204 1.075 0.204204 -1.075 0.204204 1.075 0.102102 1.075 0.102102 -1.075 0.204204 -1.075 0.102102 1.075 0.102102 -1.075 0.102102 1.075 0 1.075 0 -1.075 0.102102 -1.075 0 0.02499997 1.075 0 1.075 0.02499997 -1.075 0.02499997 -1.075 0 1.075 0 -1.075 -1.075 -0.471239 1.075 -0.471239 -1.075 -0.412334 -1.075 -0.412334 1.075 -0.471239 1.075 -0.412334 -1.075 -0.412334 1.075 -0.412334 -1.075 -0.353429 -1.075 -0.353429 1.075 -0.412334 1.075 -0.353429 -1.075 -0.353429 1.075 -0.353429 -1.075 -0.294524 -1.075 -0.294524 1.075 -0.353429 1.075 -0.294524 -1.075 -0.294524 1.075 -0.294524 -1.075 -0.235619 -1.075 -0.235619 1.075 -0.294524 1.075 -0.235619 0.487032 -0.598511 0.81 -1.075 0.5 -0.5375 0.5 -0.5375 0.81 -1.075 0.5 0.5375 0.5 -0.5375 0.5 0.5375 0.487032 -0.47649 0.487032 -0.47649 0.5 0.5375 0.487032 0.47649 0.487032 -0.47649 0.487032 0.47649 0.45037 0.426028 0.487032 -0.598511 0.45037 -0.648972 0.81 -1.075 0.81 -1.075 0.45037 -0.648972 0.396353 -0.680158 0.81 -1.075 0.396353 -0.680158 0 -1.075 0 -1.075 0.396353 -0.680158 0.334321 -0.686678 0 -1.075 0.334321 -0.686678 0.275 -0.667404 0.275 -0.667404 0.2286469 -0.625668 0 -1.075 0 -1.075 0.2286469 -0.625668 0.203278 -0.568687 0 -1.075 0.203278 -0.568687 0.203278 -0.506313 0.2286469 -0.449332 0.2286469 0.449332 0.203278 -0.506313 0.203278 -0.506313 0.2286469 0.449332 0.203278 0.506313 0.203278 -0.506313 0.203278 0.506313 0 -1.075 0 -1.075 0.203278 0.506313 0 1.075 0 1.075 0.203278 0.506313 0.203278 0.568687 0 1.075 0.203278 0.568687 0.2286469 0.625668 0.2286469 0.449332 0.2286469 -0.449332 0.275 0.407596 0.275 0.407596 0.2286469 -0.449332 0.275 -0.407596 0.275 0.407596 0.275 -0.407596 0.334321 0.388322 0.334321 0.388322 0.275 -0.407596 0.334321 -0.388322 0.334321 0.388322 0.334321 -0.388322 0.396353 -0.394842 0.334321 0.388322 0.396353 -0.394842 0.396353 0.394842 0.396353 0.394842 0.396353 -0.394842 0.45037 -0.426028 0.396353 0.394842 0.45037 -0.426028 0.45037 0.426028 0.45037 0.426028 0.45037 -0.426028 0.487032 -0.47649 0.2286469 0.625668 0.275 0.667404 0 1.075 0 1.075 0.275 0.667404 0.334321 0.686678 0 1.075 0.334321 0.686678 0.396353 0.680158 0 1.075 0.396353 0.680158 0.81 1.075 0.81 1.075 0.396353 0.680158 0.45037 0.648972 0.81 1.075 0.45037 0.648972 0.487032 0.598511 0.487032 0.598511 0.5 0.5375 0.81 1.075 0.81 1.075 0.5 0.5375 0.81 -1.075 1.02e-4 1.075 0 1.075 1.02e-4 -1.075 1.02e-4 -1.075 0 1.075 0 -1.075 0.15 1.075 0 1.075 0.15 -1.075 0.15 -1.075 0 1.075 0 -1.075 0.400102 1.075 0 1.075 0.400102 -1.075 0.400102 -1.075 0 1.075 0 -1.075 0.312968 -0.598511 0.3 -0.5375 0 -1.075 0 -1.075 0.3 -0.5375 0.312968 -0.47649 0 -1.075 0.312968 -0.47649 0.312968 0.47649 0.312968 0.47649 0.312968 -0.47649 0.34963 0.426028 0.34963 0.426028 0.312968 -0.47649 0.34963 -0.426028 0.34963 0.426028 0.34963 -0.426028 0.403647 0.394842 0.403647 0.394842 0.34963 -0.426028 0.403647 -0.394842 0.403647 0.394842 0.403647 -0.394842 0.465679 0.388322 0.465679 0.388322 0.403647 -0.394842 0.465679 -0.388322 0.465679 0.388322 0.465679 -0.388322 0.525 -0.407596 0.465679 0.388322 0.525 -0.407596 0.525 0.407596 0.525 0.407596 0.525 -0.407596 0.571353 -0.449332 0.525 0.407596 0.571353 -0.449332 0.571353 0.449332 0.571353 0.449332 0.571353 -0.449332 0.596722 0.506313 0.596722 0.506313 0.571353 -0.449332 0.596722 -0.506313 0.596722 0.506313 0.596722 -0.506313 0.95 -1.075 0.95 -1.075 0.596722 -0.506313 0.596722 -0.568687 0.95 -1.075 0.596722 -0.568687 0.571353 -0.625668 0.571353 -0.625668 0.525 -0.667404 0.95 -1.075 0.95 -1.075 0.525 -0.667404 0.465679 -0.686678 0.95 -1.075 0.465679 -0.686678 0 -1.075 0 -1.075 0.465679 -0.686678 0.403647 -0.680158 0 -1.075 0.403647 -0.680158 0.34963 -0.648972 0.34963 -0.648972 0.312968 -0.598511 0 -1.075 0.312968 0.47649 0.3 0.5375 0 1.075 0 1.075 0.3 0.5375 0.312968 0.598511 0 1.075 0.312968 0.598511 0.34963 0.648972 0.34963 0.648972 0.403647 0.680158 0 1.075 0 1.075 0.403647 0.680158 0.465679 0.686678 0 1.075 0.465679 0.686678 0.95 1.075 0.95 1.075 0.465679 0.686678 0.525 0.667404 0.95 1.075 0.525 0.667404 0.571353 0.625668 0.571353 0.625668 0.596722 0.568687 0.95 1.075 0.95 1.075 0.596722 0.568687 0.596722 0.506313 0.95 1.075 0.596722 0.506313 0.95 -1.075 0 -1.075 0.312968 0.47649 0 1.075 1.075 0.628319 -1.075 0.628319 1.075 0.523599 1.075 0.523599 -1.075 0.628319 -1.075 0.523599 1.075 0.523599 -1.075 0.523599 1.075 0.418879 1.075 0.418879 -1.075 0.523599 -1.075 0.418879 1.075 0.418879 -1.075 0.418879 1.075 0.314159 1.075 0.314159 -1.075 0.418879 -1.075 0.314159 1.075 0.314159 -1.075 0.314159 1.075 0.2094399 1.075 0.2094399 -1.075 0.314159 -1.075 0.2094399 1.075 0.2094399 -1.075 0.2094399 1.075 0.1047199 1.075 0.1047199 -1.075 0.2094399 -1.075 0.1047199 1.075 0.1047199 -1.075 0.1047199 1.075 0 1.075 0 -1.075 0.1047199 -1.075 0 0.175 1.075 0 1.075 0.175 -1.075 0.175 -1.075 0 1.075 0 -1.075 -1.075 -0.471239 1.075 -0.471239 -1.075 -0.412334 -1.075 -0.412334 1.075 -0.471239 1.075 -0.412334 -1.075 -0.412334 1.075 -0.412334 -1.075 -0.353429 -1.075 -0.353429 1.075 -0.412334 1.075 -0.353429 -1.075 -0.353429 1.075 -0.353429 -1.075 -0.294524 -1.075 -0.294524 1.075 -0.353429 1.075 -0.294524 -1.075 -0.294524 1.075 -0.294524 -1.075 -0.235619 -1.075 -0.235619 1.075 -0.294524 1.075 -0.235619 3.980214 1.075 0 1.075 3.980214 -1.075 3.980214 -1.075 0 1.075 0 -1.075 -1.075 -1.884956 1.075 -1.884956 -1.075 -1.764672 -1.075 -1.764672 1.075 -1.884956 1.075 -1.764672 -1.075 -1.764672 1.075 -1.764672 -1.075 -1.644389 -1.075 -1.644389 1.075 -1.764672 1.075 -1.644389 -1.075 -1.644389 1.075 -1.644389 -1.075 -1.524105 -1.075 -1.524105 1.075 -1.644389 1.075 -1.524105 -1.075 -1.524105 1.075 -1.524105 -1.075 -1.403822 -1.075 -1.403822 1.075 -1.524105 1.075 -1.403822 -1.075 -1.403822 1.075 -1.403822 -1.075 -1.283539 -1.075 -1.283539 1.075 -1.403822 1.075 -1.283539 -1.075 -1.283539 1.075 -1.283539 -1.075 -1.163255 -1.075 -1.163255 1.075 -1.283539 1.075 -1.163255 -1.075 -1.163255 1.075 -1.163255 -1.075 -1.042972 -1.075 -1.042972 1.075 -1.163255 1.075 -1.042972 -1.075 -1.042972 1.075 -1.042972 -1.075 -0.922688 -1.075 -0.922688 1.075 -1.042972 1.075 -0.922688 1.400326 1.075 0 1.075 1.400326 -1.075 1.400326 -1.075 0 1.075 0 -1.075 -1.075 -1.884956 1.075 -1.884956 -1.075 -1.767146 -1.075 -1.767146 1.075 -1.884956 1.075 -1.767146 -1.075 -1.767146 1.075 -1.767146 1.075 -1.649336 -1.075 -1.767146 1.075 -1.649336 -1.075 -1.649336 -1.075 -1.649336 1.075 -1.649336 1.075 -1.531527 -1.075 -1.649336 1.075 -1.531527 -1.075 -1.531527 -1.075 -1.531527 1.075 -1.531527 1.075 -1.413717 -1.075 -1.531527 1.075 -1.413717 -1.075 -1.413717 -1.075 -1.413717 1.075 -1.413717 1.075 -1.295907 -1.075 -1.413717 1.075 -1.295907 -1.075 -1.295907 -1.075 -1.295907 1.075 -1.295907 1.075 -1.178097 -1.075 -1.295907 1.075 -1.178097 -1.075 -1.178097 -1.075 -1.178097 1.075 -1.178097 1.075 -1.060288 -1.075 -1.178097 1.075 -1.060288 -1.075 -1.060288 -1.075 -1.060288 1.075 -1.060288 -1.075 -0.942478 -1.075 -0.942478 1.075 -1.060288 1.075 -0.942478 4 1.075 0 1.075 4 -1.075 4 -1.075 0 1.075 0 -1.075 -1.075 -0.471239 1.075 -0.471239 -1.075 -0.412334 -1.075 -0.412334 1.075 -0.471239 1.075 -0.412334 -1.075 -0.412334 1.075 -0.412334 -1.075 -0.353429 -1.075 -0.353429 1.075 -0.412334 1.075 -0.353429 -1.075 -0.353429 1.075 -0.353429 -1.075 -0.294524 -1.075 -0.294524 1.075 -0.353429 1.075 -0.294524 -1.075 -0.294524 1.075 -0.294524 -1.075 -0.235619 -1.075 -0.235619 1.075 -0.294524 1.075 -0.235619 0.175 1.075 0 1.075 0.175 -1.075 0.175 -1.075 0 1.075 0 -1.075 1.150163 1.895 1.067761 2.146418 0.975163 1.895 0.975163 1.895 1.067761 2.146418 1.019097 2.178934 0.975163 1.895 1.019097 2.178934 0.986581 2.227597 1.207566 1.883582 1.150163 2.135 1.150163 1.895 1.150163 1.895 1.150163 2.135 1.125163 2.135 1.150163 1.895 1.125163 2.135 1.067761 2.146418 1.150163 2.135 1.207566 1.883582 1.251103 2.121711 1.251103 2.121711 1.207566 1.883582 1.256229 1.851066 1.251103 2.121711 1.256229 1.851066 1.345163 2.08275 1.345163 2.08275 1.256229 1.851066 1.288745 1.802402 1.345163 2.08275 1.288745 1.802402 1.425935 2.020772 1.425935 2.020772 1.288745 1.802402 1.300163 1.745 1.425935 2.020772 1.300163 1.745 1.487913 1.94 1.487913 1.94 1.300163 1.745 1.526874 1.845939 1.526874 1.845939 1.300163 1.745 1.540163 1.745 1.540163 1.745 1.300163 1.745 1.540163 -2.255 1.540163 -2.255 1.300163 1.745 1.300163 -2.255 1.540163 -2.255 1.300163 -2.255 1.527402 -2.400864 1.527402 -2.400864 1.300163 -2.255 1.288634 -2.372054 1.527402 -2.400864 1.288634 -2.372054 1.489505 -2.542297 1.489505 -2.542297 1.288634 -2.372054 1.427624 -2.675 1.427624 -2.675 1.288634 -2.372054 1.254491 -2.48461 1.427624 -2.675 1.254491 -2.48461 1.34364 -2.794942 1.34364 -2.794942 1.254491 -2.48461 1.199045 -2.588342 1.34364 -2.794942 1.199045 -2.588342 1.240105 -2.898477 1.240105 -2.898477 1.199045 -2.588342 1.124427 -2.679264 1.240105 -2.898477 1.124427 -2.679264 1.120163 -2.982461 1.120163 -2.982461 1.124427 -2.679264 1.033505 -2.753882 1.120163 -2.982461 1.033505 -2.753882 0.98746 -3.044342 0.98746 -3.044342 1.033505 -2.753882 0.929773 -2.809328 0.98746 -3.044342 0.929773 -2.809328 0.846028 -3.082238 0.846028 -3.082238 0.929773 -2.809328 0.817217 -2.843471 0.846028 -3.082238 0.817217 -2.843471 0.700163 -3.095 0.700163 -3.095 0.817217 -2.843471 0.700163 -2.855 0.700163 -3.095 0.700163 -2.855 -0.700163 -3.095 -0.700163 -3.095 0.700163 -2.855 -0.700163 -2.855 -0.700163 -3.095 -0.700163 -2.855 -0.819642 -2.842983 -0.700163 -3.095 -0.819642 -2.842983 -0.848589 -3.081783 -0.848589 -3.081783 -0.819642 -2.842983 -0.934336 -2.807416 -0.848589 -3.081783 -0.934336 -2.807416 -0.992344 -3.042547 -0.992344 -3.042547 -0.934336 -2.807416 -1.03965 -2.749721 -0.992344 -3.042547 -1.03965 -2.749721 -1.126904 -2.978528 -1.126904 -2.978528 -1.03965 -2.749721 -1.131366 -2.67221 -1.126904 -2.978528 -1.131366 -2.67221 -1.248035 -2.891739 -1.248035 -2.891739 -1.131366 -2.67221 -1.20581 -2.577988 -1.248035 -2.891739 -1.20581 -2.577988 -1.351925 -2.784912 -1.351925 -2.784912 -1.20581 -2.577988 -1.26 -2.470829 -1.351925 -2.784912 -1.26 -2.470829 -1.435303 -2.66141 -1.435303 -2.66141 -1.26 -2.470829 -1.291767 -2.355025 -1.435303 -2.66141 -1.291767 -2.355025 -1.495548 -2.525117 -1.495548 -2.525117 -1.291767 -2.355025 -1.530762 -2.380325 -1.530762 -2.380325 -1.291767 -2.355025 -1.299837 -2.235214 -1.530762 -2.380325 -1.299837 -2.235214 -1.539837 -2.231588 -1.539837 -2.231588 -1.299837 -2.235214 -1.299837 1.745 -1.539837 -2.231588 -1.299837 1.745 -1.539837 1.745 -1.539837 1.745 -1.299837 1.745 -1.526548 1.845939 -1.526548 1.845939 -1.299837 1.745 -1.487587 1.94 -1.487587 1.94 -1.299837 1.745 -1.425609 2.020772 -1.425609 2.020772 -1.299837 1.745 -1.288419 1.802402 -1.425609 2.020772 -1.288419 1.802402 -1.344837 2.08275 -1.344837 2.08275 -1.288419 1.802402 -1.255903 1.851066 -1.344837 2.08275 -1.255903 1.851066 -1.250776 2.121711 -1.250776 2.121711 -1.255903 1.851066 -1.207239 1.883582 -1.250776 2.121711 -1.207239 1.883582 -1.149837 2.135 -1.149837 2.135 -1.207239 1.883582 -1.149837 1.895 -1.149837 2.135 -1.149837 1.895 -1.124837 2.135 -1.124837 2.135 -1.149837 1.895 -1.067434 2.146418 -1.067434 2.146418 -1.149837 1.895 -0.974837 1.895 -1.067434 2.146418 -0.974837 1.895 -1.018771 2.178934 -1.018771 2.178934 -0.974837 1.895 -0.986255 2.227597 -0.986255 2.227597 -0.974837 1.895 -0.871309 1.90863 -0.986255 2.227597 -0.871309 1.90863 -0.974837 2.285 -0.974837 2.285 -0.871309 1.90863 -0.774837 1.94859 -0.974837 2.285 -0.774837 1.94859 -0.691994 2.012157 -0.691994 2.012157 -0.628427 2.095 -0.974837 2.285 -0.974837 2.285 -0.628427 2.095 -0.574837 2.295 -0.974837 2.285 -0.574837 2.295 -0.974837 3.095 -0.974837 3.095 -0.574837 2.295 -0.574837 3.245 -0.974837 3.095 -0.574837 3.245 -0.974939 3.245 -0.628427 2.095 -0.588467 2.191472 -0.574837 2.295 -0.974939 3.245 -0.974939 3.095 -0.974837 3.095 0.975163 1.895 0.986581 2.227597 0.871636 1.90863 0.871636 1.90863 0.986581 2.227597 0.975163 2.285 0.871636 1.90863 0.975163 2.285 0.775163 1.94859 0.775163 1.94859 0.975163 2.285 0.69232 2.012157 0.69232 2.012157 0.975163 2.285 0.628753 2.095 0.628753 2.095 0.975163 2.285 0.575163 2.295 0.628753 2.095 0.575163 2.295 0.588793 2.191472 0.975163 2.285 0.975163 3.245 0.575163 2.295 0.575163 2.295 0.975163 3.245 0.575163 3.245 0 0.04777497 -0.03141599 0.02388697 0 0 0 0 -0.03141599 0.02388697 -0.03141599 -0.02388697 0 0 -0.03141599 -0.02388697 0 -0.04777497 0 -0.04777497 -0.03141599 -0.02388697 -0.03141599 -0.071662 0 -0.04777497 -0.03141599 -0.071662 0 -0.09554898 0 -0.09554898 -0.03141599 -0.071662 -0.03141599 -0.119437 0 -0.09554898 -0.03141599 -0.119437 0 -0.143324 0 -0.143324 -0.03141599 -0.119437 -0.03141599 -0.1672109 0 -0.143324 -0.03141599 -0.1672109 0 -0.191099 0 -0.191099 -0.03141599 -0.1672109 -0.03141599 -0.214986 0 -0.191099 -0.03141599 -0.214986 0 -0.238873 0 -0.238873 -0.03141599 -0.214986 -0.03141599 -0.262761 0 -0.238873 -0.03141599 -0.262761 0 -0.286648 0 -0.286648 -0.03141599 -0.262761 -0.03141599 -0.310535 0 -0.286648 -0.03141599 -0.310535 0 -0.334422 0 -0.334422 -0.03141599 -0.310535 -0.03141599 -0.35831 0 -0.334422 -0.03141599 -0.35831 0 -0.382197 0 -0.382197 -0.03141599 -0.35831 -0.03141599 -0.406084 0 -0.382197 -0.03141599 -0.406084 0 -0.429972 0 -0.429972 -0.03141599 -0.406084 -0.03141599 -0.453859 0 -0.429972 -0.03141599 -0.453859 0 -0.477746 0 -0.477746 -0.03141599 -0.453859 -0.03141599 -0.501634 0 -0.477746 -0.03141599 -0.501634 0 -0.525521 0 -0.525521 -0.03141599 -0.501634 -0.03141599 -0.549408 0 -0.525521 -0.03141599 -0.549408 0 -0.573296 0 -0.573296 -0.03141599 -0.549408 -0.03141599 -0.597183 0 -0.573296 -0.03141599 -0.597183 0 -0.62107 0 -0.62107 -0.03141599 -0.597183 -0.03141599 -0.644958 0 -0.62107 -0.03141599 -0.644958 0 -0.668845 0 -0.668845 -0.03141599 -0.644958 -0.03141599 -0.692732 0 -0.668845 -0.03141599 -0.692732 0 -0.71662 0 -0.71662 -0.03141599 -0.692732 -0.03141599 -0.740507 0 -0.71662 -0.03141599 -0.740507 0 -0.764394 0 0.71662 -0.03141599 0.740507 -0.03141599 0.692732 0 0.71662 -0.03141599 0.692732 0 0.668845 0 0.668845 -0.03141599 0.692732 -0.03141599 0.644958 0 0.668845 -0.03141599 0.644958 0 0.62107 0 0.62107 -0.03141599 0.644958 -0.03141599 0.597183 0 0.62107 -0.03141599 0.597183 0 0.573296 0 0.573296 -0.03141599 0.597183 -0.03141599 0.549408 0 0.573296 -0.03141599 0.549408 0 0.525521 0 0.525521 -0.03141599 0.549408 -0.03141599 0.501634 0 0.525521 -0.03141599 0.501634 0 0.477746 0 0.477746 -0.03141599 0.501634 -0.03141599 0.453859 0 0.477746 -0.03141599 0.453859 0 0.429972 0 0.429972 -0.03141599 0.453859 -0.03141599 0.406084 0 0.429972 -0.03141599 0.406084 0 0.382197 0 0.382197 -0.03141599 0.406084 -0.03141599 0.35831 0 0.382197 -0.03141599 0.35831 0 0.334422 0 0.334422 -0.03141599 0.35831 -0.03141599 0.310535 0 0.334422 -0.03141599 0.310535 0 0.286648 0 0.286648 -0.03141599 0.310535 -0.03141599 0.262761 0 0.286648 -0.03141599 0.262761 0 0.238873 0 0.238873 -0.03141599 0.262761 -0.03141599 0.214986 0 0.238873 -0.03141599 0.214986 0 0.191099 0 0.191099 -0.03141599 0.214986 -0.03141599 0.1672109 0 0.191099 -0.03141599 0.1672109 0 0.143324 0 0.143324 -0.03141599 0.1672109 -0.03141599 0.119437 0 0.143324 -0.03141599 0.119437 0 0.09554898 0 0.09554898 -0.03141599 0.119437 -0.03141599 0.071662 0 0.09554898 -0.03141599 0.071662 0 0.04777497 0 0.04777497 -0.03141599 0.071662 -0.03141599 0.02388697 -0.1570799 -0.05924099 -0.1256639 -0.02388697 -0.1570799 0 -0.1570799 0 -0.1256639 -0.02388697 -0.1256639 0.02388697 -0.1570799 0 -0.1256639 0.02388697 -0.1570799 0.05924099 -0.1570799 0.05924099 -0.1256639 0.02388697 -0.1256639 0.071662 -0.1570799 0.05924099 -0.1256639 0.071662 -0.1570799 0.118481 -0.1570799 0.118481 -0.1256639 0.071662 -0.1256639 0.119437 -0.1570799 0.118481 -0.1256639 0.119437 -0.1256639 0.1672109 -0.1256639 0.1672109 -0.1256639 0.119437 -0.09424799 0.119437 -0.1256639 0.1672109 -0.09424799 0.119437 -0.09424799 0.1672109 -0.09424799 0.1672109 -0.09424799 0.119437 -0.06283199 0.119437 -0.09424799 0.1672109 -0.06283199 0.119437 -0.06283199 0.1672109 -0.06283199 0.1672109 -0.06283199 0.119437 -0.03141599 0.119437 -0.06283199 0.1672109 -0.03141599 0.119437 -0.03141599 0.1672109 -0.1256639 -0.02388697 -0.1570799 -0.05924099 -0.1256639 -0.071662 -0.1256639 -0.071662 -0.1570799 -0.05924099 -0.1570799 -0.118481 -0.1256639 -0.071662 -0.1570799 -0.118481 -0.1256639 -0.119437 -0.1256639 -0.119437 -0.1570799 -0.118481 -0.1256639 -0.1672109 -0.1256639 -0.119437 -0.1256639 -0.1672109 -0.09424799 -0.1672109 -0.09424799 -0.1672109 -0.1256639 -0.1672109 -0.09424799 -0.214986 -0.09424799 -0.1672109 -0.09424799 -0.214986 -0.06283199 -0.214986 -0.06283199 -0.214986 -0.09424799 -0.214986 -0.06283199 -0.262761 -0.06283199 -0.214986 -0.06283199 -0.262761 -0.03141599 -0.262761 -0.03141599 -0.262761 -0.06283199 -0.262761 -0.03141599 -0.310535 -0.1570799 -0.118481 -0.1570799 -0.177722 -0.1256639 -0.1672109 -0.1256639 -0.1672109 -0.1570799 -0.177722 -0.1256639 -0.214986 -0.1256639 -0.1672109 -0.1256639 -0.214986 -0.09424799 -0.214986 -0.09424799 -0.214986 -0.1256639 -0.214986 -0.09424799 -0.262761 -0.09424799 -0.214986 -0.09424799 -0.262761 -0.06283199 -0.262761 -0.06283199 -0.262761 -0.09424799 -0.262761 -0.06283199 -0.310535 -0.06283199 -0.262761 -0.06283199 -0.310535 -0.03141599 -0.310535 -0.03141599 -0.310535 -0.06283199 -0.310535 -0.03141599 -0.35831 -0.1570799 -0.177722 -0.1570799 -0.236962 -0.1256639 -0.214986 -0.1256639 -0.214986 -0.1570799 -0.236962 -0.1256639 -0.262761 -0.1256639 -0.214986 -0.1256639 -0.262761 -0.09424799 -0.262761 -0.09424799 -0.262761 -0.1256639 -0.262761 -0.09424799 -0.310535 -0.09424799 -0.262761 -0.09424799 -0.310535 -0.06283199 -0.310535 -0.06283199 -0.310535 -0.09424799 -0.310535 -0.06283199 -0.35831 -0.06283199 -0.310535 -0.06283199 -0.35831 -0.03141599 -0.35831 -0.03141599 -0.35831 -0.06283199 -0.35831 -0.03141599 -0.406084 -0.1570799 -0.236962 -0.1570799 -0.296203 -0.1256639 -0.262761 -0.1256639 -0.262761 -0.1570799 -0.296203 -0.1256639 -0.310535 -0.1256639 -0.262761 -0.1256639 -0.310535 -0.09424799 -0.310535 -0.09424799 -0.310535 -0.1256639 -0.310535 -0.09424799 -0.35831 -0.09424799 -0.310535 -0.09424799 -0.35831 -0.06283199 -0.35831 -0.06283199 -0.35831 -0.09424799 -0.35831 -0.06283199 -0.406084 -0.06283199 -0.35831 -0.06283199 -0.406084 -0.03141599 -0.406084 -0.03141599 -0.406084 -0.06283199 -0.406084 -0.03141599 -0.453859 -0.1570799 -0.296203 -0.1570799 -0.355443 -0.1256639 -0.310535 -0.1256639 -0.310535 -0.1570799 -0.355443 -0.1256639 -0.35831 -0.1256639 -0.310535 -0.1256639 -0.35831 -0.09424799 -0.35831 -0.09424799 -0.35831 -0.1256639 -0.35831 -0.09424799 -0.406084 -0.09424799 -0.35831 -0.09424799 -0.406084 -0.06283199 -0.406084 -0.06283199 -0.406084 -0.09424799 -0.406084 -0.06283199 -0.453859 -0.06283199 -0.406084 -0.06283199 -0.453859 -0.03141599 -0.453859 -0.03141599 -0.453859 -0.06283199 -0.453859 -0.03141599 -0.501634 -0.1256639 -0.35831 -0.1570799 -0.355443 -0.1256639 -0.406084 -0.1256639 -0.406084 -0.1570799 -0.355443 -0.1570799 -0.414684 -0.1256639 -0.406084 -0.1570799 -0.414684 -0.1256639 -0.453859 -0.1256639 -0.453859 -0.1570799 -0.414684 -0.1570799 -0.473924 -0.1256639 -0.453859 -0.1570799 -0.473924 -0.1256639 -0.501634 -0.1256639 -0.501634 -0.1570799 -0.473924 -0.1570799 -0.533165 -0.1256639 -0.501634 -0.1570799 -0.533165 -0.1256639 -0.549408 -0.1256639 -0.549408 -0.1570799 -0.533165 -0.1570799 -0.592406 -0.1256639 -0.549408 -0.1570799 -0.592406 -0.1256639 -0.597183 -0.1256639 -0.597183 -0.1570799 -0.592406 -0.1256639 -0.644958 -0.1256639 -0.597183 -0.1256639 -0.644958 -0.09424799 -0.644958 -0.09424799 -0.644958 -0.1256639 -0.644958 -0.09424799 -0.692732 -0.09424799 -0.644958 -0.09424799 -0.692732 -0.06283199 -0.692732 -0.06283199 -0.692732 -0.09424799 -0.692732 -0.06283199 -0.740507 -0.06283199 0.788282 -0.06283199 0.740507 -0.03141599 0.740507 -0.03141599 0.740507 -0.06283199 0.740507 -0.03141599 0.692732 -0.1570799 -0.592406 -0.1570799 -0.651646 -0.1256639 -0.644958 -0.1256639 -0.644958 -0.1570799 -0.651646 -0.1256639 -0.692732 -0.1256639 -0.644958 -0.1256639 -0.692732 -0.09424799 -0.692732 -0.09424799 -0.692732 -0.1256639 -0.692732 -0.09424799 -0.740507 -0.09424799 0.788282 -0.09424799 0.740507 -0.06283199 0.740507 -0.06283199 0.740507 -0.09424799 0.740507 -0.06283199 0.692732 -0.06283199 0.740507 -0.06283199 0.692732 -0.03141599 0.692732 -0.03141599 0.692732 -0.06283199 0.692732 -0.03141599 0.644958 -0.1570799 -0.651646 -0.1570799 -0.710887 -0.1256639 -0.692732 -0.1256639 -0.692732 -0.1570799 -0.710887 -0.1256639 -0.740507 -0.1256639 -0.692732 -0.1256639 -0.740507 -0.09424799 -0.740507 -0.09424799 0.740507 -0.1256639 0.740507 -0.09424799 0.692732 -0.09424799 0.740507 -0.09424799 0.692732 -0.06283199 0.692732 -0.06283199 0.692732 -0.09424799 0.692732 -0.06283199 0.644958 -0.06283199 0.692732 -0.06283199 0.644958 -0.03141599 0.644958 -0.03141599 0.644958 -0.06283199 0.644958 -0.03141599 0.597183 -0.1570799 0.770127 -0.1570799 0.710887 -0.1256639 0.740507 -0.1256639 0.740507 -0.1570799 0.710887 -0.1256639 0.692732 -0.1256639 0.740507 -0.1256639 0.692732 -0.09424799 0.692732 -0.09424799 0.692732 -0.1256639 0.692732 -0.09424799 0.644958 -0.09424799 0.692732 -0.09424799 0.644958 -0.06283199 0.644958 -0.06283199 0.644958 -0.09424799 0.644958 -0.06283199 0.597183 -0.06283199 0.644958 -0.06283199 0.597183 -0.03141599 0.597183 -0.03141599 0.597183 -0.06283199 0.597183 -0.03141599 0.549408 -0.1570799 0.710887 -0.1570799 0.651646 -0.1256639 0.692732 -0.1256639 0.692732 -0.1570799 0.651646 -0.1256639 0.644958 -0.1256639 0.692732 -0.1256639 0.644958 -0.09424799 0.644958 -0.09424799 0.644958 -0.1256639 0.644958 -0.09424799 0.597183 -0.09424799 0.644958 -0.09424799 0.597183 -0.06283199 0.597183 -0.06283199 0.597183 -0.09424799 0.597183 -0.06283199 0.549408 -0.06283199 0.597183 -0.06283199 0.549408 -0.03141599 0.549408 -0.03141599 0.549408 -0.06283199 0.549408 -0.03141599 0.501634 -0.1570799 0.651646 -0.1570799 0.592406 -0.1256639 0.644958 -0.1256639 0.644958 -0.1570799 0.592406 -0.1256639 0.597183 -0.1256639 0.644958 -0.1256639 0.597183 -0.09424799 0.597183 -0.09424799 0.597183 -0.1256639 0.597183 -0.09424799 0.549408 -0.09424799 0.597183 -0.09424799 0.549408 -0.06283199 0.549408 -0.06283199 0.549408 -0.09424799 0.549408 -0.06283199 0.501634 -0.06283199 0.549408 -0.06283199 0.501634 -0.03141599 0.501634 -0.03141599 0.501634 -0.06283199 0.501634 -0.03141599 0.453859 -0.1256639 0.597183 -0.1570799 0.592406 -0.1256639 0.549408 -0.1256639 0.549408 -0.1570799 0.592406 -0.1570799 0.533165 -0.1256639 0.549408 -0.1570799 0.533165 -0.1256639 0.501634 -0.1256639 0.501634 -0.1570799 0.533165 -0.1570799 0.473924 -0.1256639 0.501634 -0.1570799 0.473924 -0.1256639 0.453859 -0.1256639 0.453859 -0.1570799 0.473924 -0.1570799 0.414684 -0.1256639 0.453859 -0.1570799 0.414684 -0.1256639 0.406084 -0.1256639 0.406084 -0.1570799 0.414684 -0.1570799 0.355443 -0.1256639 0.406084 -0.1570799 0.355443 -0.1256639 0.35831 -0.1256639 0.35831 -0.1570799 0.355443 -0.1256639 0.310535 -0.1256639 0.35831 -0.1256639 0.310535 -0.09424799 0.310535 -0.09424799 0.310535 -0.1256639 0.310535 -0.09424799 0.262761 -0.09424799 0.310535 -0.09424799 0.262761 -0.06283199 0.262761 -0.06283199 0.262761 -0.09424799 0.262761 -0.06283199 0.214986 -0.06283199 0.262761 -0.06283199 0.214986 -0.03141599 0.214986 -0.03141599 0.214986 -0.06283199 0.214986 -0.03141599 0.1672109 -0.1570799 0.355443 -0.1570799 0.296203 -0.1256639 0.310535 -0.1256639 0.310535 -0.1570799 0.296203 -0.1256639 0.262761 -0.1256639 0.310535 -0.1256639 0.262761 -0.09424799 0.262761 -0.09424799 0.262761 -0.1256639 0.262761 -0.09424799 0.214986 -0.09424799 0.262761 -0.09424799 0.214986 -0.06283199 0.214986 -0.06283199 0.214986 -0.09424799 0.214986 -0.06283199 0.1672109 -0.06283199 0.214986 -0.06283199 0.1672109 -0.03141599 0.1672109 -0.1570799 0.296203 -0.1570799 0.236962 -0.1256639 0.262761 -0.1256639 0.262761 -0.1570799 0.236962 -0.1256639 0.214986 -0.1256639 0.262761 -0.1256639 0.214986 -0.09424799 0.214986 -0.09424799 0.214986 -0.1256639 0.214986 -0.09424799 0.1672109 -0.09424799 0.214986 -0.09424799 0.1672109 -0.06283199 0.1672109 -0.1570799 0.236962 -0.1570799 0.177722 -0.1256639 0.214986 -0.1256639 0.214986 -0.1570799 0.177722 -0.1256639 0.1672109 -0.1256639 0.214986 -0.1256639 0.1672109 -0.09424799 0.1672109 -0.1570799 0.177722 -0.1570799 0.118481 -0.1256639 0.1672109 -0.03141599 0.02388697 -0.06283199 0.02388697 -0.03141599 -0.02388697 -0.03141599 -0.02388697 -0.06283199 0.02388697 -0.06283199 -0.02388697 -0.03141599 -0.02388697 -0.06283199 -0.02388697 -0.03141599 -0.071662 -0.03141599 -0.071662 -0.06283199 -0.02388697 -0.06283199 -0.071662 -0.03141599 -0.071662 -0.06283199 -0.071662 -0.03141599 -0.119437 -0.03141599 -0.119437 -0.06283199 -0.071662 -0.06283199 -0.119437 -0.03141599 -0.119437 -0.06283199 -0.119437 -0.03141599 -0.1672109 -0.03141599 -0.1672109 -0.06283199 -0.119437 -0.06283199 -0.1672109 -0.03141599 -0.1672109 -0.06283199 -0.1672109 -0.03141599 -0.214986 -0.03141599 -0.214986 -0.06283199 -0.1672109 -0.06283199 -0.214986 -0.03141599 -0.214986 -0.06283199 -0.214986 -0.03141599 -0.262761 -0.06283199 0.02388697 -0.09424799 0.02388697 -0.06283199 -0.02388697 -0.06283199 -0.02388697 -0.09424799 0.02388697 -0.09424799 -0.02388697 -0.06283199 -0.02388697 -0.09424799 -0.02388697 -0.06283199 -0.071662 -0.06283199 -0.071662 -0.09424799 -0.02388697 -0.09424799 -0.071662 -0.06283199 -0.071662 -0.09424799 -0.071662 -0.06283199 -0.119437 -0.06283199 -0.119437 -0.09424799 -0.071662 -0.09424799 -0.119437 -0.06283199 -0.119437 -0.09424799 -0.119437 -0.06283199 -0.1672109 -0.06283199 -0.1672109 -0.09424799 -0.119437 -0.09424799 -0.1672109 -0.06283199 -0.1672109 -0.09424799 -0.1672109 -0.06283199 -0.214986 -0.06283199 0.02388697 -0.03141599 0.02388697 -0.06283199 0.071662 -0.06283199 0.071662 -0.03141599 0.02388697 -0.03141599 0.071662 -0.06283199 0.071662 -0.03141599 0.071662 -0.06283199 0.119437 -0.06283199 0.119437 -0.03141599 0.071662 -0.03141599 0.119437 -0.09424799 0.02388697 -0.1256639 0.02388697 -0.09424799 -0.02388697 -0.09424799 -0.02388697 -0.1256639 0.02388697 -0.1256639 -0.02388697 -0.09424799 -0.02388697 -0.1256639 -0.02388697 -0.09424799 -0.071662 -0.09424799 -0.071662 -0.1256639 -0.02388697 -0.1256639 -0.071662 -0.09424799 -0.071662 -0.1256639 -0.071662 -0.09424799 -0.119437 -0.09424799 -0.119437 -0.1256639 -0.071662 -0.1256639 -0.119437 -0.09424799 -0.119437 -0.1256639 -0.119437 -0.09424799 -0.1672109 -0.09424799 0.02388697 -0.06283199 0.02388697 -0.09424799 0.071662 -0.09424799 0.071662 -0.06283199 0.02388697 -0.06283199 0.071662 -0.09424799 0.071662 -0.06283199 0.071662 -0.09424799 0.119437 -0.09424799 0.119437 -0.06283199 0.071662 -0.06283199 0.119437 -0.1256639 0.02388697 -0.09424799 0.02388697 -0.1256639 0.071662 -0.1256639 0.071662 -0.09424799 0.02388697 -0.09424799 0.071662 -0.1256639 0.071662 -0.09424799 0.071662 -0.1256639 0.119437 -0.1256639 0.119437 -0.09424799 0.071662 -0.09424799 0.119437 -0.03141599 0.214986 -0.03141599 0.262761 -0.06283199 0.262761 -0.06283199 0.262761 -0.03141599 0.262761 -0.06283199 0.310535 -0.06283199 0.262761 -0.06283199 0.310535 -0.09424799 0.310535 -0.09424799 0.310535 -0.06283199 0.310535 -0.09424799 0.35831 -0.09424799 0.310535 -0.09424799 0.35831 -0.1256639 0.35831 -0.1256639 0.35831 -0.09424799 0.35831 -0.1256639 0.406084 -0.03141599 0.262761 -0.03141599 0.310535 -0.06283199 0.310535 -0.06283199 0.310535 -0.03141599 0.310535 -0.06283199 0.35831 -0.06283199 0.310535 -0.06283199 0.35831 -0.09424799 0.35831 -0.09424799 0.35831 -0.06283199 0.35831 -0.09424799 0.406084 -0.09424799 0.35831 -0.09424799 0.406084 -0.1256639 0.406084 -0.1256639 0.406084 -0.09424799 0.406084 -0.1256639 0.453859 -0.03141599 0.310535 -0.03141599 0.35831 -0.06283199 0.35831 -0.06283199 0.35831 -0.03141599 0.35831 -0.06283199 0.406084 -0.06283199 0.35831 -0.06283199 0.406084 -0.09424799 0.406084 -0.09424799 0.406084 -0.06283199 0.406084 -0.09424799 0.453859 -0.09424799 0.406084 -0.09424799 0.453859 -0.1256639 0.453859 -0.1256639 0.453859 -0.09424799 0.453859 -0.1256639 0.501634 -0.03141599 0.35831 -0.03141599 0.406084 -0.06283199 0.406084 -0.06283199 0.406084 -0.03141599 0.406084 -0.06283199 0.453859 -0.06283199 0.406084 -0.06283199 0.453859 -0.09424799 0.453859 -0.09424799 0.453859 -0.06283199 0.453859 -0.09424799 0.501634 -0.09424799 0.453859 -0.09424799 0.501634 -0.1256639 0.501634 -0.1256639 0.501634 -0.09424799 0.501634 -0.1256639 0.549408 -0.03141599 0.406084 -0.03141599 0.453859 -0.06283199 0.453859 -0.06283199 0.453859 -0.03141599 0.453859 -0.06283199 0.501634 -0.06283199 0.453859 -0.06283199 0.501634 -0.09424799 0.501634 -0.09424799 0.501634 -0.06283199 0.501634 -0.09424799 0.549408 -0.09424799 0.501634 -0.09424799 0.549408 -0.1256639 0.549408 -0.1256639 0.549408 -0.09424799 0.549408 -0.1256639 0.597183 -0.03141599 -0.740507 -0.03141599 -0.692732 -0.06283199 -0.692732 -0.06283199 -0.692732 -0.03141599 -0.692732 -0.06283199 -0.644958 -0.06283199 -0.692732 -0.06283199 -0.644958 -0.09424799 -0.644958 -0.09424799 -0.644958 -0.06283199 -0.644958 -0.09424799 -0.597183 -0.09424799 -0.644958 -0.09424799 -0.597183 -0.1256639 -0.597183 -0.1256639 -0.597183 -0.09424799 -0.597183 -0.1256639 -0.549408 -0.03141599 -0.692732 -0.03141599 -0.644958 -0.06283199 -0.644958 -0.06283199 -0.644958 -0.03141599 -0.644958 -0.06283199 -0.597183 -0.06283199 -0.644958 -0.06283199 -0.597183 -0.09424799 -0.597183 -0.09424799 -0.597183 -0.06283199 -0.597183 -0.09424799 -0.549408 -0.09424799 -0.597183 -0.09424799 -0.549408 -0.1256639 -0.549408 -0.1256639 -0.549408 -0.09424799 -0.549408 -0.1256639 -0.501634 -0.03141599 -0.644958 -0.03141599 -0.597183 -0.06283199 -0.597183 -0.06283199 -0.597183 -0.03141599 -0.597183 -0.06283199 -0.549408 -0.06283199 -0.597183 -0.06283199 -0.549408 -0.09424799 -0.549408 -0.09424799 -0.549408 -0.06283199 -0.549408 -0.09424799 -0.501634 -0.09424799 -0.549408 -0.09424799 -0.501634 -0.1256639 -0.501634 -0.1256639 -0.501634 -0.09424799 -0.501634 -0.1256639 -0.453859 -0.03141599 -0.597183 -0.03141599 -0.549408 -0.06283199 -0.549408 -0.06283199 -0.549408 -0.03141599 -0.549408 -0.06283199 -0.501634 -0.06283199 -0.549408 -0.06283199 -0.501634 -0.09424799 -0.501634 -0.09424799 -0.501634 -0.06283199 -0.501634 -0.09424799 -0.453859 -0.09424799 -0.501634 -0.09424799 -0.453859 -0.1256639 -0.453859 -0.1256639 -0.453859 -0.09424799 -0.453859 -0.1256639 -0.406084 -0.03141599 -0.549408 -0.03141599 -0.501634 -0.06283199 -0.501634 -0.06283199 -0.501634 -0.03141599 -0.501634 -0.06283199 -0.453859 -0.06283199 -0.501634 -0.06283199 -0.453859 -0.09424799 -0.453859 -0.09424799 -0.453859 -0.06283199 -0.453859 -0.09424799 -0.406084 -0.09424799 -0.453859 -0.09424799 -0.406084 -0.1256639 -0.406084 -0.1256639 -0.406084 -0.09424799 -0.406084 -0.1256639 -0.35831 0 0.05371099 -0.1 0 0 0 0 0 -0.1 0 -0.1 -0.05371099 0 0 -0.1 -0.05371099 0 -0.05371099 0 -0.05371099 -0.1 -0.05371099 -0.1 -0.107422 0 -0.05371099 -0.1 -0.107422 0 -0.107422 0 -0.107422 -0.1 -0.107422 -0.1 -0.161133 0 -0.107422 -0.1 -0.161133 0 -0.161133 0 -0.161133 -0.1 -0.161133 -0.1 -0.214844 0 -0.161133 -0.1 -0.214844 0 -0.214844 0 -0.214844 -0.1 -0.214844 -0.1 -0.268555 0 -0.214844 -0.1 -0.268555 0 -0.268555 0 -0.268555 -0.1 -0.268555 -0.1 -0.322267 0 -0.268555 -0.1 -0.322267 0 -0.322267 0 -0.322267 -0.1 -0.322267 -0.1 -0.375978 0 -0.322267 -0.1 -0.375978 0 -0.375978 0 -0.375978 -0.1 -0.375978 -0.1 -0.429689 0 -0.375978 -0.1 -0.429689 0 -0.429689 0 -0.429689 -0.1 -0.429689 -0.1 -0.4834 0 -0.429689 -0.1 -0.4834 0 -0.4834 0 -0.4834 -0.1 -0.4834 -0.1 -0.537111 0 -0.4834 -0.1 -0.537111 0 -0.537111 0 -0.537111 -0.1 -0.537111 -0.1 -0.590822 0 -0.537111 -0.1 -0.590822 0 -0.590822 0 -0.590822 -0.1 -0.590822 -0.1 -0.644533 0 -0.590822 -0.1 -0.644533 0 -0.644533 0 -0.644533 -0.1 -0.644533 -0.1 -0.698244 0 -0.644533 -0.1 -0.698244 0 -0.698244 0 -0.698244 -0.1 -0.698244 -0.1 -0.751955 0 -0.698244 -0.1 -0.751955 0 -0.751955 0 -0.751955 -0.1 -0.751955 -0.1 -0.805666 0 -0.751955 -0.1 -0.805666 0 -0.805666 0 0.859378 -0.1 0.859378 -0.1 0.805666 0 0.859378 -0.1 0.805666 0 0.805666 0 0.805666 -0.1 0.805666 -0.1 0.751955 0 0.805666 -0.1 0.751955 0 0.751955 0 0.751955 -0.1 0.751955 -0.1 0.698244 0 0.751955 -0.1 0.698244 0 0.698244 0 0.698244 -0.1 0.698244 -0.1 0.644533 0 0.698244 -0.1 0.644533 0 0.644533 0 0.644533 -0.1 0.644533 -0.1 0.590822 0 0.644533 -0.1 0.590822 0 0.590822 0 0.590822 -0.1 0.590822 -0.1 0.537111 0 0.590822 -0.1 0.537111 0 0.537111 0 0.537111 -0.1 0.537111 -0.1 0.4834 0 0.537111 -0.1 0.4834 0 0.4834 0 0.4834 -0.1 0.4834 -0.1 0.429689 0 0.4834 -0.1 0.429689 0 0.429689 0 0.429689 -0.1 0.429689 -0.1 0.375978 0 0.429689 -0.1 0.375978 0 0.375978 0 0.375978 -0.1 0.375978 -0.1 0.322267 0 0.375978 -0.1 0.322267 0 0.322267 0 0.322267 -0.1 0.322267 -0.1 0.268555 0 0.322267 -0.1 0.268555 0 0.268555 0 0.268555 -0.1 0.268555 -0.1 0.214844 0 0.268555 -0.1 0.214844 0 0.214844 0 0.214844 -0.1 0.214844 -0.1 0.161133 0 0.214844 -0.1 0.161133 0 0.161133 0 0.161133 -0.1 0.161133 -0.1 0.107422 0 0.161133 -0.1 0.107422 0 0.107422 0 0.107422 -0.1 0.107422 -0.1 0.05371099 0 0.107422 -0.1 0.05371099 0 0.05371099 0 0.05371099 -0.1 0.05371099 -0.1 0 0.11 0.06350898 0.08841097 0.1393139 0 0.127017 0 0.127017 0.08841097 0.1393139 0.05098795 0.156924 0 0.127017 0.05098795 0.156924 0.01036 0.164674 0.11 -0.06350898 0.165 0 0.11 0.06350898 0.11 0.06350898 0.165 0 0.159816 0.04103398 0.11 0.06350898 0.159816 0.04103398 0.144591 0.07948899 0 -0.127017 0.08841097 -0.1393139 0.11 -0.06350898 0.11 -0.06350898 0.08841097 -0.1393139 0.12028 -0.11295 0.11 -0.06350898 0.12028 -0.11295 0.144591 -0.07948899 -0.11 -0.06350898 -0.07025396 -0.149296 0 -0.127017 0 -0.127017 -0.07025396 -0.149296 -0.030918 -0.162077 0 -0.127017 -0.030918 -0.162077 0.01036 -0.164674 -0.11 0.06350898 -0.163699 0.02067995 -0.11 -0.06350898 -0.11 -0.06350898 -0.163699 0.02067995 -0.163699 -0.02067995 -0.11 -0.06350898 -0.163699 -0.02067995 -0.1534129 -0.06074094 0 0.127017 -0.07025396 0.149296 -0.11 0.06350898 -0.11 0.06350898 -0.07025396 0.149296 -0.105175 0.127135 -0.11 0.06350898 -0.105175 0.127135 -0.1334879 0.09698498 0.144591 0.07948899 0.12028 0.11295 0.11 0.06350898 0.11 0.06350898 0.12028 0.11295 0.08841097 0.1393139 0.01036 0.164674 -0.030918 0.162077 0 0.127017 0 0.127017 -0.030918 0.162077 -0.07025396 0.149296 -0.1334879 0.09698498 -0.1534129 0.06074094 -0.11 0.06350898 -0.11 0.06350898 -0.1534129 0.06074094 -0.163699 0.02067995 -0.1534129 -0.06074094 -0.1334879 -0.09698498 -0.11 -0.06350898 -0.11 -0.06350898 -0.1334879 -0.09698498 -0.105175 -0.127135 -0.11 -0.06350898 -0.105175 -0.127135 -0.07025396 -0.149296 0.01036 -0.164674 0.05098795 -0.156924 0 -0.127017 0 -0.127017 0.05098795 -0.156924 0.08841097 -0.1393139 0.144591 -0.07948899 0.159816 -0.04103398 0.11 -0.06350898 0.11 -0.06350898 0.159816 -0.04103398 0.165 0 -0.11 0.06350898 0 -0.127017 0 0.127017 0 0.127017 0 -0.127017 0.11 -0.06350898 0 0.127017 0.11 -0.06350898 0.11 0.06350898 -0.11 0.06350898 -0.11 -0.06350898 0 -0.127017 -2.5 -0.040977 0 0 -2.5 0 -2.5 0 0 0 0 0.040977 -2.5 0 0 0.040977 -2.5 0.040977 -2.5 0.040977 0 0.040977 0 0.08195495 -2.5 0.040977 0 0.08195495 -2.5 0.08195495 -2.5 0.08195495 0 0.08195495 0 0.122932 -2.5 0.08195495 0 0.122932 -2.5 0.122932 -2.5 0.122932 0 0.122932 0 0.163909 -2.5 0.122932 0 0.163909 -2.5 0.163909 -2.5 0.163909 0 0.163909 0 0.204886 -2.5 0.163909 0 0.204886 -2.5 0.204886 -2.5 0.204886 0 0.204886 0 0.245864 -2.5 0.204886 0 0.245864 -2.5 0.245864 -2.5 0.245864 0 0.245864 0 0.286841 -2.5 0.245864 0 0.286841 -2.5 0.286841 -2.5 0.286841 0 0.286841 0 0.327818 -2.5 0.286841 0 0.327818 -2.5 0.327818 -2.5 0.327818 0 0.327818 0 0.368796 -2.5 0.327818 0 0.368796 -2.5 0.368796 -2.5 0.368796 0 0.368796 0 0.409773 -2.5 0.368796 0 0.409773 -2.5 0.409773 -2.5 0.409773 0 0.409773 0 0.45075 -2.5 0.409773 0 0.45075 -2.5 0.45075 -2.5 -0.491728 0 -0.491728 0 -0.45075 -2.5 -0.491728 0 -0.45075 -2.5 -0.45075 -2.5 -0.45075 0 -0.45075 0 -0.409773 -2.5 -0.45075 0 -0.409773 -2.5 -0.409773 -2.5 -0.409773 0 -0.409773 0 -0.368796 -2.5 -0.409773 0 -0.368796 -2.5 -0.368796 -2.5 -0.368796 0 -0.368796 0 -0.327818 -2.5 -0.368796 0 -0.327818 -2.5 -0.327818 -2.5 -0.327818 0 -0.327818 0 -0.286841 -2.5 -0.327818 0 -0.286841 -2.5 -0.286841 -2.5 -0.286841 0 -0.286841 0 -0.245864 -2.5 -0.286841 0 -0.245864 -2.5 -0.245864 -2.5 -0.245864 0 -0.245864 0 -0.204886 -2.5 -0.245864 0 -0.204886 -2.5 -0.204886 -2.5 -0.204886 0 -0.204886 0 -0.163909 -2.5 -0.204886 0 -0.163909 -2.5 -0.163909 -2.5 -0.163909 0 -0.163909 0 -0.122932 -2.5 -0.163909 0 -0.122932 -2.5 -0.122932 -2.5 -0.122932 0 -0.122932 0 -0.08195495 -2.5 -0.122932 0 -0.08195495 -2.5 -0.08195495 -2.5 -0.08195495 0 -0.08195495 0 -0.040977 -2.5 -0.08195495 0 -0.040977 -2.5 -0.040977 -2.5 -0.040977 0 -0.040977 0 0 -0.15 0 -0.144438 -0.04047 -0.144438 0.04047 -0.144438 0.04047 -0.144438 -0.04047 -0.128163 0.07793796 -0.128163 0.07793796 -0.144438 -0.04047 -0.128163 -0.07793796 -0.128163 0.07793796 -0.128163 -0.07793796 -0.102383 0.109625 -0.102383 0.109625 -0.128163 -0.07793796 -0.102383 -0.109625 -0.102383 0.109625 -0.102383 -0.109625 -0.06900995 0.133183 -0.06900995 0.133183 -0.102383 -0.109625 -0.06900995 -0.133183 -0.06900995 0.133183 -0.06900995 -0.133183 -0.03051799 0.146863 -0.03051799 0.146863 -0.06900995 -0.133183 -0.03051799 -0.146863 -0.03051799 0.146863 -0.03051799 -0.146863 0.01023596 0.14965 0.01023596 0.14965 -0.03051799 -0.146863 0.05023199 0.141339 0.05023199 0.141339 -0.03051799 -0.146863 0.08650195 0.122545 0.08650195 0.122545 -0.03051799 -0.146863 0.116357 0.09466296 0.116357 0.09466296 -0.03051799 -0.146863 0.137582 0.05975997 0.137582 0.05975997 -0.03051799 -0.146863 0.148603 0.02042496 0.148603 0.02042496 -0.03051799 -0.146863 0.148603 -0.02042496 0.148603 -0.02042496 -0.03051799 -0.146863 0.137582 -0.05975997 0.137582 -0.05975997 -0.03051799 -0.146863 0.116357 -0.09466296 0.116357 -0.09466296 -0.03051799 -0.146863 0.08650195 -0.122545 0.08650195 -0.122545 -0.03051799 -0.146863 0.05023199 -0.141339 0.05023199 -0.141339 -0.03051799 -0.146863 0.01023596 -0.14965 0 0 0.127017 0 0 0.2 0 0.2 0.127017 0 0.127017 0.2 0 0 0.127017 0 0 0.2 0 0.2 0.127017 0 0.127017 0.2 0 0 0.127017 0 0 0.2 0 0.2 0.127017 0 0.127017 0.2 0 0 0.127017 0 0 0.2 0 0.2 0.127017 0 0.127017 0.2 0 0 0.127017 0 0 0.2 0 0.2 0.127017 0 0.127017 0.2 0 0 0.127017 0 0 0.2 0 0.2 0.127017 0 0.127017 0.2 -0.144438 0.04047 -0.259575 0.05334395 -0.15 0 -0.15 0 -0.259575 0.05334395 -0.265 0 -0.15 0 -0.265 0 -0.259575 -0.05334395 -0.259575 0.05334395 -0.144438 0.04047 -0.243524 0.104504 -0.243524 0.104504 -0.144438 0.04047 -0.128163 0.07793796 -0.243524 0.104504 -0.128163 0.07793796 -0.2175019 0.151386 -0.2175019 0.151386 -0.128163 0.07793796 -0.102383 0.109625 -0.2175019 0.151386 -0.102383 0.109625 -0.182576 0.19207 -0.182576 0.19207 -0.102383 0.109625 -0.140175 0.224891 -0.140175 0.224891 -0.102383 0.109625 -0.06900995 0.133183 -0.140175 0.224891 -0.06900995 0.133183 -0.092036 0.248504 -0.092036 0.248504 -0.06900995 0.133183 -0.03051799 0.146863 -0.092036 0.248504 -0.03051799 0.146863 -0.04012799 0.261944 -0.04012799 0.261944 -0.03051799 0.146863 0.01023596 0.14965 -0.04012799 0.261944 0.01023596 0.14965 0.01342195 0.26466 0.01342195 0.26466 0.01023596 0.14965 0.06642299 0.25654 0.06642299 0.25654 0.01023596 0.14965 0.05023199 0.141339 0.06642299 0.25654 0.05023199 0.141339 0.116704 0.237918 0.116704 0.237918 0.05023199 0.141339 0.08650195 0.122545 0.116704 0.237918 0.08650195 0.122545 0.162208 0.209556 0.162208 0.209556 0.08650195 0.122545 0.116357 0.09466296 0.162208 0.209556 0.116357 0.09466296 0.201071 0.172614 0.201071 0.172614 0.116357 0.09466296 0.231702 0.128605 0.231702 0.128605 0.116357 0.09466296 0.137582 0.05975997 0.231702 0.128605 0.137582 0.05975997 0.252847 0.07933098 0.252847 0.07933098 0.137582 0.05975997 0.148603 0.02042496 0.252847 0.07933098 0.148603 0.02042496 0.26364 0.02680999 0.26364 0.02680999 0.148603 0.02042496 0.26364 -0.02680999 0.26364 -0.02680999 0.148603 0.02042496 0.148603 -0.02042496 0.26364 -0.02680999 0.148603 -0.02042496 0.252847 -0.07933098 0.252847 -0.07933098 0.148603 -0.02042496 0.137582 -0.05975997 0.252847 -0.07933098 0.137582 -0.05975997 0.231702 -0.128605 0.231702 -0.128605 0.137582 -0.05975997 0.116357 -0.09466296 0.231702 -0.128605 0.116357 -0.09466296 0.201071 -0.172614 0.201071 -0.172614 0.116357 -0.09466296 0.162208 -0.209556 0.162208 -0.209556 0.116357 -0.09466296 0.08650195 -0.122545 0.162208 -0.209556 0.08650195 -0.122545 0.116704 -0.237918 0.116704 -0.237918 0.08650195 -0.122545 0.05023199 -0.141339 0.116704 -0.237918 0.05023199 -0.141339 0.06642299 -0.25654 0.06642299 -0.25654 0.05023199 -0.141339 0.01023596 -0.14965 0.06642299 -0.25654 0.01023596 -0.14965 0.01342195 -0.26466 0.01342195 -0.26466 0.01023596 -0.14965 -0.04012799 -0.261944 -0.04012799 -0.261944 0.01023596 -0.14965 -0.03051799 -0.146863 -0.04012799 -0.261944 -0.03051799 -0.146863 -0.092036 -0.248504 -0.092036 -0.248504 -0.03051799 -0.146863 -0.06900995 -0.133183 -0.092036 -0.248504 -0.06900995 -0.133183 -0.140175 -0.224891 -0.140175 -0.224891 -0.06900995 -0.133183 -0.102383 -0.109625 -0.140175 -0.224891 -0.102383 -0.109625 -0.182576 -0.19207 -0.182576 -0.19207 -0.102383 -0.109625 -0.2175019 -0.151386 -0.2175019 -0.151386 -0.102383 -0.109625 -0.128163 -0.07793796 -0.2175019 -0.151386 -0.128163 -0.07793796 -0.243524 -0.104504 -0.243524 -0.104504 -0.128163 -0.07793796 -0.144438 -0.04047 -0.243524 -0.104504 -0.144438 -0.04047 -0.259575 -0.05334395 -0.259575 -0.05334395 -0.144438 -0.04047 -0.15 0 0 0.04777497 -0.03141599 0.02388697 0 0 0 0 -0.03141599 0.02388697 -0.03141599 -0.02388697 0 0 -0.03141599 -0.02388697 0 -0.04777497 0 -0.04777497 -0.03141599 -0.02388697 -0.03141599 -0.071662 0 -0.04777497 -0.03141599 -0.071662 0 -0.09554898 0 -0.09554898 -0.03141599 -0.071662 -0.03141599 -0.119437 0 -0.09554898 -0.03141599 -0.119437 0 -0.143324 0 -0.143324 -0.03141599 -0.119437 -0.03141599 -0.1672109 0 -0.143324 -0.03141599 -0.1672109 0 -0.191099 0 -0.191099 -0.03141599 -0.1672109 -0.03141599 -0.214986 0 -0.191099 -0.03141599 -0.214986 0 -0.238873 0 -0.238873 -0.03141599 -0.214986 -0.03141599 -0.262761 0 -0.238873 -0.03141599 -0.262761 0 -0.286648 0 -0.286648 -0.03141599 -0.262761 -0.03141599 -0.310535 0 -0.286648 -0.03141599 -0.310535 0 -0.334422 0 -0.334422 -0.03141599 -0.310535 -0.03141599 -0.35831 0 -0.334422 -0.03141599 -0.35831 0 -0.382197 0 -0.382197 -0.03141599 -0.35831 -0.03141599 -0.406084 0 -0.382197 -0.03141599 -0.406084 0 -0.429972 0 -0.429972 -0.03141599 -0.406084 -0.03141599 -0.453859 0 -0.429972 -0.03141599 -0.453859 0 -0.477746 0 -0.477746 -0.03141599 -0.453859 -0.03141599 -0.501634 0 -0.477746 -0.03141599 -0.501634 0 -0.525521 0 -0.525521 -0.03141599 -0.501634 -0.03141599 -0.549408 0 -0.525521 -0.03141599 -0.549408 0 -0.573296 0 -0.573296 -0.03141599 -0.549408 -0.03141599 -0.597183 0 -0.573296 -0.03141599 -0.597183 0 -0.62107 0 -0.62107 -0.03141599 -0.597183 -0.03141599 -0.644958 0 -0.62107 -0.03141599 -0.644958 0 -0.668845 0 -0.668845 -0.03141599 -0.644958 -0.03141599 -0.692732 0 -0.668845 -0.03141599 -0.692732 0 -0.71662 0 -0.71662 -0.03141599 -0.692732 -0.03141599 -0.740507 0 -0.71662 -0.03141599 -0.740507 0 -0.764394 0 0.71662 -0.03141599 0.740507 -0.03141599 0.692732 0 0.71662 -0.03141599 0.692732 0 0.668845 0 0.668845 -0.03141599 0.692732 -0.03141599 0.644958 0 0.668845 -0.03141599 0.644958 0 0.62107 0 0.62107 -0.03141599 0.644958 -0.03141599 0.597183 0 0.62107 -0.03141599 0.597183 0 0.573296 0 0.573296 -0.03141599 0.597183 -0.03141599 0.549408 0 0.573296 -0.03141599 0.549408 0 0.525521 0 0.525521 -0.03141599 0.549408 -0.03141599 0.501634 0 0.525521 -0.03141599 0.501634 0 0.477746 0 0.477746 -0.03141599 0.501634 -0.03141599 0.453859 0 0.477746 -0.03141599 0.453859 0 0.429972 0 0.429972 -0.03141599 0.453859 -0.03141599 0.406084 0 0.429972 -0.03141599 0.406084 0 0.382197 0 0.382197 -0.03141599 0.406084 -0.03141599 0.35831 0 0.382197 -0.03141599 0.35831 0 0.334422 0 0.334422 -0.03141599 0.35831 -0.03141599 0.310535 0 0.334422 -0.03141599 0.310535 0 0.286648 0 0.286648 -0.03141599 0.310535 -0.03141599 0.262761 0 0.286648 -0.03141599 0.262761 0 0.238873 0 0.238873 -0.03141599 0.262761 -0.03141599 0.214986 0 0.238873 -0.03141599 0.214986 0 0.191099 0 0.191099 -0.03141599 0.214986 -0.03141599 0.1672109 0 0.191099 -0.03141599 0.1672109 0 0.143324 0 0.143324 -0.03141599 0.1672109 -0.03141599 0.119437 0 0.143324 -0.03141599 0.119437 0 0.09554898 0 0.09554898 -0.03141599 0.119437 -0.03141599 0.071662 0 0.09554898 -0.03141599 0.071662 0 0.04777497 0 0.04777497 -0.03141599 0.071662 -0.03141599 0.02388697 -0.1570799 -0.05924099 -0.1256639 -0.02388697 -0.1570799 0 -0.1570799 0 -0.1256639 -0.02388697 -0.1256639 0.02388697 -0.1570799 0 -0.1256639 0.02388697 -0.1570799 0.05924099 -0.1570799 0.05924099 -0.1256639 0.02388697 -0.1256639 0.071662 -0.1570799 0.05924099 -0.1256639 0.071662 -0.1570799 0.118481 -0.1570799 0.118481 -0.1256639 0.071662 -0.1256639 0.119437 -0.1570799 0.118481 -0.1256639 0.119437 -0.1256639 0.1672109 -0.1256639 0.1672109 -0.1256639 0.119437 -0.09424799 0.119437 -0.1256639 0.1672109 -0.09424799 0.119437 -0.09424799 0.1672109 -0.09424799 0.1672109 -0.09424799 0.119437 -0.06283199 0.119437 -0.09424799 0.1672109 -0.06283199 0.119437 -0.06283199 0.1672109 -0.06283199 0.1672109 -0.06283199 0.119437 -0.03141599 0.119437 -0.06283199 0.1672109 -0.03141599 0.119437 -0.03141599 0.1672109 -0.1256639 -0.02388697 -0.1570799 -0.05924099 -0.1256639 -0.071662 -0.1256639 -0.071662 -0.1570799 -0.05924099 -0.1570799 -0.118481 -0.1256639 -0.071662 -0.1570799 -0.118481 -0.1256639 -0.119437 -0.1256639 -0.119437 -0.1570799 -0.118481 -0.1256639 -0.1672109 -0.1256639 -0.119437 -0.1256639 -0.1672109 -0.09424799 -0.1672109 -0.09424799 -0.1672109 -0.1256639 -0.1672109 -0.09424799 -0.214986 -0.09424799 -0.1672109 -0.09424799 -0.214986 -0.06283199 -0.214986 -0.06283199 -0.214986 -0.09424799 -0.214986 -0.06283199 -0.262761 -0.06283199 -0.214986 -0.06283199 -0.262761 -0.03141599 -0.262761 -0.03141599 -0.262761 -0.06283199 -0.262761 -0.03141599 -0.310535 -0.1570799 -0.118481 -0.1570799 -0.177722 -0.1256639 -0.1672109 -0.1256639 -0.1672109 -0.1570799 -0.177722 -0.1256639 -0.214986 -0.1256639 -0.1672109 -0.1256639 -0.214986 -0.09424799 -0.214986 -0.09424799 -0.214986 -0.1256639 -0.214986 -0.09424799 -0.262761 -0.09424799 -0.214986 -0.09424799 -0.262761 -0.06283199 -0.262761 -0.06283199 -0.262761 -0.09424799 -0.262761 -0.06283199 -0.310535 -0.06283199 -0.262761 -0.06283199 -0.310535 -0.03141599 -0.310535 -0.03141599 -0.310535 -0.06283199 -0.310535 -0.03141599 -0.35831 -0.1570799 -0.177722 -0.1570799 -0.236962 -0.1256639 -0.214986 -0.1256639 -0.214986 -0.1570799 -0.236962 -0.1256639 -0.262761 -0.1256639 -0.214986 -0.1256639 -0.262761 -0.09424799 -0.262761 -0.09424799 -0.262761 -0.1256639 -0.262761 -0.09424799 -0.310535 -0.09424799 -0.262761 -0.09424799 -0.310535 -0.06283199 -0.310535 -0.06283199 -0.310535 -0.09424799 -0.310535 -0.06283199 -0.35831 -0.06283199 -0.310535 -0.06283199 -0.35831 -0.03141599 -0.35831 -0.03141599 -0.35831 -0.06283199 -0.35831 -0.03141599 -0.406084 -0.1570799 -0.236962 -0.1570799 -0.296203 -0.1256639 -0.262761 -0.1256639 -0.262761 -0.1570799 -0.296203 -0.1256639 -0.310535 -0.1256639 -0.262761 -0.1256639 -0.310535 -0.09424799 -0.310535 -0.09424799 -0.310535 -0.1256639 -0.310535 -0.09424799 -0.35831 -0.09424799 -0.310535 -0.09424799 -0.35831 -0.06283199 -0.35831 -0.06283199 -0.35831 -0.09424799 -0.35831 -0.06283199 -0.406084 -0.06283199 -0.35831 -0.06283199 -0.406084 -0.03141599 -0.406084 -0.03141599 -0.406084 -0.06283199 -0.406084 -0.03141599 -0.453859 -0.1570799 -0.296203 -0.1570799 -0.355443 -0.1256639 -0.310535 -0.1256639 -0.310535 -0.1570799 -0.355443 -0.1256639 -0.35831 -0.1256639 -0.310535 -0.1256639 -0.35831 -0.09424799 -0.35831 -0.09424799 -0.35831 -0.1256639 -0.35831 -0.09424799 -0.406084 -0.09424799 -0.35831 -0.09424799 -0.406084 -0.06283199 -0.406084 -0.06283199 -0.406084 -0.09424799 -0.406084 -0.06283199 -0.453859 -0.06283199 -0.406084 -0.06283199 -0.453859 -0.03141599 -0.453859 -0.03141599 -0.453859 -0.06283199 -0.453859 -0.03141599 -0.501634 -0.1256639 -0.35831 -0.1570799 -0.355443 -0.1256639 -0.406084 -0.1256639 -0.406084 -0.1570799 -0.355443 -0.1570799 -0.414684 -0.1256639 -0.406084 -0.1570799 -0.414684 -0.1256639 -0.453859 -0.1256639 -0.453859 -0.1570799 -0.414684 -0.1570799 -0.473924 -0.1256639 -0.453859 -0.1570799 -0.473924 -0.1256639 -0.501634 -0.1256639 -0.501634 -0.1570799 -0.473924 -0.1570799 -0.533165 -0.1256639 -0.501634 -0.1570799 -0.533165 -0.1256639 -0.549408 -0.1256639 -0.549408 -0.1570799 -0.533165 -0.1570799 -0.592406 -0.1256639 -0.549408 -0.1570799 -0.592406 -0.1256639 -0.597183 -0.1256639 -0.597183 -0.1570799 -0.592406 -0.1256639 -0.644958 -0.1256639 -0.597183 -0.1256639 -0.644958 -0.09424799 -0.644958 -0.09424799 -0.644958 -0.1256639 -0.644958 -0.09424799 -0.692732 -0.09424799 -0.644958 -0.09424799 -0.692732 -0.06283199 -0.692732 -0.06283199 -0.692732 -0.09424799 -0.692732 -0.06283199 -0.740507 -0.06283199 0.788282 -0.06283199 0.740507 -0.03141599 0.740507 -0.03141599 0.740507 -0.06283199 0.740507 -0.03141599 0.692732 -0.1570799 -0.592406 -0.1570799 -0.651646 -0.1256639 -0.644958 -0.1256639 -0.644958 -0.1570799 -0.651646 -0.1256639 -0.692732 -0.1256639 -0.644958 -0.1256639 -0.692732 -0.09424799 -0.692732 -0.09424799 -0.692732 -0.1256639 -0.692732 -0.09424799 -0.740507 -0.09424799 0.788282 -0.09424799 0.740507 -0.06283199 0.740507 -0.06283199 0.740507 -0.09424799 0.740507 -0.06283199 0.692732 -0.06283199 0.740507 -0.06283199 0.692732 -0.03141599 0.692732 -0.03141599 0.692732 -0.06283199 0.692732 -0.03141599 0.644958 -0.1570799 -0.651646 -0.1570799 -0.710887 -0.1256639 -0.692732 -0.1256639 -0.692732 -0.1570799 -0.710887 -0.1256639 -0.740507 -0.1256639 -0.692732 -0.1256639 -0.740507 -0.09424799 -0.740507 -0.09424799 0.740507 -0.1256639 0.740507 -0.09424799 0.692732 -0.09424799 0.740507 -0.09424799 0.692732 -0.06283199 0.692732 -0.06283199 0.692732 -0.09424799 0.692732 -0.06283199 0.644958 -0.06283199 0.692732 -0.06283199 0.644958 -0.03141599 0.644958 -0.03141599 0.644958 -0.06283199 0.644958 -0.03141599 0.597183 -0.1570799 0.770127 -0.1570799 0.710887 -0.1256639 0.740507 -0.1256639 0.740507 -0.1570799 0.710887 -0.1256639 0.692732 -0.1256639 0.740507 -0.1256639 0.692732 -0.09424799 0.692732 -0.09424799 0.692732 -0.1256639 0.692732 -0.09424799 0.644958 -0.09424799 0.692732 -0.09424799 0.644958 -0.06283199 0.644958 -0.06283199 0.644958 -0.09424799 0.644958 -0.06283199 0.597183 -0.06283199 0.644958 -0.06283199 0.597183 -0.03141599 0.597183 -0.03141599 0.597183 -0.06283199 0.597183 -0.03141599 0.549408 -0.1570799 0.710887 -0.1570799 0.651646 -0.1256639 0.692732 -0.1256639 0.692732 -0.1570799 0.651646 -0.1256639 0.644958 -0.1256639 0.692732 -0.1256639 0.644958 -0.09424799 0.644958 -0.09424799 0.644958 -0.1256639 0.644958 -0.09424799 0.597183 -0.09424799 0.644958 -0.09424799 0.597183 -0.06283199 0.597183 -0.06283199 0.597183 -0.09424799 0.597183 -0.06283199 0.549408 -0.06283199 0.597183 -0.06283199 0.549408 -0.03141599 0.549408 -0.03141599 0.549408 -0.06283199 0.549408 -0.03141599 0.501634 -0.1570799 0.651646 -0.1570799 0.592406 -0.1256639 0.644958 -0.1256639 0.644958 -0.1570799 0.592406 -0.1256639 0.597183 -0.1256639 0.644958 -0.1256639 0.597183 -0.09424799 0.597183 -0.09424799 0.597183 -0.1256639 0.597183 -0.09424799 0.549408 -0.09424799 0.597183 -0.09424799 0.549408 -0.06283199 0.549408 -0.06283199 0.549408 -0.09424799 0.549408 -0.06283199 0.501634 -0.06283199 0.549408 -0.06283199 0.501634 -0.03141599 0.501634 -0.03141599 0.501634 -0.06283199 0.501634 -0.03141599 0.453859 -0.1256639 0.597183 -0.1570799 0.592406 -0.1256639 0.549408 -0.1256639 0.549408 -0.1570799 0.592406 -0.1570799 0.533165 -0.1256639 0.549408 -0.1570799 0.533165 -0.1256639 0.501634 -0.1256639 0.501634 -0.1570799 0.533165 -0.1570799 0.473924 -0.1256639 0.501634 -0.1570799 0.473924 -0.1256639 0.453859 -0.1256639 0.453859 -0.1570799 0.473924 -0.1570799 0.414684 -0.1256639 0.453859 -0.1570799 0.414684 -0.1256639 0.406084 -0.1256639 0.406084 -0.1570799 0.414684 -0.1570799 0.355443 -0.1256639 0.406084 -0.1570799 0.355443 -0.1256639 0.35831 -0.1256639 0.35831 -0.1570799 0.355443 -0.1256639 0.310535 -0.1256639 0.35831 -0.1256639 0.310535 -0.09424799 0.310535 -0.09424799 0.310535 -0.1256639 0.310535 -0.09424799 0.262761 -0.09424799 0.310535 -0.09424799 0.262761 -0.06283199 0.262761 -0.06283199 0.262761 -0.09424799 0.262761 -0.06283199 0.214986 -0.06283199 0.262761 -0.06283199 0.214986 -0.03141599 0.214986 -0.03141599 0.214986 -0.06283199 0.214986 -0.03141599 0.1672109 -0.1570799 0.355443 -0.1570799 0.296203 -0.1256639 0.310535 -0.1256639 0.310535 -0.1570799 0.296203 -0.1256639 0.262761 -0.1256639 0.310535 -0.1256639 0.262761 -0.09424799 0.262761 -0.09424799 0.262761 -0.1256639 0.262761 -0.09424799 0.214986 -0.09424799 0.262761 -0.09424799 0.214986 -0.06283199 0.214986 -0.06283199 0.214986 -0.09424799 0.214986 -0.06283199 0.1672109 -0.06283199 0.214986 -0.06283199 0.1672109 -0.03141599 0.1672109 -0.1570799 0.296203 -0.1570799 0.236962 -0.1256639 0.262761 -0.1256639 0.262761 -0.1570799 0.236962 -0.1256639 0.214986 -0.1256639 0.262761 -0.1256639 0.214986 -0.09424799 0.214986 -0.09424799 0.214986 -0.1256639 0.214986 -0.09424799 0.1672109 -0.09424799 0.214986 -0.09424799 0.1672109 -0.06283199 0.1672109 -0.1570799 0.236962 -0.1570799 0.177722 -0.1256639 0.214986 -0.1256639 0.214986 -0.1570799 0.177722 -0.1256639 0.1672109 -0.1256639 0.214986 -0.1256639 0.1672109 -0.09424799 0.1672109 -0.1570799 0.177722 -0.1570799 0.118481 -0.1256639 0.1672109 -0.03141599 0.02388697 -0.06283199 0.02388697 -0.03141599 -0.02388697 -0.03141599 -0.02388697 -0.06283199 0.02388697 -0.06283199 -0.02388697 -0.03141599 -0.02388697 -0.06283199 -0.02388697 -0.03141599 -0.071662 -0.03141599 -0.071662 -0.06283199 -0.02388697 -0.06283199 -0.071662 -0.03141599 -0.071662 -0.06283199 -0.071662 -0.03141599 -0.119437 -0.03141599 -0.119437 -0.06283199 -0.071662 -0.06283199 -0.119437 -0.03141599 -0.119437 -0.06283199 -0.119437 -0.03141599 -0.1672109 -0.03141599 -0.1672109 -0.06283199 -0.119437 -0.06283199 -0.1672109 -0.03141599 -0.1672109 -0.06283199 -0.1672109 -0.03141599 -0.214986 -0.03141599 -0.214986 -0.06283199 -0.1672109 -0.06283199 -0.214986 -0.03141599 -0.214986 -0.06283199 -0.214986 -0.03141599 -0.262761 -0.06283199 0.02388697 -0.09424799 0.02388697 -0.06283199 -0.02388697 -0.06283199 -0.02388697 -0.09424799 0.02388697 -0.09424799 -0.02388697 -0.06283199 -0.02388697 -0.09424799 -0.02388697 -0.06283199 -0.071662 -0.06283199 -0.071662 -0.09424799 -0.02388697 -0.09424799 -0.071662 -0.06283199 -0.071662 -0.09424799 -0.071662 -0.06283199 -0.119437 -0.06283199 -0.119437 -0.09424799 -0.071662 -0.09424799 -0.119437 -0.06283199 -0.119437 -0.09424799 -0.119437 -0.06283199 -0.1672109 -0.06283199 -0.1672109 -0.09424799 -0.119437 -0.09424799 -0.1672109 -0.06283199 -0.1672109 -0.09424799 -0.1672109 -0.06283199 -0.214986 -0.06283199 0.02388697 -0.03141599 0.02388697 -0.06283199 0.071662 -0.06283199 0.071662 -0.03141599 0.02388697 -0.03141599 0.071662 -0.06283199 0.071662 -0.03141599 0.071662 -0.06283199 0.119437 -0.06283199 0.119437 -0.03141599 0.071662 -0.03141599 0.119437 -0.09424799 0.02388697 -0.1256639 0.02388697 -0.09424799 -0.02388697 -0.09424799 -0.02388697 -0.1256639 0.02388697 -0.1256639 -0.02388697 -0.09424799 -0.02388697 -0.1256639 -0.02388697 -0.09424799 -0.071662 -0.09424799 -0.071662 -0.1256639 -0.02388697 -0.1256639 -0.071662 -0.09424799 -0.071662 -0.1256639 -0.071662 -0.09424799 -0.119437 -0.09424799 -0.119437 -0.1256639 -0.071662 -0.1256639 -0.119437 -0.09424799 -0.119437 -0.1256639 -0.119437 -0.09424799 -0.1672109 -0.09424799 0.02388697 -0.06283199 0.02388697 -0.09424799 0.071662 -0.09424799 0.071662 -0.06283199 0.02388697 -0.06283199 0.071662 -0.09424799 0.071662 -0.06283199 0.071662 -0.09424799 0.119437 -0.09424799 0.119437 -0.06283199 0.071662 -0.06283199 0.119437 -0.1256639 0.02388697 -0.09424799 0.02388697 -0.1256639 0.071662 -0.1256639 0.071662 -0.09424799 0.02388697 -0.09424799 0.071662 -0.1256639 0.071662 -0.09424799 0.071662 -0.1256639 0.119437 -0.1256639 0.119437 -0.09424799 0.071662 -0.09424799 0.119437 -0.03141599 0.214986 -0.03141599 0.262761 -0.06283199 0.262761 -0.06283199 0.262761 -0.03141599 0.262761 -0.06283199 0.310535 -0.06283199 0.262761 -0.06283199 0.310535 -0.09424799 0.310535 -0.09424799 0.310535 -0.06283199 0.310535 -0.09424799 0.35831 -0.09424799 0.310535 -0.09424799 0.35831 -0.1256639 0.35831 -0.1256639 0.35831 -0.09424799 0.35831 -0.1256639 0.406084 -0.03141599 0.262761 -0.03141599 0.310535 -0.06283199 0.310535 -0.06283199 0.310535 -0.03141599 0.310535 -0.06283199 0.35831 -0.06283199 0.310535 -0.06283199 0.35831 -0.09424799 0.35831 -0.09424799 0.35831 -0.06283199 0.35831 -0.09424799 0.406084 -0.09424799 0.35831 -0.09424799 0.406084 -0.1256639 0.406084 -0.1256639 0.406084 -0.09424799 0.406084 -0.1256639 0.453859 -0.03141599 0.310535 -0.03141599 0.35831 -0.06283199 0.35831 -0.06283199 0.35831 -0.03141599 0.35831 -0.06283199 0.406084 -0.06283199 0.35831 -0.06283199 0.406084 -0.09424799 0.406084 -0.09424799 0.406084 -0.06283199 0.406084 -0.09424799 0.453859 -0.09424799 0.406084 -0.09424799 0.453859 -0.1256639 0.453859 -0.1256639 0.453859 -0.09424799 0.453859 -0.1256639 0.501634 -0.03141599 0.35831 -0.03141599 0.406084 -0.06283199 0.406084 -0.06283199 0.406084 -0.03141599 0.406084 -0.06283199 0.453859 -0.06283199 0.406084 -0.06283199 0.453859 -0.09424799 0.453859 -0.09424799 0.453859 -0.06283199 0.453859 -0.09424799 0.501634 -0.09424799 0.453859 -0.09424799 0.501634 -0.1256639 0.501634 -0.1256639 0.501634 -0.09424799 0.501634 -0.1256639 0.549408 -0.03141599 0.406084 -0.03141599 0.453859 -0.06283199 0.453859 -0.06283199 0.453859 -0.03141599 0.453859 -0.06283199 0.501634 -0.06283199 0.453859 -0.06283199 0.501634 -0.09424799 0.501634 -0.09424799 0.501634 -0.06283199 0.501634 -0.09424799 0.549408 -0.09424799 0.501634 -0.09424799 0.549408 -0.1256639 0.549408 -0.1256639 0.549408 -0.09424799 0.549408 -0.1256639 0.597183 -0.03141599 -0.740507 -0.03141599 -0.692732 -0.06283199 -0.692732 -0.06283199 -0.692732 -0.03141599 -0.692732 -0.06283199 -0.644958 -0.06283199 -0.692732 -0.06283199 -0.644958 -0.09424799 -0.644958 -0.09424799 -0.644958 -0.06283199 -0.644958 -0.09424799 -0.597183 -0.09424799 -0.644958 -0.09424799 -0.597183 -0.1256639 -0.597183 -0.1256639 -0.597183 -0.09424799 -0.597183 -0.1256639 -0.549408 -0.03141599 -0.692732 -0.03141599 -0.644958 -0.06283199 -0.644958 -0.06283199 -0.644958 -0.03141599 -0.644958 -0.06283199 -0.597183 -0.06283199 -0.644958 -0.06283199 -0.597183 -0.09424799 -0.597183 -0.09424799 -0.597183 -0.06283199 -0.597183 -0.09424799 -0.549408 -0.09424799 -0.597183 -0.09424799 -0.549408 -0.1256639 -0.549408 -0.1256639 -0.549408 -0.09424799 -0.549408 -0.1256639 -0.501634 -0.03141599 -0.644958 -0.03141599 -0.597183 -0.06283199 -0.597183 -0.06283199 -0.597183 -0.03141599 -0.597183 -0.06283199 -0.549408 -0.06283199 -0.597183 -0.06283199 -0.549408 -0.09424799 -0.549408 -0.09424799 -0.549408 -0.06283199 -0.549408 -0.09424799 -0.501634 -0.09424799 -0.549408 -0.09424799 -0.501634 -0.1256639 -0.501634 -0.1256639 -0.501634 -0.09424799 -0.501634 -0.1256639 -0.453859 -0.03141599 -0.597183 -0.03141599 -0.549408 -0.06283199 -0.549408 -0.06283199 -0.549408 -0.03141599 -0.549408 -0.06283199 -0.501634 -0.06283199 -0.549408 -0.06283199 -0.501634 -0.09424799 -0.501634 -0.09424799 -0.501634 -0.06283199 -0.501634 -0.09424799 -0.453859 -0.09424799 -0.501634 -0.09424799 -0.453859 -0.1256639 -0.453859 -0.1256639 -0.453859 -0.09424799 -0.453859 -0.1256639 -0.406084 -0.03141599 -0.549408 -0.03141599 -0.501634 -0.06283199 -0.501634 -0.06283199 -0.501634 -0.03141599 -0.501634 -0.06283199 -0.453859 -0.06283199 -0.501634 -0.06283199 -0.453859 -0.09424799 -0.453859 -0.09424799 -0.453859 -0.06283199 -0.453859 -0.09424799 -0.406084 -0.09424799 -0.453859 -0.09424799 -0.406084 -0.1256639 -0.406084 -0.1256639 -0.406084 -0.09424799 -0.406084 -0.1256639 -0.35831 0 0.05371099 -0.1 0 0 0 0 0 -0.1 0 -0.1 -0.05371099 0 0 -0.1 -0.05371099 0 -0.05371099 0 -0.05371099 -0.1 -0.05371099 -0.1 -0.107422 0 -0.05371099 -0.1 -0.107422 0 -0.107422 0 -0.107422 -0.1 -0.107422 -0.1 -0.161133 0 -0.107422 -0.1 -0.161133 0 -0.161133 0 -0.161133 -0.1 -0.161133 -0.1 -0.214844 0 -0.161133 -0.1 -0.214844 0 -0.214844 0 -0.214844 -0.1 -0.214844 -0.1 -0.268555 0 -0.214844 -0.1 -0.268555 0 -0.268555 0 -0.268555 -0.1 -0.268555 -0.1 -0.322267 0 -0.268555 -0.1 -0.322267 0 -0.322267 0 -0.322267 -0.1 -0.322267 -0.1 -0.375978 0 -0.322267 -0.1 -0.375978 0 -0.375978 0 -0.375978 -0.1 -0.375978 -0.1 -0.429689 0 -0.375978 -0.1 -0.429689 0 -0.429689 0 -0.429689 -0.1 -0.429689 -0.1 -0.4834 0 -0.429689 -0.1 -0.4834 0 -0.4834 0 -0.4834 -0.1 -0.4834 -0.1 -0.537111 0 -0.4834 -0.1 -0.537111 0 -0.537111 0 -0.537111 -0.1 -0.537111 -0.1 -0.590822 0 -0.537111 -0.1 -0.590822 0 -0.590822 0 -0.590822 -0.1 -0.590822 -0.1 -0.644533 0 -0.590822 -0.1 -0.644533 0 -0.644533 0 -0.644533 -0.1 -0.644533 -0.1 -0.698244 0 -0.644533 -0.1 -0.698244 0 -0.698244 0 -0.698244 -0.1 -0.698244 -0.1 -0.751955 0 -0.698244 -0.1 -0.751955 0 -0.751955 0 -0.751955 -0.1 -0.751955 -0.1 -0.805666 0 -0.751955 -0.1 -0.805666 0 -0.805666 0 0.859378 -0.1 0.859378 -0.1 0.805666 0 0.859378 -0.1 0.805666 0 0.805666 0 0.805666 -0.1 0.805666 -0.1 0.751955 0 0.805666 -0.1 0.751955 0 0.751955 0 0.751955 -0.1 0.751955 -0.1 0.698244 0 0.751955 -0.1 0.698244 0 0.698244 0 0.698244 -0.1 0.698244 -0.1 0.644533 0 0.698244 -0.1 0.644533 0 0.644533 0 0.644533 -0.1 0.644533 -0.1 0.590822 0 0.644533 -0.1 0.590822 0 0.590822 0 0.590822 -0.1 0.590822 -0.1 0.537111 0 0.590822 -0.1 0.537111 0 0.537111 0 0.537111 -0.1 0.537111 -0.1 0.4834 0 0.537111 -0.1 0.4834 0 0.4834 0 0.4834 -0.1 0.4834 -0.1 0.429689 0 0.4834 -0.1 0.429689 0 0.429689 0 0.429689 -0.1 0.429689 -0.1 0.375978 0 0.429689 -0.1 0.375978 0 0.375978 0 0.375978 -0.1 0.375978 -0.1 0.322267 0 0.375978 -0.1 0.322267 0 0.322267 0 0.322267 -0.1 0.322267 -0.1 0.268555 0 0.322267 -0.1 0.268555 0 0.268555 0 0.268555 -0.1 0.268555 -0.1 0.214844 0 0.268555 -0.1 0.214844 0 0.214844 0 0.214844 -0.1 0.214844 -0.1 0.161133 0 0.214844 -0.1 0.161133 0 0.161133 0 0.161133 -0.1 0.161133 -0.1 0.107422 0 0.161133 -0.1 0.107422 0 0.107422 0 0.107422 -0.1 0.107422 -0.1 0.05371099 0 0.107422 -0.1 0.05371099 0 0.05371099 0 0.05371099 -0.1 0.05371099 -0.1 0 0.11 0.06350898 0.08841097 0.1393139 0 0.127017 0 0.127017 0.08841097 0.1393139 0.05098795 0.156924 0 0.127017 0.05098795 0.156924 0.01036 0.164674 0.11 -0.06350898 0.165 0 0.11 0.06350898 0.11 0.06350898 0.165 0 0.159816 0.04103398 0.11 0.06350898 0.159816 0.04103398 0.144591 0.07948899 0 -0.127017 0.08841097 -0.1393139 0.11 -0.06350898 0.11 -0.06350898 0.08841097 -0.1393139 0.12028 -0.11295 0.11 -0.06350898 0.12028 -0.11295 0.144591 -0.07948899 -0.11 -0.06350898 -0.07025396 -0.149296 0 -0.127017 0 -0.127017 -0.07025396 -0.149296 -0.030918 -0.162077 0 -0.127017 -0.030918 -0.162077 0.01036 -0.164674 -0.11 0.06350898 -0.163699 0.02067995 -0.11 -0.06350898 -0.11 -0.06350898 -0.163699 0.02067995 -0.163699 -0.02067995 -0.11 -0.06350898 -0.163699 -0.02067995 -0.1534129 -0.06074094 0 0.127017 -0.07025396 0.149296 -0.11 0.06350898 -0.11 0.06350898 -0.07025396 0.149296 -0.105175 0.127135 -0.11 0.06350898 -0.105175 0.127135 -0.1334879 0.09698498 0.144591 0.07948899 0.12028 0.11295 0.11 0.06350898 0.11 0.06350898 0.12028 0.11295 0.08841097 0.1393139 0.01036 0.164674 -0.030918 0.162077 0 0.127017 0 0.127017 -0.030918 0.162077 -0.07025396 0.149296 -0.1334879 0.09698498 -0.1534129 0.06074094 -0.11 0.06350898 -0.11 0.06350898 -0.1534129 0.06074094 -0.163699 0.02067995 -0.1534129 -0.06074094 -0.1334879 -0.09698498 -0.11 -0.06350898 -0.11 -0.06350898 -0.1334879 -0.09698498 -0.105175 -0.127135 -0.11 -0.06350898 -0.105175 -0.127135 -0.07025396 -0.149296 0.01036 -0.164674 0.05098795 -0.156924 0 -0.127017 0 -0.127017 0.05098795 -0.156924 0.08841097 -0.1393139 0.144591 -0.07948899 0.159816 -0.04103398 0.11 -0.06350898 0.11 -0.06350898 0.159816 -0.04103398 0.165 0 -0.11 0.06350898 0 -0.127017 0 0.127017 0 0.127017 0 -0.127017 0.11 -0.06350898 0 0.127017 0.11 -0.06350898 0.11 0.06350898 -0.11 0.06350898 -0.11 -0.06350898 0 -0.127017 -2.5 -0.040977 0 0 -2.5 0 -2.5 0 0 0 0 0.040977 -2.5 0 0 0.040977 -2.5 0.040977 -2.5 0.040977 0 0.040977 0 0.08195495 -2.5 0.040977 0 0.08195495 -2.5 0.08195495 -2.5 0.08195495 0 0.08195495 0 0.122932 -2.5 0.08195495 0 0.122932 -2.5 0.122932 -2.5 0.122932 0 0.122932 0 0.163909 -2.5 0.122932 0 0.163909 -2.5 0.163909 -2.5 0.163909 0 0.163909 0 0.204886 -2.5 0.163909 0 0.204886 -2.5 0.204886 -2.5 0.204886 0 0.204886 0 0.245864 -2.5 0.204886 0 0.245864 -2.5 0.245864 -2.5 0.245864 0 0.245864 0 0.286841 -2.5 0.245864 0 0.286841 -2.5 0.286841 -2.5 0.286841 0 0.286841 0 0.327818 -2.5 0.286841 0 0.327818 -2.5 0.327818 -2.5 0.327818 0 0.327818 0 0.368796 -2.5 0.327818 0 0.368796 -2.5 0.368796 -2.5 0.368796 0 0.368796 0 0.409773 -2.5 0.368796 0 0.409773 -2.5 0.409773 -2.5 0.409773 0 0.409773 0 0.45075 -2.5 0.409773 0 0.45075 -2.5 0.45075 -2.5 -0.491728 0 -0.491728 0 -0.45075 -2.5 -0.491728 0 -0.45075 -2.5 -0.45075 -2.5 -0.45075 0 -0.45075 0 -0.409773 -2.5 -0.45075 0 -0.409773 -2.5 -0.409773 -2.5 -0.409773 0 -0.409773 0 -0.368796 -2.5 -0.409773 0 -0.368796 -2.5 -0.368796 -2.5 -0.368796 0 -0.368796 0 -0.327818 -2.5 -0.368796 0 -0.327818 -2.5 -0.327818 -2.5 -0.327818 0 -0.327818 0 -0.286841 -2.5 -0.327818 0 -0.286841 -2.5 -0.286841 -2.5 -0.286841 0 -0.286841 0 -0.245864 -2.5 -0.286841 0 -0.245864 -2.5 -0.245864 -2.5 -0.245864 0 -0.245864 0 -0.204886 -2.5 -0.245864 0 -0.204886 -2.5 -0.204886 -2.5 -0.204886 0 -0.204886 0 -0.163909 -2.5 -0.204886 0 -0.163909 -2.5 -0.163909 -2.5 -0.163909 0 -0.163909 0 -0.122932 -2.5 -0.163909 0 -0.122932 -2.5 -0.122932 -2.5 -0.122932 0 -0.122932 0 -0.08195495 -2.5 -0.122932 0 -0.08195495 -2.5 -0.08195495 -2.5 -0.08195495 0 -0.08195495 0 -0.040977 -2.5 -0.08195495 0 -0.040977 -2.5 -0.040977 -2.5 -0.040977 0 -0.040977 0 0 -0.15 0 -0.144438 -0.04047 -0.144438 0.04047 -0.144438 0.04047 -0.144438 -0.04047 -0.128163 0.07793796 -0.128163 0.07793796 -0.144438 -0.04047 -0.128163 -0.07793796 -0.128163 0.07793796 -0.128163 -0.07793796 -0.102383 0.109625 -0.102383 0.109625 -0.128163 -0.07793796 -0.102383 -0.109625 -0.102383 0.109625 -0.102383 -0.109625 -0.06900995 0.133183 -0.06900995 0.133183 -0.102383 -0.109625 -0.06900995 -0.133183 -0.06900995 0.133183 -0.06900995 -0.133183 -0.03051799 0.146863 -0.03051799 0.146863 -0.06900995 -0.133183 -0.03051799 -0.146863 -0.03051799 0.146863 -0.03051799 -0.146863 0.01023596 0.14965 0.01023596 0.14965 -0.03051799 -0.146863 0.05023199 0.141339 0.05023199 0.141339 -0.03051799 -0.146863 0.08650195 0.122545 0.08650195 0.122545 -0.03051799 -0.146863 0.116357 0.09466296 0.116357 0.09466296 -0.03051799 -0.146863 0.137582 0.05975997 0.137582 0.05975997 -0.03051799 -0.146863 0.148603 0.02042496 0.148603 0.02042496 -0.03051799 -0.146863 0.148603 -0.02042496 0.148603 -0.02042496 -0.03051799 -0.146863 0.137582 -0.05975997 0.137582 -0.05975997 -0.03051799 -0.146863 0.116357 -0.09466296 0.116357 -0.09466296 -0.03051799 -0.146863 0.08650195 -0.122545 0.08650195 -0.122545 -0.03051799 -0.146863 0.05023199 -0.141339 0.05023199 -0.141339 -0.03051799 -0.146863 0.01023596 -0.14965 0 0 0.127017 0 0 0.2 0 0.2 0.127017 0 0.127017 0.2 0 0 0.127017 0 0 0.2 0 0.2 0.127017 0 0.127017 0.2 0 0 0.127017 0 0 0.2 0 0.2 0.127017 0 0.127017 0.2 0 0 0.127017 0 0 0.2 0 0.2 0.127017 0 0.127017 0.2 0 0 0.127017 0 0 0.2 0 0.2 0.127017 0 0.127017 0.2 0 0 0.127017 0 0 0.2 0 0.2 0.127017 0 0.127017 0.2 -0.144438 0.04047 -0.259575 0.05334395 -0.15 0 -0.15 0 -0.259575 0.05334395 -0.265 0 -0.15 0 -0.265 0 -0.259575 -0.05334395 -0.259575 0.05334395 -0.144438 0.04047 -0.243524 0.104504 -0.243524 0.104504 -0.144438 0.04047 -0.128163 0.07793796 -0.243524 0.104504 -0.128163 0.07793796 -0.2175019 0.151386 -0.2175019 0.151386 -0.128163 0.07793796 -0.102383 0.109625 -0.2175019 0.151386 -0.102383 0.109625 -0.182576 0.19207 -0.182576 0.19207 -0.102383 0.109625 -0.140175 0.224891 -0.140175 0.224891 -0.102383 0.109625 -0.06900995 0.133183 -0.140175 0.224891 -0.06900995 0.133183 -0.092036 0.248504 -0.092036 0.248504 -0.06900995 0.133183 -0.03051799 0.146863 -0.092036 0.248504 -0.03051799 0.146863 -0.04012799 0.261944 -0.04012799 0.261944 -0.03051799 0.146863 0.01023596 0.14965 -0.04012799 0.261944 0.01023596 0.14965 0.01342195 0.26466 0.01342195 0.26466 0.01023596 0.14965 0.06642299 0.25654 0.06642299 0.25654 0.01023596 0.14965 0.05023199 0.141339 0.06642299 0.25654 0.05023199 0.141339 0.116704 0.237918 0.116704 0.237918 0.05023199 0.141339 0.08650195 0.122545 0.116704 0.237918 0.08650195 0.122545 0.162208 0.209556 0.162208 0.209556 0.08650195 0.122545 0.116357 0.09466296 0.162208 0.209556 0.116357 0.09466296 0.201071 0.172614 0.201071 0.172614 0.116357 0.09466296 0.231702 0.128605 0.231702 0.128605 0.116357 0.09466296 0.137582 0.05975997 0.231702 0.128605 0.137582 0.05975997 0.252847 0.07933098 0.252847 0.07933098 0.137582 0.05975997 0.148603 0.02042496 0.252847 0.07933098 0.148603 0.02042496 0.26364 0.02680999 0.26364 0.02680999 0.148603 0.02042496 0.26364 -0.02680999 0.26364 -0.02680999 0.148603 0.02042496 0.148603 -0.02042496 0.26364 -0.02680999 0.148603 -0.02042496 0.252847 -0.07933098 0.252847 -0.07933098 0.148603 -0.02042496 0.137582 -0.05975997 0.252847 -0.07933098 0.137582 -0.05975997 0.231702 -0.128605 0.231702 -0.128605 0.137582 -0.05975997 0.116357 -0.09466296 0.231702 -0.128605 0.116357 -0.09466296 0.201071 -0.172614 0.201071 -0.172614 0.116357 -0.09466296 0.162208 -0.209556 0.162208 -0.209556 0.116357 -0.09466296 0.08650195 -0.122545 0.162208 -0.209556 0.08650195 -0.122545 0.116704 -0.237918 0.116704 -0.237918 0.08650195 -0.122545 0.05023199 -0.141339 0.116704 -0.237918 0.05023199 -0.141339 0.06642299 -0.25654 0.06642299 -0.25654 0.05023199 -0.141339 0.01023596 -0.14965 0.06642299 -0.25654 0.01023596 -0.14965 0.01342195 -0.26466 0.01342195 -0.26466 0.01023596 -0.14965 -0.04012799 -0.261944 -0.04012799 -0.261944 0.01023596 -0.14965 -0.03051799 -0.146863 -0.04012799 -0.261944 -0.03051799 -0.146863 -0.092036 -0.248504 -0.092036 -0.248504 -0.03051799 -0.146863 -0.06900995 -0.133183 -0.092036 -0.248504 -0.06900995 -0.133183 -0.140175 -0.224891 -0.140175 -0.224891 -0.06900995 -0.133183 -0.102383 -0.109625 -0.140175 -0.224891 -0.102383 -0.109625 -0.182576 -0.19207 -0.182576 -0.19207 -0.102383 -0.109625 -0.2175019 -0.151386 -0.2175019 -0.151386 -0.102383 -0.109625 -0.128163 -0.07793796 -0.2175019 -0.151386 -0.128163 -0.07793796 -0.243524 -0.104504 -0.243524 -0.104504 -0.128163 -0.07793796 -0.144438 -0.04047 -0.243524 -0.104504 -0.144438 -0.04047 -0.259575 -0.05334395 -0.259575 -0.05334395 -0.144438 -0.04047 -0.15 0 0.3 -0.448799 0 -0.448799 0.3 -0.471239 0.3 -0.471239 0 -0.448799 0 -0.471239 0.3 0.471239 0 0.471239 0.3 0.448799 0.3 0.448799 0 0.471239 0 0.448799 0.3 0.448799 0 0.448799 0.3 0.426359 0.3 0.426359 0 0.448799 0 0.426359 0.3 0.426359 0 0.426359 0.3 0.403919 0.3 0.403919 0 0.426359 0 0.403919 0.3 0.403919 0 0.403919 0.3 0.381479 0.3 0.381479 0 0.403919 0 0.381479 0.3 0.381479 0 0.381479 0.3 0.359039 0.3 0.359039 0 0.381479 0 0.359039 0.3 0.359039 0 0.359039 0.3 0.336599 0.3 0.336599 0 0.359039 0 0.336599 0.3 0.336599 0 0.336599 0.3 0.314159 0.3 0.314159 0 0.336599 0 0.314159 0.3 0.314159 0 0.314159 0.3 0.291719 0.3 0.291719 0 0.314159 0 0.291719 0.3 0.291719 0 0.291719 0.3 0.269279 0.3 0.269279 0 0.291719 0 0.269279 0.3 0.269279 0 0.269279 0.3 0.246839 0.3 0.246839 0 0.269279 0 0.246839 0.3 0.246839 0 0.246839 0.3 0.224399 0.3 0.224399 0 0.246839 0 0.224399 0.3 0.224399 0 0.224399 0.3 0.20196 0.3 0.20196 0 0.224399 0 0.20196 0.3 0.20196 0 0.20196 0.3 0.17952 0.3 0.17952 0 0.20196 0 0.17952 0.3 0.17952 0 0.17952 0.3 0.1570799 0.3 0.1570799 0 0.17952 0 0.1570799 0.3 0.1570799 0 0.1570799 0.3 0.13464 0.3 0.13464 0 0.1570799 0 0.13464 0.3 0.13464 0 0.13464 0.3 0.1122 0.3 0.1122 0 0.13464 0 0.1122 0.3 0.1122 0 0.1122 0.3 0.08976 0.3 0.08976 0 0.1122 0 0.08976 0.3 0.08976 0 0.08976 0.3 0.06731998 0.3 0.06731998 0 0.08976 0 0.06731998 0.3 0.06731998 0 0.06731998 0.3 0.04487997 0.3 0.04487997 0 0.06731998 0 0.04487997 0.3 0.04487997 0 0.04487997 0.3 0.02243995 0.3 0.02243995 0 0.04487997 0 0.02243995 0.3 0.02243995 0 0.02243995 0.3 0 0.3 0 0 0.02243995 0 0 0.3 0 0 0 0.3 -0.02243995 0.3 -0.02243995 0 0 0 -0.02243995 0.3 -0.02243995 0 -0.02243995 0.3 -0.04487997 0.3 -0.04487997 0 -0.02243995 0 -0.04487997 0.3 -0.04487997 0 -0.04487997 0.3 -0.06731998 0.3 -0.06731998 0 -0.04487997 0 -0.06731998 0.3 -0.06731998 0 -0.06731998 0.3 -0.08976 0.3 -0.08976 0 -0.06731998 0 -0.08976 0.3 -0.08976 0 -0.08976 0.3 -0.1122 0.3 -0.1122 0 -0.08976 0 -0.1122 0.3 -0.1122 0 -0.1122 0.3 -0.13464 0.3 -0.13464 0 -0.1122 0 -0.13464 0.3 -0.13464 0 -0.13464 0.3 -0.1570799 0.3 -0.1570799 0 -0.13464 0 -0.1570799 0.3 -0.1570799 0 -0.1570799 0.3 -0.17952 0.3 -0.17952 0 -0.1570799 0 -0.17952 0.3 -0.17952 0 -0.17952 0.3 -0.20196 0.3 -0.20196 0 -0.17952 0 -0.20196 0.3 -0.20196 0 -0.20196 0.3 -0.224399 0.3 -0.224399 0 -0.20196 0 -0.224399 0.3 -0.224399 0 -0.224399 0.3 -0.246839 0.3 -0.246839 0 -0.224399 0 -0.246839 0.3 -0.246839 0 -0.246839 0.3 -0.269279 0.3 -0.269279 0 -0.246839 0 -0.269279 0.3 -0.269279 0 -0.269279 0.3 -0.291719 0.3 -0.291719 0 -0.269279 0 -0.291719 0.3 -0.291719 0 -0.291719 0.3 -0.314159 0.3 -0.314159 0 -0.291719 0 -0.314159 0.3 -0.314159 0 -0.314159 0.3 -0.336599 0.3 -0.336599 0 -0.314159 0 -0.336599 0.3 -0.336599 0 -0.336599 0.3 -0.359039 0.3 -0.359039 0 -0.336599 0 -0.359039 0.3 -0.359039 0 -0.359039 0.3 -0.381479 0.3 -0.381479 0 -0.359039 0 -0.381479 0.3 -0.381479 0 -0.381479 0.3 -0.403919 0.3 -0.403919 0 -0.381479 0 -0.403919 0.3 -0.403919 0 -0.403919 0.3 -0.426359 0.3 -0.426359 0 -0.403919 0 -0.426359 0.3 -0.426359 0 -0.426359 0.3 -0.448799 0.3 -0.448799 0 -0.426359 0 -0.448799 0 0 0.300222 0 0 0.3 0 0.3 0.300222 0 0.300222 0.3 0 0 0.300222 0 0 0.3 0 0.3 0.300222 0 0.300222 0.3 0 0 0.300222 0 0 0.3 0 0.3 0.300222 0 0.300222 0.3 0 0 0.300222 0 0 0.3 0 0.3 0.300222 0 0.300222 0.3 0 0 0.300222 0 0 0.3 0 0.3 0.300222 0 0.300222 0.3 0 0 0.300222 0 0 0.3 0 0.3 0.300222 0 0.300222 0.3 -0.150111 0.26 0.01120996 0.149581 0.150111 0.26 0.150111 0.26 0.01120996 0.149581 0.033378 0.146239 0.150111 0.26 0.033378 0.146239 0.05480098 0.139631 -0.300222 0 -0.1239359 0.08449798 -0.150111 0.26 -0.150111 0.26 -0.1239359 0.08449798 -0.109958 0.102026 -0.150111 0.26 -0.109958 0.102026 -0.09352296 0.1172749 -0.150111 -0.26 -0.1239359 -0.08449798 -0.300222 0 -0.300222 0 -0.1239359 -0.08449798 -0.135145 -0.06508296 -0.300222 0 -0.135145 -0.06508296 -0.1433359 -0.04421299 0.150111 -0.26 -0.01120996 -0.149581 -0.150111 -0.26 -0.150111 -0.26 -0.01120996 -0.149581 -0.033378 -0.146239 -0.150111 -0.26 -0.033378 -0.146239 -0.05480098 -0.139631 0.300222 0 0.1239359 -0.08449798 0.150111 -0.26 0.150111 -0.26 0.1239359 -0.08449798 0.109958 -0.102026 0.150111 -0.26 0.109958 -0.102026 0.09352296 -0.1172749 0.150111 0.26 0.1239359 0.08449798 0.300222 0 0.300222 0 0.1239359 0.08449798 0.135145 0.06508296 0.300222 0 0.135145 0.06508296 0.1433359 0.04421299 0.148325 0.02235597 0.15 0 0.300222 0 0.300222 0 0.15 0 0.148325 -0.02235597 0.300222 0 0.148325 -0.02235597 0.1433359 -0.04421299 0.1433359 -0.04421299 0.135145 -0.06508296 0.300222 0 0.300222 0 0.135145 -0.06508296 0.1239359 -0.08449798 0.09352296 -0.1172749 0.07499998 -0.129904 0.150111 -0.26 0.150111 -0.26 0.07499998 -0.129904 0.05480098 -0.139631 0.150111 -0.26 0.05480098 -0.139631 0.033378 -0.146239 0.033378 -0.146239 0.01120996 -0.149581 0.150111 -0.26 0.150111 -0.26 0.01120996 -0.149581 -0.01120996 -0.149581 -0.05480098 -0.139631 -0.07499998 -0.129904 -0.150111 -0.26 -0.150111 -0.26 -0.07499998 -0.129904 -0.09352296 -0.1172749 -0.150111 -0.26 -0.09352296 -0.1172749 -0.109958 -0.102026 -0.109958 -0.102026 -0.1239359 -0.08449798 -0.150111 -0.26 -0.1433359 -0.04421299 -0.148325 -0.02235597 -0.300222 0 -0.300222 0 -0.148325 -0.02235597 -0.15 0 -0.300222 0 -0.15 0 -0.148325 0.02235597 -0.148325 0.02235597 -0.1433359 0.04421299 -0.300222 0 -0.300222 0 -0.1433359 0.04421299 -0.135145 0.06508296 -0.300222 0 -0.135145 0.06508296 -0.1239359 0.08449798 -0.09352296 0.1172749 -0.07499998 0.129904 -0.150111 0.26 -0.150111 0.26 -0.07499998 0.129904 -0.05480098 0.139631 -0.150111 0.26 -0.05480098 0.139631 -0.033378 0.146239 -0.033378 0.146239 -0.01120996 0.149581 -0.150111 0.26 -0.150111 0.26 -0.01120996 0.149581 0.01120996 0.149581 0.05480098 0.139631 0.07499998 0.129904 0.150111 0.26 0.150111 0.26 0.07499998 0.129904 0.09352296 0.1172749 0.150111 0.26 0.09352296 0.1172749 0.109958 0.102026 0.109958 0.102026 0.1239359 0.08449798 0.150111 0.26 0.1433359 0.04421299 0.148325 0.02235597 0.300222 0 -0.150111 0.26 0.01120996 0.149581 0.150111 0.26 0.150111 0.26 0.01120996 0.149581 0.033378 0.146239 0.150111 0.26 0.033378 0.146239 0.05480098 0.139631 -0.300222 0 -0.1239359 0.08449798 -0.150111 0.26 -0.150111 0.26 -0.1239359 0.08449798 -0.109958 0.102026 -0.150111 0.26 -0.109958 0.102026 -0.09352296 0.1172749 -0.150111 -0.26 -0.1239359 -0.08449798 -0.300222 0 -0.300222 0 -0.1239359 -0.08449798 -0.135145 -0.06508296 -0.300222 0 -0.135145 -0.06508296 -0.1433359 -0.04421299 0.150111 -0.26 -0.01120996 -0.149581 -0.150111 -0.26 -0.150111 -0.26 -0.01120996 -0.149581 -0.033378 -0.146239 -0.150111 -0.26 -0.033378 -0.146239 -0.05480098 -0.139631 0.300222 0 0.1239359 -0.08449798 0.150111 -0.26 0.150111 -0.26 0.1239359 -0.08449798 0.109958 -0.102026 0.150111 -0.26 0.109958 -0.102026 0.09352296 -0.1172749 0.150111 0.26 0.1239359 0.08449798 0.300222 0 0.300222 0 0.1239359 0.08449798 0.135145 0.06508296 0.300222 0 0.135145 0.06508296 0.1433359 0.04421299 -0.148325 -0.02235597 -0.15 0 -0.300222 0 -0.300222 0 -0.15 0 -0.148325 0.02235597 -0.300222 0 -0.148325 0.02235597 -0.1433359 0.04421299 -0.1433359 0.04421299 -0.135145 0.06508296 -0.300222 0 -0.300222 0 -0.135145 0.06508296 -0.1239359 0.08449798 -0.09352296 0.1172749 -0.07499998 0.129904 -0.150111 0.26 -0.150111 0.26 -0.07499998 0.129904 -0.05480098 0.139631 -0.150111 0.26 -0.05480098 0.139631 -0.033378 0.146239 -0.033378 0.146239 -0.01120996 0.149581 -0.150111 0.26 -0.150111 0.26 -0.01120996 0.149581 0.01120996 0.149581 0.05480098 0.139631 0.07499998 0.129904 0.150111 0.26 0.150111 0.26 0.07499998 0.129904 0.09352296 0.1172749 0.150111 0.26 0.09352296 0.1172749 0.109958 0.102026 0.109958 0.102026 0.1239359 0.08449798 0.150111 0.26 0.1433359 0.04421299 0.148325 0.02235597 0.300222 0 0.300222 0 0.148325 0.02235597 0.15 0 0.300222 0 0.15 0 0.148325 -0.02235597 0.148325 -0.02235597 0.1433359 -0.04421299 0.300222 0 0.300222 0 0.1433359 -0.04421299 0.135145 -0.06508296 0.300222 0 0.135145 -0.06508296 0.1239359 -0.08449798 0.09352296 -0.1172749 0.07499998 -0.129904 0.150111 -0.26 0.150111 -0.26 0.07499998 -0.129904 0.05480098 -0.139631 0.150111 -0.26 0.05480098 -0.139631 0.033378 -0.146239 0.033378 -0.146239 0.01120996 -0.149581 0.150111 -0.26 0.150111 -0.26 0.01120996 -0.149581 -0.01120996 -0.149581 -0.05480098 -0.139631 -0.07499998 -0.129904 -0.150111 -0.26 -0.150111 -0.26 -0.07499998 -0.129904 -0.09352296 -0.1172749 -0.150111 -0.26 -0.09352296 -0.1172749 -0.109958 -0.102026 -0.109958 -0.102026 -0.1239359 -0.08449798 -0.150111 -0.26 -0.1433359 -0.04421299 -0.148325 -0.02235597 -0.300222 0 0.3 -0.448799 0 -0.448799 0.3 -0.471239 0.3 -0.471239 0 -0.448799 0 -0.471239 0.3 0.471239 0 0.471239 0.3 0.448799 0.3 0.448799 0 0.471239 0 0.448799 0.3 0.448799 0 0.448799 0.3 0.426359 0.3 0.426359 0 0.448799 0 0.426359 0.3 0.426359 0 0.426359 0.3 0.403919 0.3 0.403919 0 0.426359 0 0.403919 0.3 0.403919 0 0.403919 0.3 0.381479 0.3 0.381479 0 0.403919 0 0.381479 0.3 0.381479 0 0.381479 0.3 0.359039 0.3 0.359039 0 0.381479 0 0.359039 0.3 0.359039 0 0.359039 0.3 0.336599 0.3 0.336599 0 0.359039 0 0.336599 0.3 0.336599 0 0.336599 0.3 0.314159 0.3 0.314159 0 0.336599 0 0.314159 0.3 0.314159 0 0.314159 0.3 0.291719 0.3 0.291719 0 0.314159 0 0.291719 0.3 0.291719 0 0.291719 0.3 0.269279 0.3 0.269279 0 0.291719 0 0.269279 0.3 0.269279 0 0.269279 0.3 0.246839 0.3 0.246839 0 0.269279 0 0.246839 0.3 0.246839 0 0.246839 0.3 0.224399 0.3 0.224399 0 0.246839 0 0.224399 0.3 0.224399 0 0.224399 0.3 0.20196 0.3 0.20196 0 0.224399 0 0.20196 0.3 0.20196 0 0.20196 0.3 0.17952 0.3 0.17952 0 0.20196 0 0.17952 0.3 0.17952 0 0.17952 0.3 0.1570799 0.3 0.1570799 0 0.17952 0 0.1570799 0.3 0.1570799 0 0.1570799 0.3 0.13464 0.3 0.13464 0 0.1570799 0 0.13464 0.3 0.13464 0 0.13464 0.3 0.1122 0.3 0.1122 0 0.13464 0 0.1122 0.3 0.1122 0 0.1122 0.3 0.08976 0.3 0.08976 0 0.1122 0 0.08976 0.3 0.08976 0 0.08976 0.3 0.06731998 0.3 0.06731998 0 0.08976 0 0.06731998 0.3 0.06731998 0 0.06731998 0.3 0.04487997 0.3 0.04487997 0 0.06731998 0 0.04487997 0.3 0.04487997 0 0.04487997 0.3 0.02243995 0.3 0.02243995 0 0.04487997 0 0.02243995 0.3 0.02243995 0 0.02243995 0.3 0 0.3 0 0 0.02243995 0 0 0.3 0 0 0 0.3 -0.02243995 0.3 -0.02243995 0 0 0 -0.02243995 0.3 -0.02243995 0 -0.02243995 0.3 -0.04487997 0.3 -0.04487997 0 -0.02243995 0 -0.04487997 0.3 -0.04487997 0 -0.04487997 0.3 -0.06731998 0.3 -0.06731998 0 -0.04487997 0 -0.06731998 0.3 -0.06731998 0 -0.06731998 0.3 -0.08976 0.3 -0.08976 0 -0.06731998 0 -0.08976 0.3 -0.08976 0 -0.08976 0.3 -0.1122 0.3 -0.1122 0 -0.08976 0 -0.1122 0.3 -0.1122 0 -0.1122 0.3 -0.13464 0.3 -0.13464 0 -0.1122 0 -0.13464 0.3 -0.13464 0 -0.13464 0.3 -0.1570799 0.3 -0.1570799 0 -0.13464 0 -0.1570799 0.3 -0.1570799 0 -0.1570799 0.3 -0.17952 0.3 -0.17952 0 -0.1570799 0 -0.17952 0.3 -0.17952 0 -0.17952 0.3 -0.20196 0.3 -0.20196 0 -0.17952 0 -0.20196 0.3 -0.20196 0 -0.20196 0.3 -0.224399 0.3 -0.224399 0 -0.20196 0 -0.224399 0.3 -0.224399 0 -0.224399 0.3 -0.246839 0.3 -0.246839 0 -0.224399 0 -0.246839 0.3 -0.246839 0 -0.246839 0.3 -0.269279 0.3 -0.269279 0 -0.246839 0 -0.269279 0.3 -0.269279 0 -0.269279 0.3 -0.291719 0.3 -0.291719 0 -0.269279 0 -0.291719 0.3 -0.291719 0 -0.291719 0.3 -0.314159 0.3 -0.314159 0 -0.291719 0 -0.314159 0.3 -0.314159 0 -0.314159 0.3 -0.336599 0.3 -0.336599 0 -0.314159 0 -0.336599 0.3 -0.336599 0 -0.336599 0.3 -0.359039 0.3 -0.359039 0 -0.336599 0 -0.359039 0.3 -0.359039 0 -0.359039 0.3 -0.381479 0.3 -0.381479 0 -0.359039 0 -0.381479 0.3 -0.381479 0 -0.381479 0.3 -0.403919 0.3 -0.403919 0 -0.381479 0 -0.403919 0.3 -0.403919 0 -0.403919 0.3 -0.426359 0.3 -0.426359 0 -0.403919 0 -0.426359 0.3 -0.426359 0 -0.426359 0.3 -0.448799 0.3 -0.448799 0 -0.426359 0 -0.448799 0 0 0.300222 0 0 0.3 0 0.3 0.300222 0 0.300222 0.3 0 0 0.300222 0 0 0.3 0 0.3 0.300222 0 0.300222 0.3 0 0 0.300222 0 0 0.3 0 0.3 0.300222 0 0.300222 0.3 0 0 0.300222 0 0 0.3 0 0.3 0.300222 0 0.300222 0.3 0 0 0.300222 0 0 0.3 0 0.3 0.300222 0 0.300222 0.3 0 0 0.300222 0 0 0.3 0 0.3 0.300222 0 0.300222 0.3 -0.150111 0.26 0.01120996 0.149581 0.150111 0.26 0.150111 0.26 0.01120996 0.149581 0.033378 0.146239 0.150111 0.26 0.033378 0.146239 0.05480098 0.139631 -0.300222 0 -0.1239359 0.08449798 -0.150111 0.26 -0.150111 0.26 -0.1239359 0.08449798 -0.109958 0.102026 -0.150111 0.26 -0.109958 0.102026 -0.09352296 0.1172749 -0.150111 -0.26 -0.1239359 -0.08449798 -0.300222 0 -0.300222 0 -0.1239359 -0.08449798 -0.135145 -0.06508296 -0.300222 0 -0.135145 -0.06508296 -0.1433359 -0.04421299 0.150111 -0.26 -0.01120996 -0.149581 -0.150111 -0.26 -0.150111 -0.26 -0.01120996 -0.149581 -0.033378 -0.146239 -0.150111 -0.26 -0.033378 -0.146239 -0.05480098 -0.139631 0.300222 0 0.1239359 -0.08449798 0.150111 -0.26 0.150111 -0.26 0.1239359 -0.08449798 0.109958 -0.102026 0.150111 -0.26 0.109958 -0.102026 0.09352296 -0.1172749 0.150111 0.26 0.1239359 0.08449798 0.300222 0 0.300222 0 0.1239359 0.08449798 0.135145 0.06508296 0.300222 0 0.135145 0.06508296 0.1433359 0.04421299 0.148325 0.02235597 0.15 0 0.300222 0 0.300222 0 0.15 0 0.148325 -0.02235597 0.300222 0 0.148325 -0.02235597 0.1433359 -0.04421299 0.1433359 -0.04421299 0.135145 -0.06508296 0.300222 0 0.300222 0 0.135145 -0.06508296 0.1239359 -0.08449798 0.09352296 -0.1172749 0.07499998 -0.129904 0.150111 -0.26 0.150111 -0.26 0.07499998 -0.129904 0.05480098 -0.139631 0.150111 -0.26 0.05480098 -0.139631 0.033378 -0.146239 0.033378 -0.146239 0.01120996 -0.149581 0.150111 -0.26 0.150111 -0.26 0.01120996 -0.149581 -0.01120996 -0.149581 -0.05480098 -0.139631 -0.07499998 -0.129904 -0.150111 -0.26 -0.150111 -0.26 -0.07499998 -0.129904 -0.09352296 -0.1172749 -0.150111 -0.26 -0.09352296 -0.1172749 -0.109958 -0.102026 -0.109958 -0.102026 -0.1239359 -0.08449798 -0.150111 -0.26 -0.1433359 -0.04421299 -0.148325 -0.02235597 -0.300222 0 -0.300222 0 -0.148325 -0.02235597 -0.15 0 -0.300222 0 -0.15 0 -0.148325 0.02235597 -0.148325 0.02235597 -0.1433359 0.04421299 -0.300222 0 -0.300222 0 -0.1433359 0.04421299 -0.135145 0.06508296 -0.300222 0 -0.135145 0.06508296 -0.1239359 0.08449798 -0.09352296 0.1172749 -0.07499998 0.129904 -0.150111 0.26 -0.150111 0.26 -0.07499998 0.129904 -0.05480098 0.139631 -0.150111 0.26 -0.05480098 0.139631 -0.033378 0.146239 -0.033378 0.146239 -0.01120996 0.149581 -0.150111 0.26 -0.150111 0.26 -0.01120996 0.149581 0.01120996 0.149581 0.05480098 0.139631 0.07499998 0.129904 0.150111 0.26 0.150111 0.26 0.07499998 0.129904 0.09352296 0.1172749 0.150111 0.26 0.09352296 0.1172749 0.109958 0.102026 0.109958 0.102026 0.1239359 0.08449798 0.150111 0.26 0.1433359 0.04421299 0.148325 0.02235597 0.300222 0 -0.150111 0.26 0.01120996 0.149581 0.150111 0.26 0.150111 0.26 0.01120996 0.149581 0.033378 0.146239 0.150111 0.26 0.033378 0.146239 0.05480098 0.139631 -0.300222 0 -0.1239359 0.08449798 -0.150111 0.26 -0.150111 0.26 -0.1239359 0.08449798 -0.109958 0.102026 -0.150111 0.26 -0.109958 0.102026 -0.09352296 0.1172749 -0.150111 -0.26 -0.1239359 -0.08449798 -0.300222 0 -0.300222 0 -0.1239359 -0.08449798 -0.135145 -0.06508296 -0.300222 0 -0.135145 -0.06508296 -0.1433359 -0.04421299 0.150111 -0.26 -0.01120996 -0.149581 -0.150111 -0.26 -0.150111 -0.26 -0.01120996 -0.149581 -0.033378 -0.146239 -0.150111 -0.26 -0.033378 -0.146239 -0.05480098 -0.139631 0.300222 0 0.1239359 -0.08449798 0.150111 -0.26 0.150111 -0.26 0.1239359 -0.08449798 0.109958 -0.102026 0.150111 -0.26 0.109958 -0.102026 0.09352296 -0.1172749 0.150111 0.26 0.1239359 0.08449798 0.300222 0 0.300222 0 0.1239359 0.08449798 0.135145 0.06508296 0.300222 0 0.135145 0.06508296 0.1433359 0.04421299 -0.148325 -0.02235597 -0.15 0 -0.300222 0 -0.300222 0 -0.15 0 -0.148325 0.02235597 -0.300222 0 -0.148325 0.02235597 -0.1433359 0.04421299 -0.1433359 0.04421299 -0.135145 0.06508296 -0.300222 0 -0.300222 0 -0.135145 0.06508296 -0.1239359 0.08449798 -0.09352296 0.1172749 -0.07499998 0.129904 -0.150111 0.26 -0.150111 0.26 -0.07499998 0.129904 -0.05480098 0.139631 -0.150111 0.26 -0.05480098 0.139631 -0.033378 0.146239 -0.033378 0.146239 -0.01120996 0.149581 -0.150111 0.26 -0.150111 0.26 -0.01120996 0.149581 0.01120996 0.149581 0.05480098 0.139631 0.07499998 0.129904 0.150111 0.26 0.150111 0.26 0.07499998 0.129904 0.09352296 0.1172749 0.150111 0.26 0.09352296 0.1172749 0.109958 0.102026 0.109958 0.102026 0.1239359 0.08449798 0.150111 0.26 0.1433359 0.04421299 0.148325 0.02235597 0.300222 0 0.300222 0 0.148325 0.02235597 0.15 0 0.300222 0 0.15 0 0.148325 -0.02235597 0.148325 -0.02235597 0.1433359 -0.04421299 0.300222 0 0.300222 0 0.1433359 -0.04421299 0.135145 -0.06508296 0.300222 0 0.135145 -0.06508296 0.1239359 -0.08449798 0.09352296 -0.1172749 0.07499998 -0.129904 0.150111 -0.26 0.150111 -0.26 0.07499998 -0.129904 0.05480098 -0.139631 0.150111 -0.26 0.05480098 -0.139631 0.033378 -0.146239 0.033378 -0.146239 0.01120996 -0.149581 0.150111 -0.26 0.150111 -0.26 0.01120996 -0.149581 -0.01120996 -0.149581 -0.05480098 -0.139631 -0.07499998 -0.129904 -0.150111 -0.26 -0.150111 -0.26 -0.07499998 -0.129904 -0.09352296 -0.1172749 -0.150111 -0.26 -0.09352296 -0.1172749 -0.109958 -0.102026 -0.109958 -0.102026 -0.1239359 -0.08449798 -0.150111 -0.26 -0.1433359 -0.04421299 -0.148325 -0.02235597 -0.300222 0</float_array>
          <technique_common>
            <accessor source="#acopleSuctionCupGripperV2-mesh-map-0-array" count="6216" stride="2">
              <param name="S" type="float"/>
              <param name="T" type="float"/>
            </accessor>
          </technique_common>
        </source>
        <vertices id="acopleSuctionCupGripperV2-mesh-vertices">
          <input semantic="POSITION" source="#acopleSuctionCupGripperV2-mesh-positions"/>
        </vertices>
        <triangles material="_4_37_248_001-material" count="620">
          <input semantic="VERTEX" source="#acopleSuctionCupGripperV2-mesh-vertices" offset="0"/>
          <input semantic="NORMAL" source="#acopleSuctionCupGripperV2-mesh-normals" offset="1"/>
          <input semantic="TEXCOORD" source="#acopleSuctionCupGripperV2-mesh-map-0" offset="2" set="0"/>
          <p>124 0 0 70 1 1 122 2 2 122 3 3 70 4 4 68 5 5 122 6 6 68 7 7 125 8 8 125 9 9 68 10 10 71 11 11 125 12 12 71 13 13 129 14 14 129 15 15 71 16 16 75 17 17 129 18 18 75 19 19 133 20 20 133 21 21 75 22 22 79 23 23 133 24 24 79 25 25 137 26 26 137 27 27 79 28 28 83 29 29 137 30 30 83 31 31 141 32 32 141 33 33 83 34 34 87 35 35 141 36 36 87 37 37 145 38 38 145 39 39 87 40 40 91 41 41 145 42 42 91 43 43 149 44 44 149 45 45 91 46 46 95 47 47 149 48 48 95 49 49 148 50 50 148 51 51 95 52 52 94 53 53 148 54 54 94 55 55 144 56 56 144 57 57 94 58 58 90 59 59 144 60 60 90 61 61 140 62 62 140 63 63 90 64 64 86 65 65 140 66 66 86 67 67 136 68 68 136 69 69 86 70 70 82 71 71 136 72 72 82 73 73 132 74 74 132 75 75 82 76 76 78 77 77 132 78 78 78 79 79 128 80 80 128 81 81 78 82 82 74 83 83 128 84 84 74 85 85 124 86 86 124 87 87 74 88 88 70 89 89 159 90 90 215 91 91 156 92 92 156 7 93 215 8 94 212 6 95 156 93 96 212 94 97 158 95 98 158 1 99 212 2 100 214 0 101 158 89 102 214 87 103 162 88 104 162 85 105 214 86 106 218 84 107 162 96 108 218 97 109 166 98 110 166 99 111 218 100 112 222 101 113 166 77 114 222 75 115 170 76 116 170 73 117 222 74 118 226 72 119 170 71 120 226 69 121 174 70 122 174 67 123 226 68 124 230 66 125 174 65 126 230 63 127 178 64 128 178 102 129 230 103 130 234 104 131 178 105 132 234 106 133 182 107 134 182 108 135 234 109 136 238 110 137 182 53 138 238 51 139 183 52 140 183 49 141 238 50 142 239 48 143 183 47 144 239 45 145 179 46 146 179 43 147 239 44 148 235 42 149 179 41 150 235 39 151 175 40 152 175 111 153 235 112 154 231 113 155 175 35 156 231 33 157 171 34 158 171 31 159 231 32 160 227 30 161 171 29 162 227 27 163 167 28 164 167 25 165 227 26 166 223 24 167 167 114 168 223 115 169 163 116 170 163 19 171 223 20 172 219 18 173 163 17 174 219 15 175 159 16 176 159 13 177 219 14 178 215 12 179 126 0 180 72 1 181 123 2 182 123 3 183 72 4 184 69 5 185 123 6 186 69 7 187 127 8 188 127 9 189 69 10 190 73 11 191 127 12 192 73 13 193 131 14 194 131 15 195 73 16 196 77 17 197 131 117 198 77 118 199 135 119 200 135 120 201 77 121 202 81 122 203 135 24 204 81 25 205 139 26 206 139 27 207 81 28 208 85 29 209 139 123 210 85 124 211 143 125 212 143 126 213 85 127 214 89 128 215 143 36 216 89 37 217 147 38 218 147 39 219 89 40 220 93 41 221 147 129 222 93 130 223 151 131 224 151 132 225 93 133 226 97 134 227 151 48 228 97 49 229 150 50 230 150 51 231 97 52 232 96 53 233 150 135 234 96 136 235 146 137 236 146 138 237 96 139 238 92 140 239 146 60 240 92 61 241 142 62 242 142 63 243 92 64 244 88 65 245 142 141 246 88 142 247 138 143 248 138 144 249 88 145 250 84 146 251 138 72 252 84 73 253 134 74 254 134 75 255 84 76 256 80 77 257 134 147 258 80 148 259 130 149 260 130 150 261 80 151 262 76 152 263 130 84 264 76 85 265 126 86 266 126 87 267 76 88 268 72 89 269 161 90 270 217 91 271 157 92 272 157 7 273 217 8 274 213 6 275 157 93 276 213 94 277 160 95 278 160 1 279 213 2 280 216 0 281 160 89 282 216 87 283 164 88 284 164 85 285 216 86 286 220 84 287 164 153 288 220 154 289 168 155 290 168 148 291 220 149 292 224 147 293 168 77 294 224 75 295 172 76 296 172 73 297 224 74 298 228 72 299 172 146 300 228 144 301 176 145 302 176 142 303 228 143 304 232 141 305 176 65 306 232 63 307 180 64 308 180 102 309 232 103 310 236 104 311 180 140 312 236 138 313 184 139 314 184 136 315 236 137 316 240 135 317 184 53 318 240 51 319 185 52 320 185 49 321 240 50 322 241 48 323 185 156 324 241 157 325 181 158 326 181 159 327 241 160 328 237 161 329 181 41 330 237 39 331 177 40 332 177 111 333 237 112 334 233 113 335 177 128 336 233 126 337 173 127 338 173 124 339 233 125 340 229 123 341 173 29 342 229 27 343 169 28 344 169 25 345 229 26 346 225 24 347 169 162 348 225 163 349 165 164 350 165 165 351 225 166 352 221 167 353 165 17 354 221 15 355 161 16 356 161 13 357 221 14 358 217 12 359 208 168 360 252 168 361 260 168 362 260 169 363 252 169 364 258 169 365 260 168 366 258 168 367 262 168 368 204 168 369 244 168 370 208 168 371 208 168 372 244 168 373 248 168 374 208 170 375 248 170 376 252 170 377 244 171 378 204 171 379 210 171 380 210 172 381 204 172 382 198 172 383 210 173 384 198 173 385 192 173 386 192 174 387 190 174 388 210 174 389 210 168 390 190 168 391 154 168 392 210 168 393 154 168 394 242 168 395 242 168 396 154 168 397 186 168 398 190 168 399 188 168 400 154 168 401 260 168 402 262 168 403 266 168 404 266 175 405 262 175 406 270 175 407 266 176 408 270 176 409 274 176 410 274 177 411 270 177 412 286 177 413 274 178 414 286 178 415 278 178 416 278 168 417 286 168 418 288 168 419 278 168 420 288 168 421 282 168 422 282 179 423 288 179 424 292 179 425 282 180 426 292 180 427 296 180 428 296 168 429 302 168 430 282 168 431 282 168 432 302 168 433 280 168 434 280 168 435 302 168 436 300 168 437 280 168 438 300 168 439 298 168 440 280 181 441 298 181 442 276 181 443 276 168 444 298 168 445 294 168 446 276 182 447 294 182 448 290 182 449 276 168 450 290 168 451 272 168 452 272 183 453 290 183 454 284 183 455 272 168 456 284 168 457 264 168 458 264 168 459 284 168 460 268 168 461 264 168 462 268 168 463 256 168 464 256 168 465 268 168 466 254 168 467 256 168 468 254 168 469 250 168 470 250 184 471 254 184 472 246 184 473 250 168 474 246 168 475 206 168 476 206 185 477 246 185 478 202 185 479 206 186 480 202 186 481 200 186 482 200 187 483 202 187 484 194 187 485 200 168 486 194 168 487 196 168 488 196 168 489 194 168 490 110 168 491 196 168 492 110 168 493 112 168 494 112 168 495 110 168 496 106 168 497 106 188 498 110 188 499 104 188 500 106 189 501 104 189 502 100 189 503 100 190 504 104 190 505 56 190 506 100 168 507 56 168 508 52 168 509 52 191 510 56 191 511 46 191 512 52 168 513 46 168 514 44 168 515 44 192 516 46 192 517 34 192 518 44 193 519 34 193 520 38 193 521 38 194 522 34 194 523 16 194 524 38 168 525 16 168 526 28 168 527 28 195 528 16 195 529 12 195 530 28 168 531 12 168 532 24 168 533 24 196 534 12 196 535 8 196 536 24 168 537 8 168 538 4 168 539 24 197 540 4 197 541 20 197 542 20 168 543 4 168 544 0 168 545 20 198 546 0 198 547 22 198 548 22 168 549 0 168 550 2 168 551 22 168 552 2 168 553 6 168 554 6 168 555 10 168 556 22 168 557 22 199 558 10 199 559 14 199 560 22 200 561 14 200 562 26 200 563 26 168 564 14 168 565 18 168 566 26 168 567 18 168 568 30 168 569 30 201 570 18 201 571 32 201 572 30 202 573 32 202 574 36 202 575 36 203 576 32 203 577 42 203 578 36 168 579 42 168 580 40 168 581 40 168 582 42 168 583 48 168 584 40 204 585 48 204 586 50 204 587 40 168 588 50 168 589 64 168 590 64 205 591 50 205 592 54 205 593 64 168 594 54 168 595 58 168 596 64 168 597 58 168 598 102 168 599 102 206 600 58 206 601 66 206 602 102 168 603 66 168 604 108 168 605 108 168 606 66 168 607 114 168 608 114 207 609 66 207 610 116 207 611 116 168 612 66 168 613 120 168 614 116 168 615 120 168 616 118 168 617 66 168 618 98 168 619 120 168 620 120 168 621 98 168 622 152 168 623 152 168 624 98 168 625 62 168 626 62 168 627 98 168 628 60 168 629 208 208 630 209 209 631 204 210 632 204 211 633 209 212 634 205 213 635 204 214 636 205 215 637 198 216 638 198 217 639 205 218 640 199 219 641 198 220 642 199 221 643 192 222 644 192 223 645 199 224 646 193 225 647 192 226 648 193 227 649 190 228 650 190 229 651 193 230 652 191 231 653 190 232 654 191 233 655 188 234 656 188 235 657 191 236 658 189 237 659 188 238 660 189 239 661 154 240 662 154 241 663 189 242 664 155 243 665 159 244 666 156 244 667 154 244 668 154 245 669 156 245 670 158 245 671 154 244 672 158 244 673 162 244 674 162 244 675 166 244 676 154 244 677 154 246 678 166 246 679 170 246 680 154 244 681 170 244 682 186 244 683 186 247 684 170 247 685 174 247 686 186 248 687 174 248 688 178 248 689 178 244 690 182 244 691 186 244 692 186 249 693 182 249 694 183 249 695 186 250 696 183 250 697 184 250 698 184 251 699 183 251 700 179 251 701 184 252 702 179 252 703 180 252 704 180 253 705 179 253 706 176 253 707 176 254 708 179 254 709 175 254 710 176 244 711 175 244 712 172 244 713 172 255 714 175 255 715 171 255 716 172 256 717 171 256 718 167 256 719 172 244 720 167 244 721 168 244 722 168 257 723 167 257 724 163 257 725 168 244 726 163 244 727 164 244 728 164 258 729 163 258 730 159 258 731 164 259 732 159 259 733 160 259 734 160 260 735 159 260 736 154 260 737 160 244 738 154 244 739 155 244 740 161 261 741 157 261 742 155 261 743 155 262 744 157 262 745 160 262 746 186 263 747 184 263 748 187 263 749 187 249 750 184 249 751 185 249 752 187 264 753 185 264 754 181 264 755 181 244 756 177 244 757 187 244 758 187 247 759 177 247 760 173 247 761 187 244 762 173 244 763 155 244 764 155 246 765 173 246 766 169 246 767 155 265 768 169 265 769 165 265 770 165 244 771 161 244 772 155 244 773 187 266 774 243 266 775 186 266 776 186 266 777 243 266 778 242 266 779 214 267 780 212 267 781 210 267 782 210 268 783 212 268 784 215 268 785 210 267 786 215 267 787 216 267 788 216 267 789 215 267 790 220 267 791 220 269 792 215 269 793 219 269 794 220 267 795 219 267 796 224 267 797 224 270 798 219 270 799 223 270 800 224 267 801 223 267 802 228 267 803 228 271 804 223 271 805 227 271 806 228 272 807 227 272 808 231 272 809 228 267 810 231 267 811 232 267 812 232 273 813 231 273 814 235 273 815 232 267 816 235 267 817 236 267 818 236 267 819 235 267 820 240 267 821 240 274 822 235 274 823 239 274 824 240 267 825 239 267 826 242 267 827 242 275 828 239 275 829 238 275 830 242 276 831 238 276 832 234 276 833 234 267 834 230 267 835 242 267 836 242 277 837 230 277 838 226 277 839 242 267 840 226 267 841 210 267 842 210 278 843 226 278 844 222 278 845 210 267 846 222 267 847 218 267 848 218 267 849 214 267 850 210 267 851 216 279 852 213 279 853 211 279 854 211 280 855 213 280 856 217 280 857 211 281 858 217 281 859 221 281 860 221 267 861 225 267 862 211 267 863 211 278 864 225 278 865 229 278 866 211 267 867 229 267 868 243 267 869 243 277 870 229 277 871 233 277 872 243 282 873 233 282 874 237 282 875 237 267 876 241 267 877 243 267 878 243 275 879 241 275 880 240 275 881 243 283 882 240 283 883 242 283 884 210 284 885 216 284 886 211 284 887 210 285 888 211 286 889 244 287 890 244 288 891 211 289 892 245 290 893 244 291 894 245 292 895 248 293 896 248 294 897 245 295 898 249 296 899 248 297 900 249 298 901 252 299 902 252 300 903 249 301 904 253 302 905 252 303 906 253 304 907 258 305 908 258 306 909 253 307 910 259 308 911 259 266 912 263 266 913 258 266 914 258 266 915 263 266 916 262 266 917 262 309 918 263 310 919 270 311 920 270 312 921 263 313 922 271 314 923 270 315 924 271 316 925 286 317 926 286 318 927 271 319 928 287 320 929 286 321 930 287 322 931 288 323 932 288 324 933 287 325 934 289 326 935 288 327 936 289 328 937 292 329 938 292 330 939 289 331 940 293 332 941 292 333 942 293 334 943 296 335 944 296 336 945 293 337 946 297 338 947 296 339 948 297 340 949 302 341 950 302 342 951 297 343 952 303 344 953 303 267 954 301 267 955 302 267 956 302 267 957 301 267 958 300 267 959 300 345 960 301 346 961 298 347 962 298 348 963 301 349 964 299 350 965 298 351 966 299 352 967 294 353 968 294 354 969 299 355 970 295 356 971 294 357 972 295 358 973 290 359 974 290 360 975 295 361 976 291 362 977 290 363 978 291 364 979 284 365 980 284 366 981 291 367 982 285 368 983 284 369 984 285 370 985 268 371 986 268 372 987 285 373 988 269 374 989 268 375 990 269 376 991 254 377 992 254 378 993 269 379 994 255 380 995 254 381 996 255 382 997 246 383 998 246 384 999 255 385 1000 247 386 1001 246 387 1002 247 388 1003 202 389 1004 202 390 1005 247 391 1006 203 392 1007 202 393 1008 203 394 1009 194 395 1010 194 396 1011 203 397 1012 195 398 1013 195 399 1014 111 399 1015 194 399 1016 194 399 1017 111 399 1018 110 399 1019 110 400 1020 111 401 1021 104 402 1022 104 403 1023 111 404 1024 105 405 1025 104 406 1026 105 407 1027 56 408 1028 56 409 1029 105 410 1030 57 411 1031 56 412 1032 57 413 1033 46 414 1034 46 415 1035 57 416 1036 47 417 1037 46 418 1038 47 419 1039 34 420 1040 34 421 1041 47 422 1042 35 423 1043 34 424 1044 35 425 1045 16 426 1046 16 427 1047 35 428 1048 17 429 1049 16 430 1050 17 431 1051 12 432 1052 12 433 1053 17 434 1054 13 435 1055 12 436 1056 13 437 1057 8 438 1058 8 439 1059 13 440 1060 9 441 1061 8 442 1062 9 443 1063 4 444 1064 4 445 1065 9 446 1066 5 447 1067 4 448 1068 5 449 1069 0 450 1070 0 451 1071 5 452 1072 1 453 1073 1 244 1074 3 244 1075 0 244 1076 0 244 1077 3 244 1078 2 244 1079 2 454 1080 3 455 1081 6 456 1082 6 457 1083 3 458 1084 7 459 1085 6 460 1086 7 461 1087 10 462 1088 10 463 1089 7 464 1090 11 465 1091 10 466 1092 11 467 1093 14 468 1094 14 469 1095 11 470 1096 15 471 1097 14 472 1098 15 473 1099 18 474 1100 18 475 1101 15 476 1102 19 477 1103 18 478 1104 19 479 1105 32 480 1106 32 481 1107 19 482 1108 33 483 1109 32 484 1110 33 485 1111 42 486 1112 42 487 1113 33 488 1114 43 489 1115 43 266 1116 49 266 1117 42 266 1118 42 266 1119 49 266 1120 48 266 1121 48 490 1122 49 491 1123 50 492 1124 50 493 1125 49 494 1126 51 495 1127 50 496 1128 51 497 1129 54 498 1130 54 499 1131 51 500 1132 55 501 1133 54 502 1134 55 503 1135 58 504 1136 58 505 1137 55 506 1138 59 507 1139 58 508 1140 59 509 1141 66 510 1142 66 511 1143 59 512 1144 67 513 1145 70 244 1146 66 244 1147 68 244 1148 68 514 1149 66 514 1150 69 514 1151 68 244 1152 69 244 1153 71 244 1154 71 244 1155 69 244 1156 72 244 1157 71 244 1158 72 244 1159 76 244 1160 70 244 1161 74 244 1162 66 244 1163 66 515 1164 74 515 1165 78 515 1166 66 244 1167 78 244 1168 98 244 1169 98 516 1170 78 516 1171 82 516 1172 98 517 1173 82 517 1174 86 517 1175 86 518 1176 90 518 1177 98 518 1178 98 244 1179 90 244 1180 94 244 1181 98 519 1182 94 519 1183 95 519 1184 91 244 1185 92 244 1186 95 244 1187 95 520 1188 92 520 1189 96 520 1190 95 244 1191 96 244 1192 98 244 1193 98 521 1194 96 521 1195 99 521 1196 99 519 1197 96 519 1198 97 519 1199 99 244 1200 97 244 1201 93 244 1202 92 522 1203 91 522 1204 88 522 1205 88 523 1206 91 523 1207 87 523 1208 88 524 1209 87 524 1210 84 524 1211 84 525 1212 87 525 1213 83 525 1214 84 526 1215 83 526 1216 79 526 1217 84 527 1218 79 527 1219 80 527 1220 80 528 1221 79 528 1222 75 528 1223 80 244 1224 75 244 1225 76 244 1226 76 244 1227 75 244 1228 71 244 1229 93 518 1230 89 518 1231 99 518 1232 99 517 1233 89 517 1234 85 517 1235 99 516 1236 85 516 1237 81 516 1238 99 244 1239 81 244 1240 67 244 1241 67 515 1242 81 515 1243 77 515 1244 67 244 1245 77 244 1246 73 244 1247 73 244 1248 69 244 1249 67 244 1250 67 529 1251 69 529 1252 66 529 1253 99 399 1254 61 399 1255 98 399 1256 98 399 1257 61 399 1258 60 399 1259 61 244 1260 63 244 1261 60 244 1262 60 244 1263 63 244 1264 62 244 1265 63 266 1266 153 266 1267 62 266 1268 62 266 1269 153 266 1270 152 266 1271 124 267 1272 122 267 1273 120 267 1274 120 267 1275 122 267 1276 125 267 1277 120 530 1278 125 530 1279 126 530 1280 126 267 1281 125 267 1282 130 267 1283 130 267 1284 125 267 1285 129 267 1286 130 267 1287 129 267 1288 134 267 1289 134 531 1290 129 531 1291 133 531 1292 134 267 1293 133 267 1294 138 267 1295 138 532 1296 133 532 1297 137 532 1298 138 267 1299 137 267 1300 141 267 1301 138 267 1302 141 267 1303 142 267 1304 142 533 1305 141 533 1306 145 533 1307 142 534 1308 145 534 1309 146 534 1310 146 535 1311 145 535 1312 150 535 1313 150 536 1314 145 536 1315 149 536 1316 150 537 1317 149 537 1318 152 537 1319 152 538 1320 149 538 1321 148 538 1322 152 539 1323 148 539 1324 144 539 1325 144 267 1326 140 267 1327 152 267 1328 152 277 1329 140 277 1330 136 277 1331 152 267 1332 136 267 1333 120 267 1334 120 540 1335 136 540 1336 132 540 1337 120 541 1338 132 541 1339 128 541 1340 128 267 1341 124 267 1342 120 267 1343 126 267 1344 123 267 1345 121 267 1346 121 267 1347 123 267 1348 127 267 1349 121 267 1350 127 267 1351 131 267 1352 131 267 1353 135 267 1354 121 267 1355 121 540 1356 135 540 1357 139 540 1358 121 267 1359 139 267 1360 153 267 1361 153 277 1362 139 277 1363 143 277 1364 153 542 1365 143 542 1366 147 542 1367 147 267 1368 151 267 1369 153 267 1370 153 538 1371 151 538 1372 150 538 1373 153 267 1374 150 267 1375 152 267 1376 120 543 1377 126 543 1378 121 543 1379 120 544 1380 121 545 1381 118 546 1382 118 547 1383 121 548 1384 119 549 1385 118 550 1386 119 551 1387 116 552 1388 116 553 1389 119 554 1390 117 555 1391 116 556 1392 117 557 1393 114 558 1394 114 559 1395 117 560 1396 115 561 1397 114 562 1398 115 563 1399 108 564 1400 108 565 1401 115 566 1402 109 567 1403 108 568 1404 109 569 1405 102 570 1406 102 571 1407 109 572 1408 103 573 1409 102 574 1410 103 575 1411 64 576 1412 64 577 1413 103 578 1414 65 579 1415 65 399 1416 41 399 1417 64 399 1418 64 399 1419 41 399 1420 40 399 1421 40 580 1422 41 581 1423 36 582 1424 36 583 1425 41 584 1426 37 585 1427 36 586 1428 37 587 1429 30 588 1430 30 589 1431 37 590 1432 31 591 1433 30 592 1434 31 593 1435 26 594 1436 26 595 1437 31 596 1438 27 597 1439 26 598 1440 27 599 1441 22 600 1442 22 601 1443 27 602 1444 23 603 1445 23 267 1446 21 267 1447 22 267 1448 22 267 1449 21 267 1450 20 267 1451 20 604 1452 21 605 1453 24 606 1454 24 607 1455 21 608 1456 25 609 1457 24 610 1458 25 611 1459 28 612 1460 28 613 1461 25 614 1462 29 615 1463 28 616 1464 29 617 1465 38 618 1466 38 619 1467 29 620 1468 39 621 1469 38 622 1470 39 623 1471 44 624 1472 44 625 1473 39 626 1474 45 627 1475 44 628 1476 45 629 1477 52 630 1478 52 631 1479 45 632 1480 53 633 1481 52 634 1482 53 635 1483 100 636 1484 100 637 1485 53 638 1486 101 639 1487 100 640 1488 101 641 1489 106 642 1490 106 643 1491 101 644 1492 107 645 1493 106 646 1494 107 647 1495 112 648 1496 112 649 1497 107 650 1498 113 651 1499 113 266 1500 197 266 1501 112 266 1502 112 266 1503 197 266 1504 196 266 1505 196 652 1506 197 653 1507 200 654 1508 200 655 1509 197 656 1510 201 657 1511 200 658 1512 201 659 1513 207 660 1514 200 661 1515 207 662 1516 206 663 1517 206 664 1518 207 665 1519 251 666 1520 206 667 1521 251 668 1522 250 669 1523 250 670 1524 251 671 1525 257 672 1526 250 673 1527 257 674 1528 256 675 1529 256 676 1530 257 677 1531 265 678 1532 256 679 1533 265 680 1534 264 681 1535 264 682 1536 265 683 1537 273 684 1538 264 685 1539 273 686 1540 272 687 1541 272 688 1542 273 689 1543 277 690 1544 272 691 1545 277 692 1546 276 693 1547 276 694 1548 277 695 1549 280 696 1550 280 697 1551 277 698 1552 281 699 1553 281 244 1554 283 244 1555 280 244 1556 280 244 1557 283 244 1558 282 244 1559 282 700 1560 283 701 1561 278 702 1562 278 703 1563 283 704 1564 279 705 1565 278 706 1566 279 707 1567 274 708 1568 274 709 1569 279 710 1570 275 711 1571 274 712 1572 275 713 1573 266 714 1574 266 715 1575 275 716 1576 267 717 1577 266 718 1578 267 719 1579 260 720 1580 260 721 1581 267 722 1582 261 723 1583 261 399 1584 209 399 1585 260 399 1586 260 399 1587 209 399 1588 208 399 1589 261 724 1590 253 724 1591 209 724 1592 209 725 1593 253 725 1594 249 725 1595 209 724 1596 249 724 1597 245 724 1598 267 724 1599 263 724 1600 261 724 1601 261 724 1602 263 724 1603 259 724 1604 261 726 1605 259 726 1606 253 726 1607 263 724 1608 267 724 1609 271 724 1610 271 727 1611 267 727 1612 275 727 1613 271 728 1614 275 728 1615 287 728 1616 287 729 1617 275 729 1618 279 729 1619 287 724 1620 279 724 1621 289 724 1622 289 730 1623 279 730 1624 283 730 1625 289 731 1626 283 731 1627 293 731 1628 293 732 1629 283 732 1630 297 732 1631 297 724 1632 283 724 1633 303 724 1634 303 724 1635 283 724 1636 301 724 1637 301 724 1638 283 724 1639 281 724 1640 301 724 1641 281 724 1642 299 724 1643 299 724 1644 281 724 1645 277 724 1646 299 724 1647 277 724 1648 295 724 1649 295 724 1650 277 724 1651 291 724 1652 291 733 1653 277 733 1654 273 733 1655 291 724 1656 273 724 1657 285 724 1658 285 734 1659 273 734 1660 265 734 1661 285 724 1662 265 724 1663 269 724 1664 269 724 1665 265 724 1666 257 724 1667 269 724 1668 257 724 1669 255 724 1670 255 724 1671 257 724 1672 251 724 1673 255 735 1674 251 735 1675 247 735 1676 247 736 1677 251 736 1678 207 736 1679 247 724 1680 207 724 1681 203 724 1682 203 737 1683 207 737 1684 201 737 1685 203 724 1686 201 724 1687 195 724 1688 195 724 1689 201 724 1690 197 724 1691 195 724 1692 197 724 1693 111 724 1694 111 724 1695 197 724 1696 113 724 1697 111 738 1698 113 738 1699 107 738 1700 111 724 1701 107 724 1702 105 724 1703 105 739 1704 107 739 1705 101 739 1706 105 740 1707 101 740 1708 57 740 1709 57 724 1710 101 724 1711 53 724 1712 57 724 1713 53 724 1714 47 724 1715 47 741 1716 53 741 1717 45 741 1718 47 742 1719 45 742 1720 35 742 1721 35 743 1722 45 743 1723 39 743 1724 35 744 1725 39 744 1726 17 744 1727 17 724 1728 39 724 1729 29 724 1730 17 724 1731 29 724 1732 13 724 1733 13 724 1734 29 724 1735 25 724 1736 13 745 1737 25 745 1738 9 745 1739 9 746 1740 25 746 1741 5 746 1742 5 724 1743 25 724 1744 21 724 1745 5 747 1746 21 747 1747 1 747 1748 1 748 1749 21 748 1750 23 748 1751 1 724 1752 23 724 1753 3 724 1754 3 724 1755 23 724 1756 7 724 1757 7 724 1758 23 724 1759 11 724 1760 11 749 1761 23 749 1762 15 749 1763 15 750 1764 23 750 1765 27 750 1766 15 724 1767 27 724 1768 19 724 1769 19 751 1770 27 751 1771 31 751 1772 19 752 1773 31 752 1774 33 752 1775 33 753 1776 31 753 1777 37 753 1778 33 754 1779 37 754 1780 43 754 1781 43 724 1782 37 724 1783 41 724 1784 43 724 1785 41 724 1786 49 724 1787 49 724 1788 41 724 1789 51 724 1790 51 724 1791 41 724 1792 65 724 1793 51 724 1794 65 724 1795 55 724 1796 55 724 1797 65 724 1798 59 724 1799 59 755 1800 65 755 1801 103 755 1802 59 756 1803 103 756 1804 67 756 1805 67 757 1806 103 757 1807 109 757 1808 67 758 1809 109 758 1810 115 758 1811 115 759 1812 117 759 1813 67 759 1814 67 724 1815 117 724 1816 121 724 1817 67 724 1818 121 724 1819 99 724 1820 99 724 1821 121 724 1822 153 724 1823 99 724 1824 153 724 1825 63 724 1826 117 724 1827 119 724 1828 121 724 1829 63 724 1830 61 724 1831 99 724 1832 209 724 1833 245 724 1834 205 724 1835 205 760 1836 245 760 1837 211 760 1838 205 724 1839 211 724 1840 199 724 1841 199 724 1842 211 724 1843 193 724 1844 193 761 1845 211 761 1846 191 761 1847 191 724 1848 211 724 1849 155 724 1850 191 724 1851 155 724 1852 189 724 1853 211 724 1854 243 724 1855 155 724 1856 155 724 1857 243 724 1858 187 724 1859</p>
        </triangles>
        <triangles material="_90_188_186_001-material" count="1452">
          <input semantic="VERTEX" source="#acopleSuctionCupGripperV2-mesh-vertices" offset="0"/>
          <input semantic="NORMAL" source="#acopleSuctionCupGripperV2-mesh-normals" offset="1"/>
          <input semantic="TEXCOORD" source="#acopleSuctionCupGripperV2-mesh-map-0" offset="2" set="0"/>
          <p>570 762 1860 566 763 1861 572 764 1862 572 765 1863 566 766 1864 565 767 1865 572 768 1866 565 769 1867 568 770 1868 568 771 1869 565 772 1870 563 773 1871 568 774 1872 563 775 1873 558 776 1874 558 777 1875 563 778 1876 553 779 1877 558 780 1878 553 781 1879 548 782 1880 548 783 1881 553 784 1882 541 785 1883 548 786 1884 541 787 1885 530 788 1886 530 789 1887 541 790 1888 520 791 1889 530 792 1890 520 793 1891 505 794 1892 505 795 1893 520 796 1894 492 797 1895 505 798 1896 492 799 1897 477 800 1898 477 801 1899 492 802 1900 466 803 1901 477 804 1902 466 805 1903 455 806 1904 455 807 1905 466 808 1906 448 809 1907 455 810 1908 448 811 1909 429 812 1910 429 813 1911 448 814 1912 418 815 1913 429 816 1914 418 817 1915 411 818 1916 411 819 1917 418 820 1918 396 821 1919 411 822 1920 396 823 1921 381 824 1922 381 825 1923 396 826 1924 366 827 1925 381 828 1926 366 829 1927 353 830 1928 353 831 1929 366 832 1930 346 833 1931 353 834 1932 346 835 1933 336 836 1934 336 837 1935 346 838 1936 329 839 1937 336 840 1938 329 841 1939 321 842 1940 321 843 1941 329 844 1942 318 845 1943 321 846 1944 318 847 1945 312 848 1946 312 849 1947 318 850 1948 309 851 1949 312 852 1950 309 853 1951 305 854 1952 305 855 1953 309 856 1954 308 857 1955 305 858 1956 308 859 1957 307 860 1958 307 861 1959 308 862 1960 310 863 1961 307 864 1962 310 865 1963 314 866 1964 314 867 1965 310 868 1966 319 869 1967 314 870 1968 319 871 1969 323 872 1970 323 873 1971 319 874 1972 330 875 1973 323 876 1974 330 877 1975 338 878 1976 338 879 1977 330 880 1978 347 881 1979 338 882 1980 347 883 1981 355 884 1982 355 885 1983 347 886 1984 371 887 1985 355 888 1986 371 889 1987 383 890 1988 383 891 1989 371 892 1990 397 893 1991 383 894 1992 397 895 1993 413 896 1994 413 897 1995 397 898 1996 419 899 1997 413 900 1998 419 901 1999 431 902 2000 431 903 2001 419 904 2002 449 905 2003 431 906 2004 449 907 2005 457 908 2006 457 909 2007 449 910 2008 467 911 2009 457 912 2010 467 913 2011 479 914 2012 479 915 2013 467 916 2014 493 917 2015 479 918 2016 493 919 2017 507 920 2018 507 921 2019 493 922 2020 521 923 2021 507 924 2022 521 925 2023 532 926 2024 532 927 2025 521 928 2026 542 929 2027 532 930 2028 542 931 2029 550 932 2030 550 933 2031 542 934 2032 554 935 2033 550 936 2034 554 937 2035 560 938 2036 560 939 2037 554 940 2038 564 941 2039 560 942 2040 564 943 2041 570 944 2042 570 945 2043 564 946 2044 566 947 2045 522 948 2046 537 949 2047 524 950 2048 524 951 2049 537 952 2050 538 953 2051 524 954 2052 538 955 2053 523 956 2054 523 957 2055 538 958 2056 536 959 2057 523 960 2058 536 961 2059 513 962 2060 513 963 2061 536 964 2062 528 965 2063 513 966 2064 528 967 2065 515 968 2066 515 969 2067 528 970 2068 540 971 2069 515 972 2070 540 973 2071 526 974 2072 526 975 2073 540 976 2074 546 977 2075 526 978 2076 546 979 2077 534 980 2078 534 981 2079 546 982 2080 554 983 2081 534 984 2082 554 985 2083 542 986 2084 537 987 2085 522 988 2086 535 989 2087 535 990 2088 522 991 2089 512 992 2090 535 993 2091 512 994 2092 527 995 2093 527 996 2094 512 997 2095 514 998 2096 527 999 2097 514 1000 2098 525 1001 2099 525 1002 2100 514 1003 2101 502 1004 2102 525 1005 2103 502 1006 2104 518 1007 2105 518 1008 2106 502 1009 2107 486 1010 2108 518 1011 2109 486 1012 2110 492 1013 2111 492 1014 2112 486 1015 2113 466 1016 2114 512 1017 2115 496 1018 2116 514 1019 2117 514 1020 2118 496 1021 2119 494 1022 2120 514 1023 2121 494 1024 2122 502 1025 2123 502 1026 2124 494 1027 2125 480 1028 2126 502 1029 2127 480 1030 2128 486 1031 2129 486 1032 2130 480 1033 2131 464 1034 2132 486 1035 2133 464 1036 2134 466 1037 2135 466 1038 2136 464 1039 2137 448 1040 2138 496 1041 2139 474 1042 2140 494 1043 2141 494 1044 2142 474 1045 2143 472 1046 2144 494 1047 2145 472 1048 2146 480 1049 2147 480 1050 2148 472 1051 2149 462 1052 2150 480 1053 2151 462 1054 2152 464 1055 2153 464 1056 2154 462 1057 2155 446 1058 2156 464 1059 2157 446 1060 2158 448 1061 2159 448 1062 2160 446 1063 2161 418 1064 2162 474 1065 2163 460 1066 2164 472 1067 2165 472 1068 2166 460 1069 2167 458 1070 2168 472 1071 2169 458 1072 2170 462 1073 2171 462 1074 2172 458 1075 2173 444 1076 2174 462 1077 2175 444 1078 2176 446 1079 2177 446 1080 2178 444 1081 2179 420 1082 2180 446 1083 2181 420 1084 2182 418 1085 2183 418 1086 2184 420 1087 2185 396 1088 2186 460 1089 2187 442 1090 2188 458 1091 2189 458 1092 2190 442 1093 2191 440 1094 2192 458 1095 2193 440 1096 2194 444 1097 2195 444 1098 2196 440 1099 2197 422 1100 2198 444 1101 2199 422 1102 2200 420 1103 2201 420 1104 2202 422 1105 2203 402 1106 2204 420 1107 2205 402 1108 2206 396 1109 2207 396 1110 2208 402 1111 2209 366 1112 2210 440 1113 2211 442 1114 2212 426 1115 2213 426 1116 2214 442 1117 2215 424 1118 2216 426 1119 2217 424 1120 2218 408 1121 2219 408 1122 2220 424 1123 2221 406 1124 2222 408 1125 2223 406 1126 2224 394 1127 2225 394 1128 2226 406 1129 2227 392 1130 2228 394 1131 2229 392 1132 2230 372 1133 2231 372 1134 2232 392 1135 2233 374 1136 2234 372 1137 2235 374 1138 2236 356 1139 2237 356 1140 2238 374 1141 2239 344 1142 2240 356 1143 2241 344 1144 2242 331 1145 2243 331 1146 2244 344 1147 2245 327 1148 2246 331 1149 2247 327 1150 2248 316 1151 2249 316 1152 2250 327 1153 2251 315 1154 2252 316 1155 2253 315 1156 2254 308 1157 2255 308 1158 2256 315 1159 2257 310 1160 2258 374 1161 2259 360 1162 2260 344 1163 2261 344 1164 2262 360 1165 2263 340 1166 2264 344 1167 2265 340 1168 2266 327 1169 2267 327 1170 2268 340 1171 2269 326 1172 2270 327 1173 2271 326 1174 2272 315 1175 2273 315 1176 2274 326 1177 2275 317 1178 2276 315 1179 2277 317 1180 2278 310 1181 2279 310 1182 2280 317 1183 2281 319 1184 2282 360 1185 2283 350 1186 2284 340 1187 2285 340 1188 2286 350 1189 2287 339 1190 2288 340 1191 2289 339 1192 2290 326 1193 2291 326 1194 2292 339 1195 2293 328 1196 2294 326 1197 2295 328 1198 2296 317 1199 2297 317 1200 2298 328 1201 2299 325 1202 2300 317 1203 2301 325 1204 2302 319 1205 2303 319 1206 2304 325 1207 2305 330 1208 2306 350 1209 2307 351 1210 2308 339 1211 2309 339 1212 2310 351 1213 2311 341 1214 2312 339 1215 2313 341 1216 2314 328 1217 2315 328 1218 2316 341 1219 2317 332 1220 2318 328 1221 2319 332 1222 2320 325 1223 2321 325 1224 2322 332 1225 2323 334 1226 2324 325 1227 2325 334 1228 2326 330 1229 2327 330 1230 2328 334 1231 2329 347 1232 2330 351 1233 2331 361 1234 2332 341 1235 2333 341 1236 2334 361 1237 2335 345 1238 2336 341 1239 2337 345 1240 2338 332 1241 2339 332 1242 2340 345 1243 2341 343 1244 2342 332 1245 2343 343 1246 2344 334 1247 2345 334 1248 2346 343 1249 2347 349 1250 2348 334 1251 2349 349 1252 2350 347 1253 2351 347 1254 2352 349 1255 2353 371 1256 2354 361 1257 2355 375 1258 2356 345 1259 2357 345 1260 2358 375 1261 2359 357 1262 2360 345 1263 2361 357 1264 2362 343 1265 2363 343 1266 2364 357 1267 2365 359 1268 2366 343 1269 2367 359 1270 2368 349 1271 2369 349 1272 2370 359 1273 2371 377 1274 2372 349 1275 2373 377 1276 2374 371 1277 2375 371 1278 2376 377 1279 2377 397 1280 2378 357 1281 2379 375 1282 2380 373 1283 2381 373 1284 2382 375 1285 2383 393 1286 2384 373 1287 2385 393 1288 2386 395 1289 2387 395 1290 2388 393 1291 2389 407 1292 2390 395 1293 2391 407 1294 2392 409 1295 2393 409 1296 2394 407 1297 2395 425 1298 2396 409 1299 2397 425 1300 2398 427 1301 2399 427 1302 2400 425 1303 2401 443 1304 2402 427 1305 2403 443 1306 2404 441 1307 2405 441 1308 2406 443 1309 2407 459 1310 2408 441 1311 2409 459 1312 2410 463 1313 2411 463 1314 2412 459 1315 2413 481 1316 2414 463 1317 2415 481 1318 2416 487 1319 2417 487 1320 2418 481 1321 2419 519 1322 2420 487 1323 2421 519 1324 2422 521 1325 2423 521 1326 2424 519 1327 2425 542 1328 2426 443 1329 2427 461 1330 2428 459 1331 2429 459 1332 2430 461 1333 2431 473 1334 2432 459 1335 2433 473 1336 2434 481 1337 2435 481 1338 2436 473 1339 2437 503 1340 2438 481 1341 2439 503 1342 2440 519 1343 2441 519 1344 2442 503 1345 2443 534 1346 2444 519 1347 2445 534 1348 2446 542 1349 2447 461 1350 2448 475 1351 2449 473 1352 2450 473 1353 2451 475 1354 2452 495 1355 2453 473 1356 2454 495 1357 2455 503 1358 2456 503 1359 2457 495 1360 2458 526 1361 2459 503 1362 2460 526 1363 2461 534 1364 2462 475 1365 2463 497 1366 2464 495 1367 2465 495 1368 2466 497 1369 2467 515 1370 2468 495 1371 2469 515 1372 2470 526 1373 2471 497 1374 2472 513 1375 2473 515 1376 2474 566 1377 2475 562 1378 2476 565 1379 2477 565 1380 2478 562 1381 2479 561 1382 2480 565 1383 2481 561 1384 2482 563 1385 2483 563 1386 2484 561 1387 2485 555 1388 2486 563 1389 2487 555 1390 2488 553 1391 2489 553 1392 2490 555 1393 2491 545 1394 2492 553 1395 2493 545 1396 2494 541 1397 2495 541 1398 2496 545 1399 2497 533 1400 2498 541 1401 2499 533 1402 2500 520 1403 2501 520 1404 2502 533 1405 2503 518 1406 2504 520 1407 2505 518 1408 2506 492 1409 2507 562 1410 2508 552 1411 2509 561 1412 2510 561 1413 2511 552 1414 2512 551 1415 2513 561 1416 2514 551 1417 2515 555 1418 2516 555 1419 2517 551 1420 2518 543 1421 2519 555 1422 2520 543 1423 2521 545 1424 2522 545 1425 2523 543 1426 2524 539 1427 2525 545 1428 2526 539 1429 2527 533 1430 2528 533 1431 2529 539 1432 2530 525 1433 2531 533 1434 2532 525 1435 2533 518 1436 2534 562 1437 2535 566 1438 2536 556 1439 2537 556 1440 2538 566 1441 2539 564 1442 2540 556 1443 2541 564 1444 2542 546 1445 2543 546 1446 2544 564 1447 2545 554 1448 2546 552 1449 2547 538 1450 2548 551 1451 2549 551 1452 2550 538 1453 2551 537 1454 2552 551 1455 2553 537 1456 2554 543 1457 2555 543 1458 2556 537 1459 2557 535 1460 2558 543 1461 2559 535 1462 2560 539 1463 2561 539 1464 2562 535 1465 2563 527 1466 2564 539 1467 2565 527 1468 2566 525 1469 2567 552 1470 2568 562 1471 2569 544 1472 2570 544 1473 2571 562 1474 2572 556 1475 2573 544 1476 2574 556 1477 2575 540 1478 2576 540 1479 2577 556 1480 2578 546 1481 2579 538 1482 2580 552 1483 2581 536 1484 2582 536 1485 2583 552 1486 2584 544 1487 2585 536 1488 2586 544 1489 2587 528 1490 2588 528 1491 2589 544 1492 2590 540 1493 2591 521 1494 2592 493 1495 2593 487 1496 2594 487 1497 2595 493 1498 2596 465 1499 2597 487 1500 2598 465 1501 2599 463 1502 2600 463 1503 2601 465 1504 2602 445 1505 2603 463 1506 2604 445 1507 2605 441 1508 2606 441 1509 2607 445 1510 2608 427 1511 2609 493 1512 2610 467 1513 2611 465 1514 2612 465 1515 2613 467 1516 2614 447 1517 2615 465 1518 2616 447 1519 2617 445 1520 2618 445 1521 2619 447 1522 2620 423 1523 2621 445 1524 2622 423 1525 2623 427 1526 2624 427 1527 2625 423 1528 2626 409 1529 2627 467 1530 2628 449 1531 2629 447 1532 2630 447 1533 2631 449 1534 2632 421 1535 2633 447 1536 2634 421 1537 2635 423 1538 2636 423 1539 2637 421 1540 2638 405 1541 2639 423 1542 2640 405 1543 2641 409 1544 2642 409 1545 2643 405 1546 2644 395 1547 2645 449 1548 2646 419 1549 2647 421 1550 2648 421 1551 2649 419 1552 2650 403 1553 2651 421 1554 2652 403 1555 2653 405 1556 2654 405 1557 2655 403 1558 2656 379 1559 2657 405 1560 2658 379 1561 2659 395 1562 2660 395 1563 2661 379 1564 2662 373 1565 2663 419 1566 2664 397 1567 2665 403 1568 2666 403 1569 2667 397 1570 2668 377 1571 2669 403 1572 2670 377 1573 2671 379 1574 2672 379 1575 2673 377 1576 2674 359 1577 2675 379 1578 2676 359 1579 2677 373 1580 2678 373 1581 2679 359 1582 2680 357 1583 2681 308 1584 2682 309 1585 2683 316 1586 2684 316 1587 2685 309 1588 2686 324 1589 2687 316 1590 2688 324 1591 2689 331 1592 2690 331 1593 2691 324 1594 2692 342 1595 2693 331 1596 2694 342 1597 2695 356 1598 2696 356 1599 2697 342 1600 2698 372 1601 2699 309 1602 2700 318 1603 2701 324 1604 2702 324 1605 2703 318 1606 2704 333 1607 2705 324 1608 2706 333 1609 2707 342 1610 2708 342 1611 2709 333 1612 2710 358 1613 2711 342 1614 2712 358 1615 2713 372 1616 2714 372 1617 2715 358 1618 2716 394 1619 2717 318 1620 2718 329 1621 2719 333 1622 2720 333 1623 2721 329 1624 2722 348 1625 2723 333 1626 2724 348 1627 2725 358 1628 2726 358 1629 2727 348 1630 2728 378 1631 2729 358 1632 2730 378 1633 2731 394 1634 2732 394 1635 2733 378 1636 2734 408 1637 2735 329 1638 2736 346 1639 2737 348 1640 2738 348 1641 2739 346 1642 2740 376 1643 2741 348 1644 2742 376 1645 2743 378 1646 2744 378 1647 2745 376 1648 2746 404 1649 2747 378 1650 2748 404 1651 2749 408 1652 2750 408 1653 2751 404 1654 2752 426 1655 2753 346 1656 2754 366 1657 2755 376 1658 2756 376 1659 2757 366 1660 2758 402 1661 2759 376 1662 2760 402 1663 2761 404 1664 2762 404 1665 2763 402 1666 2764 422 1667 2765 404 1668 2766 422 1669 2767 426 1670 2768 426 1671 2769 422 1672 2770 440 1673 2771 569 1674 2772 572 1675 2773 571 1676 2774 571 1677 2775 572 1678 2776 568 1679 2777 571 1680 2778 568 1681 2779 567 1682 2780 567 1683 2781 568 1684 2782 558 1685 2783 567 1686 2784 558 1687 2785 557 1688 2786 557 1689 2787 558 1690 2788 548 1691 2789 557 1692 2790 548 1693 2791 547 1694 2792 547 1695 2793 548 1696 2794 530 1697 2795 547 1698 2796 530 1699 2797 529 1700 2798 529 1701 2799 530 1702 2800 505 1703 2801 529 1704 2802 505 1705 2803 504 1706 2804 504 1707 2805 505 1708 2806 477 1709 2807 504 1710 2808 477 1711 2809 476 1712 2810 476 1713 2811 477 1714 2812 455 1715 2813 476 1716 2814 455 1717 2815 454 1718 2816 454 1719 2817 455 1720 2818 429 1721 2819 454 1722 2820 429 1723 2821 428 1724 2822 428 1725 2823 429 1726 2824 411 1727 2825 428 1728 2826 411 1729 2827 410 1730 2828 410 1731 2829 411 1732 2830 381 1733 2831 410 1734 2832 381 1735 2833 380 1736 2834 380 1737 2835 381 1738 2836 353 1739 2837 380 1740 2838 353 1741 2839 352 1742 2840 352 1743 2841 353 1744 2842 336 1745 2843 352 1746 2844 336 1747 2845 335 1748 2846 335 1749 2847 336 1750 2848 321 1751 2849 335 1752 2850 321 1753 2851 320 1754 2852 320 1755 2853 321 1756 2854 312 1757 2855 320 1758 2856 312 1759 2857 311 1760 2858 311 1761 2859 312 1762 2860 305 1763 2861 311 1764 2862 305 1765 2863 304 1766 2864 304 1767 2865 305 1768 2866 307 1769 2867 304 1770 2868 307 1771 2869 306 1772 2870 306 1773 2871 307 1774 2872 314 1775 2873 306 1776 2874 314 1777 2875 313 1778 2876 313 1779 2877 314 1780 2878 323 1781 2879 313 1782 2880 323 1783 2881 322 1784 2882 322 1785 2883 323 1786 2884 338 1787 2885 322 1788 2886 338 1789 2887 337 1790 2888 337 1791 2889 338 1792 2890 355 1793 2891 337 1794 2892 355 1795 2893 354 1796 2894 354 1797 2895 355 1798 2896 383 1799 2897 354 1800 2898 383 1801 2899 382 1802 2900 382 1803 2901 383 1804 2902 413 1805 2903 382 1806 2904 413 1807 2905 412 1808 2906 412 1809 2907 413 1810 2908 431 1811 2909 412 1812 2910 431 1813 2911 430 1814 2912 430 1815 2913 431 1816 2914 457 1817 2915 430 1818 2916 457 1819 2917 456 1820 2918 456 1821 2919 457 1822 2920 479 1823 2921 456 1824 2922 479 1825 2923 478 1826 2924 478 1827 2925 479 1828 2926 507 1829 2927 478 1830 2928 507 1831 2929 506 1832 2930 506 1833 2931 507 1834 2932 532 1835 2933 506 1836 2934 532 1837 2935 531 1838 2936 531 1839 2937 532 1840 2938 550 1841 2939 531 1842 2940 550 1843 2941 549 1844 2942 549 1845 2943 550 1846 2944 560 1847 2945 549 1848 2946 560 1849 2947 559 1850 2948 559 1851 2949 560 1852 2950 570 1853 2951 559 1854 2952 570 1855 2953 569 1856 2954 569 1857 2955 570 1858 2956 572 1859 2957 491 244 2958 475 244 2959 439 244 2960 439 1860 2961 475 1860 2962 461 1860 2963 439 1861 2964 461 1861 2965 443 1861 2966 489 244 2967 524 244 2968 491 244 2969 491 244 2970 524 244 2971 523 244 2972 491 1862 2973 523 1862 2974 513 1862 2975 437 1863 2976 474 1863 2977 489 1863 2978 489 244 2979 474 244 2980 496 244 2981 489 244 2982 496 244 2983 512 244 2984 389 244 2985 406 244 2986 437 244 2987 437 244 2988 406 244 2989 424 244 2990 437 244 2991 424 244 2992 442 244 2993 391 244 2994 351 244 2995 389 244 2996 389 244 2997 351 244 2998 350 244 2999 389 1864 3000 350 1864 3001 360 1864 3002 439 1865 3003 407 1865 3004 391 1865 3005 391 244 3006 407 244 3007 393 244 3008 391 244 3009 393 244 3010 375 244 3011 513 244 3012 497 244 3013 491 244 3014 491 1866 3015 497 1866 3016 475 1866 3017 443 244 3018 425 244 3019 439 244 3020 439 244 3021 425 244 3022 407 244 3023 375 244 3024 361 244 3025 391 244 3026 391 1867 3027 361 1867 3028 351 1867 3029 360 244 3030 374 244 3031 389 244 3032 389 1868 3033 374 1868 3034 392 1868 3035 389 244 3036 392 244 3037 406 244 3038 442 1869 3039 460 1869 3040 437 1869 3041 437 1870 3042 460 1870 3043 474 1870 3044 512 1871 3045 522 1871 3046 489 1871 3047 489 1872 3048 522 1872 3049 524 1872 3050 390 244 3051 436 244 3052 438 244 3053 438 244 3054 436 244 3055 488 244 3056 438 1873 3057 488 1873 3058 490 1873 3059 390 1874 3060 388 1874 3061 436 1874 3062 510 1875 3063 517 1876 3064 516 1877 3065 516 1878 3066 517 1879 3067 509 1880 3068 516 1881 3069 509 1882 3070 508 1883 3071 508 1884 3072 509 1885 3073 499 1886 3074 508 1887 3075 499 1888 3076 498 1889 3077 498 1890 3078 499 1891 3079 483 1892 3080 498 1893 3081 483 1894 3082 482 1895 3083 482 1896 3084 483 1897 3085 469 1898 3086 482 1899 3087 469 1900 3088 468 1901 3089 468 1902 3090 469 1903 3091 451 1904 3092 468 1905 3093 451 1906 3094 450 1907 3095 450 1908 3096 451 1909 3097 433 1910 3098 450 1911 3099 433 1912 3100 432 1913 3101 432 1914 3102 433 1915 3103 415 1916 3104 432 1917 3105 415 1918 3106 414 1919 3107 414 1920 3108 415 1921 3109 399 1922 3110 414 1923 3111 399 1924 3112 398 1925 3113 398 1926 3114 399 1927 3115 385 1928 3116 398 1929 3117 385 1930 3118 384 1931 3119 384 1932 3120 385 1933 3121 368 1934 3122 384 1935 3123 368 1936 3124 367 1937 3125 367 1938 3126 368 1939 3127 363 1940 3128 367 1941 3129 363 1942 3130 362 1943 3131 362 1944 3132 363 1945 3133 365 1946 3134 362 1947 3135 365 1948 3136 364 1949 3137 364 1950 3138 365 1951 3139 370 1952 3140 364 1953 3141 370 1954 3142 369 1955 3143 369 1956 3144 370 1957 3145 387 1958 3146 369 1959 3147 387 1960 3148 386 1961 3149 386 1962 3150 387 1963 3151 401 1964 3152 386 1965 3153 401 1966 3154 400 1967 3155 400 1968 3156 401 1969 3157 417 1970 3158 400 1971 3159 417 1972 3160 416 1973 3161 416 1974 3162 417 1975 3163 435 1976 3164 416 1977 3165 435 1978 3166 434 1979 3167 434 1980 3168 435 1981 3169 453 1982 3170 434 1983 3171 453 1984 3172 452 1985 3173 452 1986 3174 453 1987 3175 471 1988 3176 452 1989 3177 471 1990 3178 470 1991 3179 470 1992 3180 471 1993 3181 485 1994 3182 470 1995 3183 485 1996 3184 484 1997 3185 484 1998 3186 485 1999 3187 501 2000 3188 484 2001 3189 501 2002 3190 500 2003 3191 500 2004 3192 501 2005 3193 511 2006 3194 500 2007 3195 511 2008 3196 510 2009 3197 510 2010 3198 511 2011 3199 517 2012 3200 516 267 3201 508 267 3202 510 267 3203 510 267 3204 508 267 3205 500 267 3206 500 2013 3207 508 2013 3208 498 2013 3209 500 267 3210 498 267 3211 484 267 3212 484 267 3213 498 267 3214 482 267 3215 484 267 3216 482 267 3217 470 267 3218 470 2014 3219 482 2014 3220 468 2014 3221 470 2015 3222 468 2015 3223 452 2015 3224 452 2016 3225 468 2016 3226 450 2016 3227 452 267 3228 450 267 3229 434 267 3230 434 267 3231 450 267 3232 416 267 3233 416 2017 3234 450 2017 3235 400 2017 3236 400 267 3237 450 267 3238 386 267 3239 386 2018 3240 450 2018 3241 369 2018 3242 369 2019 3243 450 2019 3244 364 2019 3245 364 267 3246 450 267 3247 362 267 3248 362 267 3249 450 267 3250 367 267 3251 367 2020 3252 450 2020 3253 384 2020 3254 384 267 3255 450 267 3256 398 267 3257 398 2021 3258 450 2021 3259 414 2021 3260 414 2022 3261 450 2022 3262 432 2022 3263 390 2023 3264 438 2023 3265 391 2023 3266 391 2024 3267 438 2024 3268 439 2024 3269 388 2025 3270 390 2025 3271 389 2025 3272 389 2026 3273 390 2026 3274 391 2026 3275 436 2027 3276 388 2027 3277 437 2027 3278 437 2028 3279 388 2028 3280 389 2028 3281 488 2029 3282 436 2029 3283 489 2029 3284 489 2030 3285 436 2030 3286 437 2030 3287 490 2031 3288 488 2031 3289 491 2031 3290 491 2032 3291 488 2032 3292 489 2032 3293 438 2033 3294 490 2033 3295 439 2033 3296 439 2034 3297 490 2034 3298 491 2034 3299 511 267 3300 569 267 3301 517 267 3302 517 2035 3303 569 2035 3304 571 2035 3305 517 2036 3306 571 2036 3307 567 2036 3308 569 267 3309 511 267 3310 559 267 3311 559 2037 3312 511 2037 3313 501 2037 3314 559 267 3315 501 267 3316 549 267 3317 549 2038 3318 501 2038 3319 485 2038 3320 549 267 3321 485 267 3322 531 267 3323 531 267 3324 485 267 3325 506 267 3326 506 2039 3327 485 2039 3328 471 2039 3329 506 267 3330 471 267 3331 478 267 3332 478 2040 3333 471 2040 3334 453 2040 3335 478 2041 3336 453 2041 3337 456 2041 3338 456 267 3339 453 267 3340 435 267 3341 456 267 3342 435 267 3343 430 267 3344 430 2042 3345 435 2042 3346 412 2042 3347 412 2043 3348 435 2043 3349 417 2043 3350 412 2044 3351 417 2044 3352 382 2044 3353 382 267 3354 417 267 3355 401 267 3356 382 267 3357 401 267 3358 354 267 3359 354 267 3360 401 267 3361 387 267 3362 354 2045 3363 387 2045 3364 337 2045 3365 337 267 3366 387 267 3367 322 267 3368 322 267 3369 387 267 3370 370 267 3371 322 267 3372 370 267 3373 313 267 3374 313 2046 3375 370 2046 3376 365 2046 3377 313 267 3378 365 267 3379 306 267 3380 306 267 3381 365 267 3382 304 267 3383 304 2047 3384 365 2047 3385 363 2047 3386 304 267 3387 363 267 3388 311 267 3389 311 2048 3390 363 2048 3391 368 2048 3392 311 267 3393 368 267 3394 320 267 3395 320 2049 3396 368 2049 3397 385 2049 3398 320 2050 3399 385 2050 3400 335 2050 3401 335 267 3402 385 267 3403 352 267 3404 352 2051 3405 385 2051 3406 399 2051 3407 352 267 3408 399 267 3409 380 267 3410 380 2052 3411 399 2052 3412 415 2052 3413 380 267 3414 415 267 3415 410 267 3416 410 2053 3417 415 2053 3418 433 2053 3419 410 267 3420 433 267 3421 428 267 3422 428 267 3423 433 267 3424 454 267 3425 454 267 3426 433 267 3427 451 267 3428 454 2054 3429 451 2054 3430 476 2054 3431 476 2055 3432 451 2055 3433 469 2055 3434 476 2056 3435 469 2056 3436 504 2056 3437 504 267 3438 469 267 3439 483 267 3440 504 2057 3441 483 2057 3442 529 2057 3443 529 2058 3444 483 2058 3445 547 2058 3446 547 2059 3447 483 2059 3448 499 2059 3449 547 267 3450 499 267 3451 557 267 3452 557 267 3453 499 267 3454 509 267 3455 557 267 3456 509 267 3457 567 267 3458 567 267 3459 509 267 3460 517 267 3461 839 2060 3462 835 2061 3463 841 2062 3464 841 2063 3465 835 2064 3466 834 2065 3467 841 2066 3468 834 2067 3469 837 2068 3470 837 2069 3471 834 2070 3472 832 2071 3473 837 2072 3474 832 2073 3475 827 2074 3476 827 2075 3477 832 2076 3478 822 2077 3479 827 2078 3480 822 2079 3481 817 2080 3482 817 2081 3483 822 2082 3484 810 2083 3485 817 2084 3486 810 2085 3487 799 2086 3488 799 2087 3489 810 2088 3490 789 2089 3491 799 2090 3492 789 2091 3493 774 2092 3494 774 2093 3495 789 2094 3496 761 2095 3497 774 2096 3498 761 2097 3499 746 2098 3500 746 2099 3501 761 2100 3502 735 2101 3503 746 2102 3504 735 2103 3505 724 2104 3506 724 2105 3507 735 2106 3508 717 2107 3509 724 2108 3510 717 2109 3511 698 2110 3512 698 2111 3513 717 2112 3514 687 2113 3515 698 2114 3516 687 2115 3517 680 2116 3518 680 2117 3519 687 2118 3520 665 2119 3521 680 2120 3522 665 2121 3523 650 2122 3524 650 2123 3525 665 2124 3526 635 2125 3527 650 2126 3528 635 2127 3529 622 2128 3530 622 2129 3531 635 2130 3532 615 2131 3533 622 2132 3534 615 2133 3535 605 2134 3536 605 2135 3537 615 2136 3538 598 2137 3539 605 2138 3540 598 2139 3541 590 2140 3542 590 2141 3543 598 2142 3544 587 2143 3545 590 2144 3546 587 2145 3547 581 2146 3548 581 2147 3549 587 2148 3550 578 2149 3551 581 2150 3552 578 2151 3553 574 2152 3554 574 2153 3555 578 2154 3556 577 2155 3557 574 2156 3558 577 2157 3559 576 2158 3560 576 2159 3561 577 2160 3562 579 2161 3563 576 2162 3564 579 2163 3565 583 2164 3566 583 2165 3567 579 2166 3568 588 2167 3569 583 2168 3570 588 2169 3571 592 2170 3572 592 2171 3573 588 2172 3574 599 2173 3575 592 2174 3576 599 2175 3577 607 2176 3578 607 2177 3579 599 2178 3580 616 2179 3581 607 2180 3582 616 2181 3583 624 2182 3584 624 2183 3585 616 2184 3586 640 2185 3587 624 2186 3588 640 2187 3589 652 2188 3590 652 2189 3591 640 2190 3592 666 2191 3593 652 2192 3594 666 2193 3595 682 2194 3596 682 2195 3597 666 2196 3598 688 2197 3599 682 2198 3600 688 2199 3601 700 2200 3602 700 2201 3603 688 2202 3604 718 2203 3605 700 2204 3606 718 2205 3607 726 2206 3608 726 2207 3609 718 2208 3610 736 2209 3611 726 2210 3612 736 2211 3613 748 2212 3614 748 2213 3615 736 2214 3616 762 2215 3617 748 2216 3618 762 2217 3619 776 2218 3620 776 2219 3621 762 2220 3622 790 2221 3623 776 2222 3624 790 2223 3625 801 2224 3626 801 2225 3627 790 2226 3628 811 2227 3629 801 2228 3630 811 2229 3631 819 2230 3632 819 2231 3633 811 2232 3634 823 2233 3635 819 2234 3636 823 2235 3637 829 2236 3638 829 2237 3639 823 2238 3640 833 2239 3641 829 2240 3642 833 2241 3643 839 2242 3644 839 2243 3645 833 2244 3646 835 2245 3647 791 2246 3648 806 2247 3649 793 2248 3650 793 2249 3651 806 2250 3652 807 2251 3653 793 2252 3654 807 2253 3655 792 2254 3656 792 2255 3657 807 2256 3658 805 2257 3659 792 2258 3660 805 2259 3661 782 2260 3662 782 2261 3663 805 2262 3664 797 2263 3665 782 2264 3666 797 2265 3667 784 2266 3668 784 2267 3669 797 2268 3670 809 2269 3671 784 2270 3672 809 2271 3673 795 2272 3674 795 2273 3675 809 2274 3676 815 2275 3677 795 2276 3678 815 2277 3679 803 2278 3680 803 2279 3681 815 2280 3682 823 2281 3683 803 2282 3684 823 2283 3685 811 2284 3686 806 2285 3687 791 2286 3688 804 2287 3689 804 2288 3690 791 2289 3691 781 2290 3692 804 2291 3693 781 2292 3694 796 2293 3695 796 2294 3696 781 2295 3697 783 2296 3698 796 2297 3699 783 2298 3700 794 2299 3701 794 2300 3702 783 2301 3703 771 2302 3704 794 2303 3705 771 2304 3706 787 2305 3707 787 2306 3708 771 2307 3709 755 2308 3710 787 2309 3711 755 2310 3712 761 2311 3713 761 2312 3714 755 2313 3715 735 2314 3716 781 2315 3717 765 2316 3718 783 2317 3719 783 2318 3720 765 2319 3721 763 2320 3722 783 2321 3723 763 2322 3724 771 2323 3725 771 2324 3726 763 2325 3727 749 2326 3728 771 2327 3729 749 2328 3730 755 2329 3731 755 2330 3732 749 2331 3733 733 2332 3734 755 2333 3735 733 2334 3736 735 2335 3737 735 2336 3738 733 2337 3739 717 2338 3740 765 2339 3741 743 2340 3742 763 2341 3743 763 2342 3744 743 2343 3745 741 2344 3746 763 2345 3747 741 2346 3748 749 2347 3749 749 2348 3750 741 2349 3751 731 2350 3752 749 2351 3753 731 2352 3754 733 2353 3755 733 2354 3756 731 2355 3757 715 2356 3758 733 2357 3759 715 2358 3760 717 2359 3761 717 2360 3762 715 2361 3763 687 2362 3764 743 2363 3765 729 2364 3766 741 2365 3767 741 2366 3768 729 2367 3769 727 2368 3770 741 2369 3771 727 2370 3772 731 2371 3773 731 2372 3774 727 2373 3775 713 2374 3776 731 2375 3777 713 2376 3778 715 2377 3779 715 2378 3780 713 2379 3781 689 2380 3782 715 2381 3783 689 2382 3784 687 2383 3785 687 2384 3786 689 2385 3787 665 2386 3788 729 2387 3789 711 2388 3790 727 2389 3791 727 2390 3792 711 2391 3793 709 2392 3794 727 2393 3795 709 2394 3796 713 2395 3797 713 2396 3798 709 2397 3799 691 2398 3800 713 2399 3801 691 2400 3802 689 2401 3803 689 2402 3804 691 2403 3805 671 2404 3806 689 2405 3807 671 2406 3808 665 2407 3809 665 2408 3810 671 2409 3811 635 2410 3812 709 2411 3813 711 2412 3814 695 2413 3815 695 2414 3816 711 2415 3817 693 2416 3818 695 2417 3819 693 2418 3820 677 2419 3821 677 2420 3822 693 2421 3823 675 2422 3824 677 2423 3825 675 2424 3826 663 2425 3827 663 2426 3828 675 2427 3829 661 2428 3830 663 2429 3831 661 2430 3832 641 2431 3833 641 2432 3834 661 2433 3835 643 2434 3836 641 2435 3837 643 2436 3838 625 2437 3839 625 2438 3840 643 2439 3841 613 2440 3842 625 2441 3843 613 2442 3844 600 2443 3845 600 2444 3846 613 2445 3847 596 2446 3848 600 2447 3849 596 2448 3850 585 2449 3851 585 2450 3852 596 2451 3853 584 2452 3854 585 2453 3855 584 2454 3856 577 2455 3857 577 2456 3858 584 2457 3859 579 2458 3860 643 2459 3861 629 2460 3862 613 2461 3863 613 2462 3864 629 2463 3865 609 2464 3866 613 2465 3867 609 2466 3868 596 2467 3869 596 2468 3870 609 2469 3871 595 2470 3872 596 2471 3873 595 2472 3874 584 2473 3875 584 2474 3876 595 2475 3877 586 2476 3878 584 2477 3879 586 2478 3880 579 2479 3881 579 2480 3882 586 2481 3883 588 2482 3884 629 2483 3885 619 2484 3886 609 2485 3887 609 2486 3888 619 2487 3889 608 2488 3890 609 2489 3891 608 2490 3892 595 2491 3893 595 2492 3894 608 2493 3895 597 2494 3896 595 2495 3897 597 2496 3898 586 2497 3899 586 2498 3900 597 2499 3901 594 2500 3902 586 2501 3903 594 2502 3904 588 2503 3905 588 2504 3906 594 2505 3907 599 2506 3908 619 2507 3909 620 2508 3910 608 2509 3911 608 2510 3912 620 2511 3913 610 2512 3914 608 2513 3915 610 2514 3916 597 2515 3917 597 2516 3918 610 2517 3919 601 2518 3920 597 2519 3921 601 2520 3922 594 2521 3923 594 2522 3924 601 2523 3925 603 2524 3926 594 2525 3927 603 2526 3928 599 2527 3929 599 2528 3930 603 2529 3931 616 2530 3932 620 2531 3933 630 2532 3934 610 2533 3935 610 2534 3936 630 2535 3937 614 2536 3938 610 2537 3939 614 2538 3940 601 2539 3941 601 2540 3942 614 2541 3943 612 2542 3944 601 2543 3945 612 2544 3946 603 2545 3947 603 2546 3948 612 2547 3949 618 2548 3950 603 2549 3951 618 2550 3952 616 2551 3953 616 2552 3954 618 2553 3955 640 2554 3956 630 2555 3957 644 2556 3958 614 2557 3959 614 2558 3960 644 2559 3961 626 2560 3962 614 2561 3963 626 2562 3964 612 2563 3965 612 2564 3966 626 2565 3967 628 2566 3968 612 2567 3969 628 2568 3970 618 2569 3971 618 2570 3972 628 2571 3973 646 2572 3974 618 2573 3975 646 2574 3976 640 2575 3977 640 2576 3978 646 2577 3979 666 2578 3980 626 2579 3981 644 2580 3982 642 2581 3983 642 2582 3984 644 2583 3985 662 2584 3986 642 2585 3987 662 2586 3988 664 2587 3989 664 2588 3990 662 2589 3991 676 2590 3992 664 2591 3993 676 2592 3994 678 2593 3995 678 2594 3996 676 2595 3997 694 2596 3998 678 2597 3999 694 2598 4000 696 2599 4001 696 2600 4002 694 2601 4003 712 2602 4004 696 2603 4005 712 2604 4006 710 2605 4007 710 2606 4008 712 2607 4009 728 2608 4010 710 2609 4011 728 2610 4012 732 2611 4013 732 2612 4014 728 2613 4015 750 2614 4016 732 2615 4017 750 2616 4018 756 2617 4019 756 2618 4020 750 2619 4021 788 2620 4022 756 2621 4023 788 2622 4024 790 2623 4025 790 2624 4026 788 2625 4027 811 2626 4028 712 2627 4029 730 2628 4030 728 2629 4031 728 2630 4032 730 2631 4033 742 2632 4034 728 2633 4035 742 2634 4036 750 2635 4037 750 2636 4038 742 2637 4039 772 2638 4040 750 2639 4041 772 2640 4042 788 2641 4043 788 2642 4044 772 2643 4045 803 2644 4046 788 2645 4047 803 2646 4048 811 2647 4049 730 2648 4050 744 2649 4051 742 2650 4052 742 2651 4053 744 2652 4054 764 2653 4055 742 2654 4056 764 2655 4057 772 2656 4058 772 2657 4059 764 2658 4060 795 2659 4061 772 2660 4062 795 2661 4063 803 2662 4064 744 2663 4065 766 2664 4066 764 2665 4067 764 2666 4068 766 2667 4069 784 2668 4070 764 2669 4071 784 2670 4072 795 2671 4073 766 2672 4074 782 2673 4075 784 2674 4076 835 2675 4077 831 2676 4078 834 2677 4079 834 2678 4080 831 2679 4081 830 2680 4082 834 2681 4083 830 2682 4084 832 2683 4085 832 2684 4086 830 2685 4087 824 2686 4088 832 2687 4089 824 2688 4090 822 2689 4091 822 2690 4092 824 2691 4093 814 2692 4094 822 2693 4095 814 2694 4096 810 2695 4097 810 2696 4098 814 2697 4099 802 2698 4100 810 2699 4101 802 2700 4102 789 2701 4103 789 2702 4104 802 2703 4105 787 2704 4106 789 2705 4107 787 2706 4108 761 2707 4109 831 2708 4110 821 2709 4111 830 2710 4112 830 2711 4113 821 2712 4114 820 2713 4115 830 2714 4116 820 2715 4117 824 2716 4118 824 2717 4119 820 2718 4120 812 2719 4121 824 2720 4122 812 2721 4123 814 2722 4124 814 2723 4125 812 2724 4126 808 2725 4127 814 2726 4128 808 2727 4129 802 2728 4130 802 2729 4131 808 2730 4132 794 2731 4133 802 2732 4134 794 2733 4135 787 2734 4136 831 2735 4137 835 2736 4138 825 2737 4139 825 2738 4140 835 2739 4141 833 2740 4142 825 2741 4143 833 2742 4144 815 2743 4145 815 2744 4146 833 2745 4147 823 2746 4148 821 2747 4149 807 2748 4150 820 2749 4151 820 2750 4152 807 2751 4153 806 2752 4154 820 2753 4155 806 2754 4156 812 2755 4157 812 2756 4158 806 2757 4159 804 2758 4160 812 2759 4161 804 2760 4162 808 2761 4163 808 2762 4164 804 2763 4165 796 2764 4166 808 2765 4167 796 2766 4168 794 2767 4169 821 2768 4170 831 2769 4171 813 2770 4172 813 2771 4173 831 2772 4174 825 2773 4175 813 2774 4176 825 2775 4177 809 2776 4178 809 2777 4179 825 2778 4180 815 2779 4181 807 2780 4182 821 2781 4183 805 2782 4184 805 2783 4185 821 2784 4186 813 2785 4187 805 2786 4188 813 2787 4189 797 2788 4190 797 2789 4191 813 2790 4192 809 2791 4193 790 2792 4194 762 2793 4195 756 2794 4196 756 2795 4197 762 2796 4198 734 2797 4199 756 2798 4200 734 2799 4201 732 2800 4202 732 2801 4203 734 2802 4204 714 2803 4205 732 2804 4206 714 2805 4207 710 2806 4208 710 2807 4209 714 2808 4210 696 2809 4211 762 2810 4212 736 2811 4213 734 2812 4214 734 2813 4215 736 2814 4216 716 2815 4217 734 2816 4218 716 2817 4219 714 2818 4220 714 2819 4221 716 2820 4222 692 2821 4223 714 2822 4224 692 2823 4225 696 2824 4226 696 2825 4227 692 2826 4228 678 2827 4229 736 2828 4230 718 2829 4231 716 2830 4232 716 2831 4233 718 2832 4234 690 2833 4235 716 2834 4236 690 2835 4237 692 2836 4238 692 2837 4239 690 2838 4240 674 2839 4241 692 2840 4242 674 2841 4243 678 2842 4244 678 2843 4245 674 2844 4246 664 2845 4247 718 2846 4248 688 2847 4249 690 2848 4250 690 2849 4251 688 2850 4252 672 2851 4253 690 2852 4254 672 2853 4255 674 2854 4256 674 2855 4257 672 2856 4258 648 2857 4259 674 2858 4260 648 2859 4261 664 2860 4262 664 2861 4263 648 2862 4264 642 2863 4265 688 2864 4266 666 2865 4267 672 2866 4268 672 2867 4269 666 2868 4270 646 2869 4271 672 2870 4272 646 2871 4273 648 2872 4274 648 2873 4275 646 2874 4276 628 2875 4277 648 2876 4278 628 2877 4279 642 2878 4280 642 2879 4281 628 2880 4282 626 2881 4283 577 2882 4284 578 2883 4285 585 2884 4286 585 2885 4287 578 2886 4288 593 2887 4289 585 2888 4290 593 2889 4291 600 2890 4292 600 2891 4293 593 2892 4294 611 2893 4295 600 2894 4296 611 2895 4297 625 2896 4298 625 2897 4299 611 2898 4300 641 2899 4301 578 2900 4302 587 2901 4303 593 2902 4304 593 2903 4305 587 2904 4306 602 2905 4307 593 2906 4308 602 2907 4309 611 2908 4310 611 2909 4311 602 2910 4312 627 2911 4313 611 2912 4314 627 2913 4315 641 2914 4316 641 2915 4317 627 2916 4318 663 2917 4319 587 2918 4320 598 2919 4321 602 2920 4322 602 2921 4323 598 2922 4324 617 2923 4325 602 2924 4326 617 2925 4327 627 2926 4328 627 2927 4329 617 2928 4330 647 2929 4331 627 2930 4332 647 2931 4333 663 2932 4334 663 2933 4335 647 2934 4336 677 2935 4337 598 2936 4338 615 2937 4339 617 2938 4340 617 2939 4341 615 2940 4342 645 2941 4343 617 2942 4344 645 2943 4345 647 2944 4346 647 2945 4347 645 2946 4348 673 2947 4349 647 2948 4350 673 2949 4351 677 2950 4352 677 2951 4353 673 2952 4354 695 2953 4355 615 2954 4356 635 2955 4357 645 2956 4358 645 2957 4359 635 2958 4360 671 2959 4361 645 2960 4362 671 2961 4363 673 2962 4364 673 2963 4365 671 2964 4366 691 2965 4367 673 2966 4368 691 2967 4369 695 2968 4370 695 2969 4371 691 2970 4372 709 2971 4373 838 2972 4374 841 2973 4375 840 2974 4376 840 2975 4377 841 2976 4378 837 2977 4379 840 2978 4380 837 2979 4381 836 2980 4382 836 2981 4383 837 2982 4384 827 2983 4385 836 2984 4386 827 2985 4387 826 2986 4388 826 2987 4389 827 2988 4390 817 2989 4391 826 2990 4392 817 2991 4393 816 2992 4394 816 2993 4395 817 2994 4396 799 2995 4397 816 2996 4398 799 2997 4399 798 2998 4400 798 2999 4401 799 3000 4402 774 3001 4403 798 3002 4404 774 3003 4405 773 3004 4406 773 3005 4407 774 3006 4408 746 3007 4409 773 3008 4410 746 3009 4411 745 3010 4412 745 3011 4413 746 3012 4414 724 3013 4415 745 3014 4416 724 3015 4417 723 3016 4418 723 3017 4419 724 3018 4420 698 3019 4421 723 3020 4422 698 3021 4423 697 3022 4424 697 3023 4425 698 3024 4426 680 3025 4427 697 3026 4428 680 3027 4429 679 3028 4430 679 3029 4431 680 3030 4432 650 3031 4433 679 3032 4434 650 3033 4435 649 3034 4436 649 3035 4437 650 3036 4438 622 3037 4439 649 3038 4440 622 3039 4441 621 3040 4442 621 3041 4443 622 3042 4444 605 3043 4445 621 3044 4446 605 3045 4447 604 3046 4448 604 3047 4449 605 3048 4450 590 3049 4451 604 3050 4452 590 3051 4453 589 3052 4454 589 3053 4455 590 3054 4456 581 3055 4457 589 3056 4458 581 3057 4459 580 3058 4460 580 3059 4461 581 3060 4462 574 3061 4463 580 3062 4464 574 3063 4465 573 3064 4466 573 3065 4467 574 3066 4468 576 3067 4469 573 3068 4470 576 3069 4471 575 3070 4472 575 3071 4473 576 3072 4474 583 3073 4475 575 3074 4476 583 3075 4477 582 3076 4478 582 3077 4479 583 3078 4480 592 3079 4481 582 3080 4482 592 3081 4483 591 3082 4484 591 3083 4485 592 3084 4486 607 3085 4487 591 3086 4488 607 3087 4489 606 3088 4490 606 3089 4491 607 3090 4492 624 3091 4493 606 3092 4494 624 3093 4495 623 3094 4496 623 3095 4497 624 3096 4498 652 3097 4499 623 3098 4500 652 3099 4501 651 3100 4502 651 3101 4503 652 3102 4504 682 3103 4505 651 3104 4506 682 3105 4507 681 3106 4508 681 3107 4509 682 3108 4510 700 3109 4511 681 3110 4512 700 3111 4513 699 3112 4514 699 3113 4515 700 3114 4516 726 3115 4517 699 3116 4518 726 3117 4519 725 3118 4520 725 3119 4521 726 3120 4522 748 3121 4523 725 3122 4524 748 3123 4525 747 3124 4526 747 3125 4527 748 3126 4528 776 3127 4529 747 3128 4530 776 3129 4531 775 3130 4532 775 3131 4533 776 3132 4534 801 3133 4535 775 3134 4536 801 3135 4537 800 3136 4538 800 3137 4539 801 3138 4540 819 3139 4541 800 3140 4542 819 3141 4543 818 3142 4544 818 3143 4545 819 3144 4546 829 3145 4547 818 3146 4548 829 3147 4549 828 3148 4550 828 3149 4551 829 3150 4552 839 3151 4553 828 3152 4554 839 3153 4555 838 3154 4556 838 3155 4557 839 3156 4558 841 3157 4559 760 3158 4560 744 3158 4561 708 3158 4562 708 267 4563 744 267 4564 730 267 4565 708 267 4566 730 267 4567 712 267 4568 758 267 4569 793 267 4570 760 267 4571 760 267 4572 793 267 4573 792 267 4574 760 267 4575 792 267 4576 782 267 4577 706 3159 4578 743 3159 4579 758 3159 4580 758 3160 4581 743 3160 4582 765 3160 4583 758 3161 4584 765 3161 4585 781 3161 4586 658 3162 4587 675 3162 4588 706 3162 4589 706 3163 4590 675 3163 4591 693 3163 4592 706 267 4593 693 267 4594 711 267 4595 660 267 4596 620 267 4597 658 267 4598 658 3164 4599 620 3164 4600 619 3164 4601 658 3165 4602 619 3165 4603 629 3165 4604 708 3166 4605 676 3166 4606 660 3166 4607 660 3167 4608 676 3167 4609 662 3167 4610 660 3168 4611 662 3168 4612 644 3168 4613 782 3169 4614 766 3169 4615 760 3169 4616 760 267 4617 766 267 4618 744 267 4619 712 267 4620 694 267 4621 708 267 4622 708 267 4623 694 267 4624 676 267 4625 644 267 4626 630 267 4627 660 267 4628 660 267 4629 630 267 4630 620 267 4631 629 3170 4632 643 3170 4633 658 3170 4634 658 267 4635 643 267 4636 661 267 4637 658 3171 4638 661 3171 4639 675 3171 4640 711 3172 4641 729 3172 4642 706 3172 4643 706 3173 4644 729 3173 4645 743 3173 4646 781 267 4647 791 267 4648 758 267 4649 758 267 4650 791 267 4651 793 267 4652 659 3174 4653 705 3174 4654 707 3174 4655 707 3175 4656 705 3175 4657 757 3175 4658 707 3176 4659 757 3176 4660 759 3176 4661 659 3177 4662 657 3177 4663 705 3177 4664 779 3178 4665 786 3179 4666 785 3180 4667 785 3181 4668 786 3182 4669 778 3183 4670 785 3184 4671 778 3185 4672 777 3186 4673 777 3187 4674 778 3188 4675 768 3189 4676 777 3190 4677 768 3191 4678 767 3192 4679 767 3193 4680 768 3194 4681 752 3195 4682 767 3196 4683 752 3197 4684 751 3198 4685 751 3199 4686 752 3200 4687 738 3201 4688 751 3202 4689 738 3203 4690 737 3204 4691 737 3205 4692 738 3206 4693 720 3207 4694 737 3208 4695 720 3209 4696 719 3210 4697 719 3211 4698 720 3212 4699 702 3213 4700 719 3214 4701 702 3215 4702 701 3216 4703 701 3217 4704 702 3218 4705 684 3219 4706 701 3220 4707 684 3221 4708 683 3222 4709 683 3223 4710 684 3224 4711 668 3225 4712 683 3226 4713 668 3227 4714 667 3228 4715 667 3229 4716 668 3230 4717 654 3231 4718 667 3232 4719 654 3233 4720 653 3234 4721 653 3235 4722 654 3236 4723 637 3237 4724 653 3238 4725 637 3239 4726 636 3240 4727 636 3241 4728 637 3242 4729 632 3243 4730 636 3244 4731 632 3245 4732 631 3246 4733 631 3247 4734 632 3248 4735 634 3249 4736 631 3250 4737 634 3251 4738 633 3252 4739 633 3253 4740 634 3254 4741 639 3255 4742 633 3256 4743 639 3257 4744 638 3258 4745 638 3259 4746 639 3260 4747 656 3261 4748 638 3262 4749 656 3263 4750 655 3264 4751 655 3265 4752 656 3266 4753 670 3267 4754 655 3268 4755 670 3269 4756 669 3270 4757 669 3271 4758 670 3272 4759 686 3273 4760 669 3274 4761 686 3275 4762 685 3276 4763 685 3277 4764 686 3278 4765 704 3279 4766 685 3280 4767 704 3281 4768 703 3282 4769 703 3283 4770 704 3284 4771 722 3285 4772 703 3286 4773 722 3287 4774 721 3288 4775 721 3289 4776 722 3290 4777 740 3291 4778 721 3292 4779 740 3293 4780 739 3294 4781 739 3295 4782 740 3296 4783 754 3297 4784 739 3298 4785 754 3299 4786 753 3300 4787 753 3301 4788 754 3302 4789 770 3303 4790 753 3304 4791 770 3305 4792 769 3306 4793 769 3307 4794 770 3308 4795 780 3309 4796 769 3310 4797 780 3311 4798 779 3312 4799 779 3313 4800 780 3314 4801 786 3315 4802 785 3316 4803 777 3316 4804 779 3316 4805 779 244 4806 777 244 4807 769 244 4808 769 3317 4809 777 3317 4810 767 3317 4811 769 244 4812 767 244 4813 753 244 4814 753 3318 4815 767 3318 4816 751 3318 4817 753 3319 4818 751 3319 4819 739 3319 4820 739 3320 4821 751 3320 4822 737 3320 4823 739 244 4824 737 244 4825 721 244 4826 721 3321 4827 737 3321 4828 719 3321 4829 721 244 4830 719 244 4831 703 244 4832 703 3322 4833 719 3322 4834 685 3322 4835 685 3323 4836 719 3323 4837 669 3323 4838 669 244 4839 719 244 4840 655 244 4841 655 244 4842 719 244 4843 638 244 4844 638 3324 4845 719 3324 4846 633 3324 4847 633 244 4848 719 244 4849 631 244 4850 631 3325 4851 719 3325 4852 636 3325 4853 636 244 4854 719 244 4855 653 244 4856 653 244 4857 719 244 4858 667 244 4859 667 244 4860 719 244 4861 683 244 4862 683 3326 4863 719 3326 4864 701 3326 4865 659 3327 4866 707 3327 4867 660 3327 4868 660 3328 4869 707 3328 4870 708 3328 4871 657 3329 4872 659 3329 4873 658 3329 4874 658 3329 4875 659 3329 4876 660 3329 4877 705 3330 4878 657 3330 4879 706 3330 4880 706 3331 4881 657 3331 4882 658 3331 4883 757 3332 4884 705 3332 4885 758 3332 4886 758 3333 4887 705 3333 4888 706 3333 4889 759 3334 4890 757 3334 4891 760 3334 4892 760 3334 4893 757 3334 4894 758 3334 4895 707 3335 4896 759 3335 4897 708 3335 4898 708 3336 4899 759 3336 4900 760 3336 4901 780 244 4902 838 244 4903 786 244 4904 786 244 4905 838 244 4906 840 244 4907 786 3337 4908 840 3337 4909 836 3337 4910 838 3338 4911 780 3338 4912 828 3338 4913 828 3339 4914 780 3339 4915 770 3339 4916 828 244 4917 770 244 4918 818 244 4919 818 244 4920 770 244 4921 754 244 4922 818 244 4923 754 244 4924 800 244 4925 800 244 4926 754 244 4927 775 244 4928 775 244 4929 754 244 4930 740 244 4931 775 3340 4932 740 3340 4933 747 3340 4934 747 244 4935 740 244 4936 722 244 4937 747 3341 4938 722 3341 4939 725 3341 4940 725 3342 4941 722 3342 4942 704 3342 4943 725 244 4944 704 244 4945 699 244 4946 699 3343 4947 704 3343 4948 681 3343 4949 681 3344 4950 704 3344 4951 686 3344 4952 681 244 4953 686 244 4954 651 244 4955 651 3345 4956 686 3345 4957 670 3345 4958 651 244 4959 670 244 4960 623 244 4961 623 3346 4962 670 3346 4963 656 3346 4964 623 244 4965 656 244 4966 606 244 4967 606 244 4968 656 244 4969 591 244 4970 591 3347 4971 656 3347 4972 639 3347 4973 591 3348 4974 639 3348 4975 582 3348 4976 582 3349 4977 639 3349 4978 634 3349 4979 582 244 4980 634 244 4981 575 244 4982 575 3350 4983 634 3350 4984 573 3350 4985 573 3351 4986 634 3351 4987 632 3351 4988 573 3352 4989 632 3352 4990 580 3352 4991 580 244 4992 632 244 4993 637 244 4994 580 244 4995 637 244 4996 589 244 4997 589 3353 4998 637 3353 4999 654 3353 5000 589 3354 5001 654 3354 5002 604 3354 5003 604 3355 5004 654 3355 5005 621 3355 5006 621 244 5007 654 244 5008 668 244 5009 621 3356 5010 668 3356 5011 649 3356 5012 649 3357 5013 668 3357 5014 684 3357 5015 649 3358 5016 684 3358 5017 679 3358 5018 679 3359 5019 684 3359 5020 702 3359 5021 679 244 5022 702 244 5023 697 244 5024 697 244 5025 702 244 5026 723 244 5027 723 3360 5028 702 3360 5029 720 3360 5030 723 244 5031 720 244 5032 745 244 5033 745 3361 5034 720 3361 5035 738 3361 5036 745 244 5037 738 244 5038 773 244 5039 773 3362 5040 738 3362 5041 752 3362 5042 773 244 5043 752 244 5044 798 244 5045 798 3363 5046 752 3363 5047 816 3363 5048 816 3364 5049 752 3364 5050 768 3364 5051 816 244 5052 768 244 5053 826 244 5054 826 3365 5055 768 3365 5056 778 3365 5057 826 244 5058 778 244 5059 836 244 5060 836 3366 5061 778 3366 5062 786 3366 5063 929 3367 5064 928 3368 5065 931 3369 5066 931 3370 5067 928 3371 5068 930 3372 5069 931 3373 5070 930 3374 5071 927 3375 5072 927 3376 5073 930 3377 5074 926 3378 5075 927 3379 5076 926 3380 5077 923 3381 5078 923 3382 5079 926 3383 5080 922 3384 5081 923 3385 5082 922 3386 5083 919 3387 5084 919 3388 5085 922 3389 5086 918 3390 5087 919 3391 5088 918 3392 5089 915 3393 5090 915 3394 5091 918 3395 5092 914 3396 5093 915 3397 5094 914 3398 5095 911 3399 5096 911 3400 5097 914 3401 5098 910 3402 5099 911 3403 5100 910 3404 5101 907 3405 5102 907 3406 5103 910 3407 5104 906 3408 5105 907 3409 5106 906 3410 5107 903 3411 5108 903 3412 5109 906 3413 5110 902 3414 5111 903 3415 5112 902 3416 5113 899 3417 5114 899 3418 5115 902 3419 5116 898 3420 5117 899 3421 5118 898 3422 5119 895 3423 5120 895 3424 5121 898 3425 5122 894 3426 5123 895 3427 5124 894 3428 5125 891 3429 5126 891 3430 5127 894 3431 5128 890 3432 5129 891 3433 5130 890 3434 5131 887 3435 5132 887 3436 5133 890 3437 5134 886 3438 5135 887 3439 5136 886 3440 5137 883 3441 5138 883 3442 5139 886 3443 5140 882 3444 5141 883 3445 5142 882 3446 5143 879 3447 5144 879 3448 5145 882 3449 5146 878 3450 5147 879 3451 5148 878 3452 5149 875 3453 5150 875 3454 5151 878 3455 5152 874 3456 5153 875 3457 5154 874 3458 5155 871 3459 5156 871 3460 5157 874 3461 5158 870 3462 5159 871 3463 5160 870 3464 5161 867 3465 5162 867 3466 5163 870 3467 5164 866 3468 5165 867 3469 5166 866 3470 5167 863 3471 5168 863 3472 5169 866 3473 5170 862 3474 5171 863 3475 5172 862 3476 5173 859 3477 5174 859 3478 5175 862 3479 5176 858 3480 5177 859 3481 5178 858 3482 5179 855 3483 5180 855 3484 5181 858 3485 5182 854 3486 5183 855 3487 5184 854 3488 5185 851 3489 5186 851 3490 5187 854 3491 5188 850 3492 5189 851 3493 5190 850 3494 5191 849 3495 5192 849 3496 5193 850 3497 5194 848 3498 5195 849 3499 5196 848 3500 5197 853 3501 5198 853 3502 5199 848 3503 5200 852 3504 5201 853 3505 5202 852 3506 5203 857 3507 5204 857 3508 5205 852 3509 5206 856 3510 5207 857 3511 5208 856 3512 5209 861 3513 5210 861 3514 5211 856 3515 5212 860 3516 5213 861 3517 5214 860 3518 5215 865 3519 5216 865 3520 5217 860 3521 5218 864 3522 5219 865 3523 5220 864 3524 5221 869 3525 5222 869 3526 5223 864 3527 5224 868 3528 5225 869 3529 5226 868 3530 5227 873 3531 5228 873 3532 5229 868 3533 5230 872 3534 5231 873 3535 5232 872 3536 5233 877 3537 5234 877 3538 5235 872 3539 5236 876 3540 5237 877 3541 5238 876 3542 5239 881 3543 5240 881 3544 5241 876 3545 5242 880 3546 5243 881 3547 5244 880 3548 5245 885 3549 5246 885 3550 5247 880 3551 5248 884 3552 5249 885 3553 5250 884 3554 5251 889 3555 5252 889 3556 5253 884 3557 5254 888 3558 5255 889 3559 5256 888 3560 5257 893 3561 5258 893 3562 5259 888 3563 5260 892 3564 5261 893 3565 5262 892 3566 5263 897 3567 5264 897 3568 5265 892 3569 5266 896 3570 5267 897 3571 5268 896 3572 5269 901 3573 5270 901 3574 5271 896 3575 5272 900 3576 5273 901 3577 5274 900 3578 5275 905 3579 5276 905 3580 5277 900 3581 5278 904 3582 5279 905 3583 5280 904 3584 5281 909 3585 5282 909 3586 5283 904 3587 5284 908 3588 5285 909 3589 5286 908 3590 5287 913 3591 5288 913 3592 5289 908 3593 5290 912 3594 5291 913 3595 5292 912 3596 5293 917 3597 5294 917 3598 5295 912 3599 5296 916 3600 5297 917 3601 5298 916 3602 5299 921 3603 5300 921 3604 5301 916 3605 5302 920 3606 5303 921 3607 5304 920 3608 5305 925 3609 5306 925 3610 5307 920 3611 5308 924 3612 5309 925 3613 5310 924 3614 5311 929 3615 5312 929 3616 5313 924 3617 5314 928 3618 5315 936 3619 5316 934 3619 5317 937 3619 5318 937 3620 5319 934 3620 5320 935 3620 5321 932 3621 5322 936 3621 5323 933 3621 5324 933 3622 5325 936 3622 5326 937 3622 5327 844 3623 5328 932 3623 5329 845 3623 5330 845 3624 5331 932 3624 5332 933 3624 5333 842 3625 5334 844 3625 5335 843 3625 5336 843 3626 5337 844 3626 5338 845 3626 5339 846 3627 5340 842 3627 5341 847 3627 5342 847 3628 5343 842 3628 5344 843 3628 5345 934 3629 5346 846 3629 5347 935 3629 5348 935 3630 5349 846 3630 5350 847 3630 5351 847 244 5352 893 244 5353 935 244 5354 935 3631 5355 893 3631 5356 897 3631 5357 935 3632 5358 897 3632 5359 901 3632 5360 843 244 5361 865 244 5362 847 244 5363 847 3633 5364 865 3633 5365 869 3633 5366 847 244 5367 869 244 5368 873 244 5369 845 244 5370 863 244 5371 843 244 5372 843 3634 5373 863 3634 5374 859 3634 5375 843 3635 5376 859 3635 5377 855 3635 5378 933 244 5379 887 244 5380 845 244 5381 845 3636 5382 887 3636 5383 883 3636 5384 845 3637 5385 883 3637 5386 879 3637 5387 937 3638 5388 915 3638 5389 933 3638 5390 933 3639 5391 915 3639 5392 911 3639 5393 933 244 5394 911 244 5395 907 244 5396 935 3640 5397 917 3640 5398 937 3640 5399 937 3641 5400 917 3641 5401 921 3641 5402 937 3642 5403 921 3642 5404 925 3642 5405 929 244 5406 931 244 5407 937 244 5408 937 3643 5409 931 3643 5410 927 3643 5411 937 3644 5412 927 3644 5413 923 3644 5414 923 244 5415 919 244 5416 937 244 5417 937 3645 5418 919 3645 5419 915 3645 5420 907 3646 5421 903 3646 5422 933 3646 5423 933 244 5424 903 244 5425 899 244 5426 933 244 5427 899 244 5428 895 244 5429 895 244 5430 891 244 5431 933 244 5432 933 3647 5433 891 3647 5434 887 3647 5435 879 244 5436 875 244 5437 845 244 5438 845 3648 5439 875 3648 5440 871 3648 5441 845 3649 5442 871 3649 5443 867 3649 5444 867 244 5445 863 244 5446 845 244 5447 855 244 5448 851 244 5449 843 244 5450 843 244 5451 851 244 5452 849 244 5453 843 3650 5454 849 3650 5455 853 3650 5456 853 244 5457 857 244 5458 843 244 5459 843 3651 5460 857 3651 5461 861 3651 5462 843 3652 5463 861 3652 5464 865 3652 5465 873 3653 5466 877 3653 5467 847 3653 5468 847 244 5469 877 244 5470 881 244 5471 847 244 5472 881 244 5473 885 244 5474 885 244 5475 889 244 5476 847 244 5477 847 3654 5478 889 3654 5479 893 3654 5480 901 244 5481 905 244 5482 935 244 5483 935 3655 5484 905 3655 5485 909 3655 5486 935 3656 5487 909 3656 5488 913 3656 5489 913 244 5490 917 244 5491 935 244 5492 925 3657 5493 929 3657 5494 937 3657 5495 934 3658 5496 888 3658 5497 846 3658 5498 846 3659 5499 888 3659 5500 884 3659 5501 846 267 5502 884 267 5503 880 267 5504 936 267 5505 916 267 5506 934 267 5507 934 267 5508 916 267 5509 912 267 5510 934 3660 5511 912 3660 5512 908 3660 5513 932 267 5514 914 267 5515 936 267 5516 936 3661 5517 914 3661 5518 918 3661 5519 936 3662 5520 918 3662 5521 922 3662 5522 844 3663 5523 890 3663 5524 932 3663 5525 932 3664 5526 890 3664 5527 894 3664 5528 932 267 5529 894 267 5530 898 267 5531 842 267 5532 862 267 5533 844 267 5534 844 267 5535 862 267 5536 866 267 5537 844 3665 5538 866 3665 5539 870 3665 5540 846 267 5541 864 267 5542 842 267 5543 842 3666 5544 864 3666 5545 860 3666 5546 842 3667 5547 860 3667 5548 856 3667 5549 926 267 5550 930 267 5551 936 267 5552 936 3668 5553 930 3668 5554 928 3668 5555 936 3669 5556 928 3669 5557 924 3669 5558 924 3670 5559 920 3670 5560 936 3670 5561 936 3671 5562 920 3671 5563 916 3671 5564 908 267 5565 904 267 5566 934 267 5567 934 3672 5568 904 3672 5569 900 3672 5570 934 3673 5571 900 3673 5572 896 3673 5573 896 267 5574 892 267 5575 934 267 5576 934 267 5577 892 267 5578 888 267 5579 880 267 5580 876 267 5581 846 267 5582 846 3674 5583 876 3674 5584 872 3674 5585 846 267 5586 872 267 5587 868 267 5588 868 267 5589 864 267 5590 846 267 5591 856 267 5592 852 267 5593 842 267 5594 842 3675 5595 852 3675 5596 848 3675 5597 842 3676 5598 848 3676 5599 850 3676 5600 850 3677 5601 854 3677 5602 842 3677 5603 842 267 5604 854 267 5605 858 267 5606 842 3678 5607 858 3678 5608 862 3678 5609 870 267 5610 874 267 5611 844 267 5612 844 3679 5613 874 3679 5614 878 3679 5615 844 3680 5616 878 3680 5617 882 3680 5618 882 267 5619 886 267 5620 844 267 5621 844 267 5622 886 267 5623 890 267 5624 898 267 5625 902 267 5626 932 267 5627 932 3681 5628 902 3681 5629 906 3681 5630 932 267 5631 906 267 5632 910 267 5633 910 267 5634 914 267 5635 932 267 5636 922 267 5637 926 267 5638 936 267 5639 1025 3682 5640 1024 3683 5641 1027 3684 5642 1027 3685 5643 1024 3686 5644 1026 3687 5645 1027 3688 5646 1026 3689 5647 1023 3690 5648 1023 3691 5649 1026 3692 5650 1022 3693 5651 1023 3694 5652 1022 3695 5653 1019 3696 5654 1019 3697 5655 1022 3698 5656 1018 3699 5657 1019 3700 5658 1018 3701 5659 1015 3702 5660 1015 3703 5661 1018 3704 5662 1014 3705 5663 1015 3706 5664 1014 3707 5665 1011 3708 5666 1011 3709 5667 1014 3710 5668 1010 3711 5669 1011 3712 5670 1010 3713 5671 1007 3714 5672 1007 3715 5673 1010 3716 5674 1006 3717 5675 1007 3718 5676 1006 3719 5677 1003 3720 5678 1003 3721 5679 1006 3722 5680 1002 3723 5681 1003 3724 5682 1002 3725 5683 999 3726 5684 999 3727 5685 1002 3728 5686 998 3729 5687 999 3730 5688 998 3731 5689 995 3732 5690 995 3733 5691 998 3734 5692 994 3735 5693 995 3736 5694 994 3737 5695 991 3738 5696 991 3739 5697 994 3740 5698 990 3741 5699 991 3742 5700 990 3743 5701 987 3744 5702 987 3745 5703 990 3746 5704 986 3747 5705 987 3748 5706 986 3749 5707 983 3750 5708 983 3751 5709 986 3752 5710 982 3753 5711 983 3754 5712 982 3755 5713 979 3756 5714 979 3757 5715 982 3758 5716 978 3759 5717 979 3760 5718 978 3761 5719 975 3762 5720 975 3763 5721 978 3764 5722 974 3765 5723 975 3766 5724 974 3767 5725 971 3768 5726 971 3769 5727 974 3770 5728 970 3771 5729 971 3772 5730 970 3773 5731 967 3774 5732 967 3775 5733 970 3776 5734 966 3777 5735 967 3778 5736 966 3779 5737 963 3780 5738 963 3781 5739 966 3782 5740 962 3783 5741 963 3784 5742 962 3785 5743 959 3786 5744 959 3787 5745 962 3788 5746 958 3789 5747 959 3790 5748 958 3791 5749 955 3792 5750 955 3793 5751 958 3794 5752 954 3795 5753 955 3796 5754 954 3797 5755 951 3798 5756 951 3799 5757 954 3800 5758 950 3801 5759 951 3802 5760 950 3803 5761 947 3804 5762 947 3805 5763 950 3806 5764 946 3807 5765 947 3808 5766 946 3809 5767 945 3810 5768 945 3811 5769 946 3812 5770 944 3813 5771 945 3814 5772 944 3815 5773 949 3816 5774 949 3817 5775 944 3818 5776 948 3819 5777 949 3820 5778 948 3821 5779 953 3822 5780 953 3823 5781 948 3824 5782 952 3825 5783 953 3826 5784 952 3827 5785 957 3828 5786 957 3829 5787 952 3830 5788 956 3831 5789 957 3832 5790 956 3833 5791 961 3834 5792 961 3835 5793 956 3836 5794 960 3837 5795 961 3838 5796 960 3839 5797 965 3840 5798 965 3841 5799 960 3842 5800 964 3843 5801 965 3844 5802 964 3845 5803 969 3846 5804 969 3847 5805 964 3848 5806 968 3849 5807 969 3850 5808 968 3851 5809 973 3852 5810 973 3853 5811 968 3854 5812 972 3855 5813 973 3856 5814 972 3857 5815 977 3858 5816 977 3859 5817 972 3860 5818 976 3861 5819 977 3862 5820 976 3863 5821 981 3864 5822 981 3865 5823 976 3866 5824 980 3867 5825 981 3868 5826 980 3869 5827 985 3870 5828 985 3871 5829 980 3872 5830 984 3873 5831 985 3874 5832 984 3875 5833 989 3876 5834 989 3877 5835 984 3878 5836 988 3879 5837 989 3880 5838 988 3881 5839 993 3882 5840 993 3883 5841 988 3884 5842 992 3885 5843 993 3886 5844 992 3887 5845 997 3888 5846 997 3889 5847 992 3890 5848 996 3891 5849 997 3892 5850 996 3893 5851 1001 3894 5852 1001 3895 5853 996 3896 5854 1000 3897 5855 1001 3898 5856 1000 3899 5857 1005 3900 5858 1005 3901 5859 1000 3902 5860 1004 3903 5861 1005 3904 5862 1004 3905 5863 1009 3906 5864 1009 3907 5865 1004 3908 5866 1008 3909 5867 1009 3910 5868 1008 3911 5869 1013 3912 5870 1013 3913 5871 1008 3914 5872 1012 3915 5873 1013 3916 5874 1012 3917 5875 1017 3918 5876 1017 3919 5877 1012 3920 5878 1016 3921 5879 1017 3922 5880 1016 3923 5881 1021 3924 5882 1021 3925 5883 1016 3926 5884 1020 3927 5885 1021 3928 5886 1020 3929 5887 1025 3930 5888 1025 3931 5889 1020 3932 5890 1024 3933 5891 1032 3934 5892 1030 3934 5893 1033 3934 5894 1033 3935 5895 1030 3935 5896 1031 3935 5897 1028 3936 5898 1032 3936 5899 1029 3936 5900 1029 3937 5901 1032 3937 5902 1033 3937 5903 940 3938 5904 1028 3938 5905 941 3938 5906 941 3939 5907 1028 3939 5908 1029 3939 5909 938 3940 5910 940 3940 5911 939 3940 5912 939 3941 5913 940 3941 5914 941 3941 5915 942 3942 5916 938 3942 5917 943 3942 5918 943 3943 5919 938 3943 5920 939 3943 5921 1030 3944 5922 942 3944 5923 1031 3944 5924 1031 3945 5925 942 3945 5926 943 3945 5927 943 3946 5928 989 3946 5929 1031 3946 5930 1031 3947 5931 989 3947 5932 993 3947 5933 1031 3948 5934 993 3948 5935 997 3948 5936 939 3949 5937 961 3949 5938 943 3949 5939 943 244 5940 961 244 5941 965 244 5942 943 3950 5943 965 3950 5944 969 3950 5945 941 3951 5946 959 3951 5947 939 3951 5948 939 3952 5949 959 3952 5950 955 3952 5951 939 3953 5952 955 3953 5953 951 3953 5954 1029 244 5955 983 244 5956 941 244 5957 941 3954 5958 983 3954 5959 979 3954 5960 941 3955 5961 979 3955 5962 975 3955 5963 1033 244 5964 1011 244 5965 1029 244 5966 1029 244 5967 1011 244 5968 1007 244 5969 1029 3956 5970 1007 3956 5971 1003 3956 5972 1031 3957 5973 1013 3957 5974 1033 3957 5975 1033 3958 5976 1013 3958 5977 1017 3958 5978 1033 3959 5979 1017 3959 5980 1021 3959 5981 1025 244 5982 1027 244 5983 1033 244 5984 1033 244 5985 1027 244 5986 1023 244 5987 1033 3960 5988 1023 3960 5989 1019 3960 5990 1019 244 5991 1015 244 5992 1033 244 5993 1033 3961 5994 1015 3961 5995 1011 3961 5996 1003 3962 5997 999 3962 5998 1029 3962 5999 1029 244 6000 999 244 6001 995 244 6002 1029 244 6003 995 244 6004 991 244 6005 991 3963 6006 987 3963 6007 1029 3963 6008 1029 3958 6009 987 3958 6010 983 3958 6011 975 244 6012 971 244 6013 941 244 6014 941 3964 6015 971 3964 6016 967 3964 6017 941 3965 6018 967 3965 6019 963 3965 6020 963 244 6021 959 244 6022 941 244 6023 951 3966 6024 947 3966 6025 939 3966 6026 939 244 6027 947 244 6028 945 244 6029 939 244 6030 945 244 6031 949 244 6032 949 244 6033 953 244 6034 939 244 6035 939 3967 6036 953 3967 6037 957 3967 6038 939 3968 6039 957 3968 6040 961 3968 6041 969 3969 6042 973 3969 6043 943 3969 6044 943 244 6045 973 244 6046 977 244 6047 943 244 6048 977 244 6049 981 244 6050 981 3970 6051 985 3970 6052 943 3970 6053 943 3971 6054 985 3971 6055 989 3971 6056 997 244 6057 1001 244 6058 1031 244 6059 1031 3972 6060 1001 3972 6061 1005 3972 6062 1031 3973 6063 1005 3973 6064 1009 3973 6065 1009 244 6066 1013 244 6067 1031 244 6068 1021 244 6069 1025 244 6070 1033 244 6071 1030 3974 6072 984 3974 6073 942 3974 6074 942 3975 6075 984 3975 6076 980 3975 6077 942 3976 6078 980 3976 6079 976 3976 6080 1032 267 6081 1012 267 6082 1030 267 6083 1030 3977 6084 1012 3977 6085 1008 3977 6086 1030 3978 6087 1008 3978 6088 1004 3978 6089 1028 3979 6090 1010 3979 6091 1032 3979 6092 1032 3980 6093 1010 3980 6094 1014 3980 6095 1032 3981 6096 1014 3981 6097 1018 3981 6098 940 3982 6099 986 3982 6100 1028 3982 6101 1028 3983 6102 986 3983 6103 990 3983 6104 1028 3984 6105 990 3984 6106 994 3984 6107 938 267 6108 958 267 6109 940 267 6110 940 3985 6111 958 3985 6112 962 3985 6113 940 3986 6114 962 3986 6115 966 3986 6116 942 267 6117 960 267 6118 938 267 6119 938 3987 6120 960 3987 6121 956 3987 6122 938 3988 6123 956 3988 6124 952 3988 6125 1022 267 6126 1026 267 6127 1032 267 6128 1032 3989 6129 1026 3989 6130 1024 3989 6131 1032 3990 6132 1024 3990 6133 1020 3990 6134 1020 3991 6135 1016 3991 6136 1032 3991 6137 1032 3992 6138 1016 3992 6139 1012 3992 6140 1004 3993 6141 1000 3993 6142 1030 3993 6143 1030 3994 6144 1000 3994 6145 996 3994 6146 1030 3995 6147 996 3995 6148 992 3995 6149 992 267 6150 988 267 6151 1030 267 6152 1030 267 6153 988 267 6154 984 267 6155 976 267 6156 972 267 6157 942 267 6158 942 3996 6159 972 3996 6160 968 3996 6161 942 3997 6162 968 3997 6163 964 3997 6164 964 3998 6165 960 3998 6166 942 3998 6167 952 3999 6168 948 3999 6169 938 3999 6170 938 267 6171 948 267 6172 944 267 6173 938 4000 6174 944 4000 6175 946 4000 6176 946 267 6177 950 267 6178 938 267 6179 938 4001 6180 950 4001 6181 954 4001 6182 938 4002 6183 954 4002 6184 958 4002 6185 966 4003 6186 970 4003 6187 940 4003 6188 940 4004 6189 970 4004 6190 974 4004 6191 940 4005 6192 974 4005 6193 978 4005 6194 978 267 6195 982 267 6196 940 267 6197 940 267 6198 982 267 6199 986 267 6200 994 267 6201 998 267 6202 1028 267 6203 1028 4006 6204 998 4006 6205 1002 4006 6206 1028 4007 6207 1002 4007 6208 1006 4007 6209 1006 3670 6210 1010 3670 6211 1028 3670 6212 1018 4008 6213 1022 4008 6214 1032 4008 6215</p>
        </triangles>
      </mesh>
    </geometry>
  </library_geometries>
  <library_visual_scenes>
    <visual_scene id="Scene" name="Scene">
      <node id="acopleSuctionCupGripperV2" name="acopleSuctionCupGripperV2" type="NODE">
        <matrix sid="transform">1 0 0 0 0 7.54979e-8 -1 0 0 1 7.54979e-8 0 0 0 0 1</matrix>
        <instance_geometry url="#acopleSuctionCupGripperV2-mesh" name="acopleSuctionCupGripperV2">
          <bind_material>
            <technique_common>
              <instance_material symbol="_4_37_248_001-material" target="#_4_37_248_001-material">
                <bind_vertex_input semantic="UVMap" input_semantic="TEXCOORD" input_set="0"/>
              </instance_material>
              <instance_material symbol="_90_188_186_001-material" target="#_90_188_186_001-material">
                <bind_vertex_input semantic="UVMap" input_semantic="TEXCOORD" input_set="0"/>
              </instance_material>
            </technique_common>
          </bind_material>
        </instance_geometry>
      </node>
      <node id="Camera" name="Camera" type="NODE">
        <matrix sid="transform">0.6859207 -0.3240135 0.6515582 7.358891 0.7276763 0.3054208 -0.6141704 -6.925791 0 0.8953956 0.4452714 4.958309 0 0 0 1</matrix>
        <instance_camera url="#Camera-camera"/>
      </node>
      <node id="Light" name="Light" type="NODE">
        <matrix sid="transform">-0.2908646 -0.7711008 0.5663932 4.076245 0.9551712 -0.1998834 0.2183912 1.005454 -0.05518906 0.6045247 0.7946723 5.903862 0 0 0 1</matrix>
        <instance_light url="#Light-light"/>
      </node>
    </visual_scene>
  </library_visual_scenes>
  <scene>
    <instance_visual_scene url="#Scene"/>
  </scene>
</COLLADA>